interactorA_entry	uid1	interactorA_organism	interactorA_length	interactorA_entry.1	interactorB_entry	uid2	interactorB_organism	interactorB_length	interactorB_entry.1	complex_3d	pairwise_identity	pairwise_Similarity	interface	complex_pdb	complex_chain1	complex_chain2	no_pairs	interface_architect
O25119	FLIG_HELPY	Helicobacter pylori (strain ATCC 700392 / 26695) (Campylobacter pylori)	343	O25119	O25118	O25118_HELPY	Helicobacter pylori (strain ATCC 700392 / 26695) (Campylobacter pylori)	567	O25118	1	16.6	29.8	1	5WUJ	B	A	1	1 : 1
O25119	FLIG_HELPY	Helicobacter pylori (strain ATCC 700392 / 26695) (Campylobacter pylori)	343	O25119	O25675	O25675_HELPY	Helicobacter pylori (strain ATCC 700392 / 26695) (Campylobacter pylori)	354	O25675	1	18.2	38.3	0	4FQ0	C	A	1	0 : 0
O25503	SPEE_HELPY	Helicobacter pylori (strain ATCC 700392 / 26695) (Campylobacter pylori)	262	O25503	O25675	O25675_HELPY	Helicobacter pylori (strain ATCC 700392 / 26695) (Campylobacter pylori)	354	O25675	1	13.0	31.3	1	5X0Z	A	E	1	1 : 1
P14916	URE23_HELPY	Helicobacter pylori (strain ATCC 700392 / 26695) (Campylobacter pylori)	238	P14916	P69996	URE1_HELPY	Helicobacter pylori (strain ATCC 700392 / 26695) (Campylobacter pylori)	569	P69996	14	13.3	22.1	2	1A5K	A	C	2	2 : 1
P14916	URE23_HELPY	Helicobacter pylori (strain ATCC 700392 / 26695) (Campylobacter pylori)	238	P14916	Q09065	UREF_HELPY	Helicobacter pylori (strain ATCC 700392 / 26695) (Campylobacter pylori)	254	Q09065	1	10.3	31.9	0	8HC1	A	D	1	0 : 0
P14916	URE23_HELPY	Helicobacter pylori (strain ATCC 700392 / 26695) (Campylobacter pylori)	238	P14916	Q09067	UREH_HELPY	Helicobacter pylori (strain ATCC 700392 / 26695) (Campylobacter pylori)	265	Q09067	1	15.9	30.0	1	8HC1	A	C	1	1 : 1
P69996	URE1_HELPY	Helicobacter pylori (strain ATCC 700392 / 26695) (Campylobacter pylori)	569	P69996	Q09065	UREF_HELPY	Helicobacter pylori (strain ATCC 700392 / 26695) (Campylobacter pylori)	254	Q09065	1	12.5	22.5	0	8HC1	B	D	1	0 : 0
P69996	URE1_HELPY	Helicobacter pylori (strain ATCC 700392 / 26695) (Campylobacter pylori)	569	P69996	Q09067	UREH_HELPY	Helicobacter pylori (strain ATCC 700392 / 26695) (Campylobacter pylori)	265	Q09067	1	12.7	21.8	1	8HC1	B	C	1	1 : 1
O25806	RPOBC_HELPY	Helicobacter pylori (strain ATCC 700392 / 26695) (Campylobacter pylori)	2890	O25806	P55993	RPOD_HELPY	Helicobacter pylori (strain ATCC 700392 / 26695) (Campylobacter pylori)	671	P55993	11	 8.6	13.9	1	3IYD	D	F	1	1 : 1
O25806	RPOBC_HELPY	Helicobacter pylori (strain ATCC 700392 / 26695) (Campylobacter pylori)	2890	O25806	P66328	RS10_HELPY	Helicobacter pylori (strain ATCC 700392 / 26695) (Campylobacter pylori)	104	P66328	1	 1.9	 2.8	0	6GOV	Y	E	1	0 : 0
P56029	RL1_HELPY	Helicobacter pylori (strain ATCC 700392 / 26695) (Campylobacter pylori)	234	P56029	P0A0X4	RS12_HELPY	Helicobacter pylori (strain ATCC 700392 / 26695) (Campylobacter pylori)	135	P0A0X4	3	15.7	26.4	0	4V4V	B2	AL	1	0 : 0
P56029	RL1_HELPY	Helicobacter pylori (strain ATCC 700392 / 26695) (Campylobacter pylori)	234	P56029	P56003	EFTU_HELPY	Helicobacter pylori (strain ATCC 700392 / 26695) (Campylobacter pylori)	399	P56003	1	16.5	28.3	0	5UYK	03	Z	1	0 : 0
P56029	RL1_HELPY	Helicobacter pylori (strain ATCC 700392 / 26695) (Campylobacter pylori)	234	P56029	P55834	RL7_HELPY	Helicobacter pylori (strain ATCC 700392 / 26695) (Campylobacter pylori)	125	P55834	1	15.0	26.9	0	4V4V	B2	B3	1	0 : 0
P56029	RL1_HELPY	Helicobacter pylori (strain ATCC 700392 / 26695) (Campylobacter pylori)	234	P56029	P56002	EFG_HELPY	Helicobacter pylori (strain ATCC 700392 / 26695) (Campylobacter pylori)	692	P56002	1	11.4	18.2	0	2RDO	9	7	1	0 : 0
P56029	RL1_HELPY	Helicobacter pylori (strain ATCC 700392 / 26695) (Campylobacter pylori)	234	P56029	P56009	RS2_HELPY	Helicobacter pylori (strain ATCC 700392 / 26695) (Campylobacter pylori)	264	P56009	1	13.8	32.4	0	7NHK	F	c	1	0 : 0
P56029	RL1_HELPY	Helicobacter pylori (strain ATCC 700392 / 26695) (Campylobacter pylori)	234	P56029	P56010	RS3_HELPY	Helicobacter pylori (strain ATCC 700392 / 26695) (Campylobacter pylori)	234	P56010	3	12.4	34.9	0	4WT8	CA	AC	2	0 : 0
P56029	RL1_HELPY	Helicobacter pylori (strain ATCC 700392 / 26695) (Campylobacter pylori)	234	P56029	P56018	RS11_HELPY	Helicobacter pylori (strain ATCC 700392 / 26695) (Campylobacter pylori)	131	P56018	2	13.7	23.9	0	4V4V	B2	AK	1	0 : 0
P56029	RL1_HELPY	Helicobacter pylori (strain ATCC 700392 / 26695) (Campylobacter pylori)	234	P56029	P56020	RS13_HELPY	Helicobacter pylori (strain ATCC 700392 / 26695) (Campylobacter pylori)	120	P56020	2	15.0	24.8	0	4V4V	B2	AM	1	0 : 0
P56029	RL1_HELPY	Helicobacter pylori (strain ATCC 700392 / 26695) (Campylobacter pylori)	234	P56029	P56021	RS14Z_HELPY	Helicobacter pylori (strain ATCC 700392 / 26695) (Campylobacter pylori)	61	P56021	2	 9.4	13.7	0	4V4V	B2	AN	1	0 : 0
P56029	RL1_HELPY	Helicobacter pylori (strain ATCC 700392 / 26695) (Campylobacter pylori)	234	P56029	P56022	RS15_HELPY	Helicobacter pylori (strain ATCC 700392 / 26695) (Campylobacter pylori)	90	P56022	2	12.3	23.4	0	4V4V	B2	AO	1	0 : 0
P56029	RL1_HELPY	Helicobacter pylori (strain ATCC 700392 / 26695) (Campylobacter pylori)	234	P56029	P56026	RS19_HELPY	Helicobacter pylori (strain ATCC 700392 / 26695) (Campylobacter pylori)	93	P56026	3	11.1	17.1	0	4V4V	B2	AS	1	0 : 0
P56029	RL1_HELPY	Helicobacter pylori (strain ATCC 700392 / 26695) (Campylobacter pylori)	234	P56029	P56030	RL2_HELPY	Helicobacter pylori (strain ATCC 700392 / 26695) (Campylobacter pylori)	276	P56030	6	17.5	33.9	0	2RDO	9	C	1	0 : 0
P56029	RL1_HELPY	Helicobacter pylori (strain ATCC 700392 / 26695) (Campylobacter pylori)	234	P56029	P56033	RL5_HELPY	Helicobacter pylori (strain ATCC 700392 / 26695) (Campylobacter pylori)	181	P56033	3	13.7	31.6	0	3J3V	5	F	1	0 : 0
P56029	RL1_HELPY	Helicobacter pylori (strain ATCC 700392 / 26695) (Campylobacter pylori)	234	P56029	P56038	RL13_HELPY	Helicobacter pylori (strain ATCC 700392 / 26695) (Campylobacter pylori)	141	P56038	3	14.4	24.2	0	2RDO	9	J	1	0 : 0
P56029	RL1_HELPY	Helicobacter pylori (strain ATCC 700392 / 26695) (Campylobacter pylori)	234	P56029	P56039	RL14_HELPY	Helicobacter pylori (strain ATCC 700392 / 26695) (Campylobacter pylori)	122	P56039	4	14.0	27.5	0	2RDO	9	K	1	0 : 0
P56029	RL1_HELPY	Helicobacter pylori (strain ATCC 700392 / 26695) (Campylobacter pylori)	234	P56029	P56041	RL16_HELPY	Helicobacter pylori (strain ATCC 700392 / 26695) (Campylobacter pylori)	141	P56041	5	14.5	24.8	0	4V4V	B2	BK	1	0 : 0
P56029	RL1_HELPY	Helicobacter pylori (strain ATCC 700392 / 26695) (Campylobacter pylori)	234	P56029	P56044	RL19_HELPY	Helicobacter pylori (strain ATCC 700392 / 26695) (Campylobacter pylori)	118	P56044	2	10.6	27.2	0	3J3V	5	P	1	0 : 0
P56029	RL1_HELPY	Helicobacter pylori (strain ATCC 700392 / 26695) (Campylobacter pylori)	234	P56029	P56045	RL20_HELPY	Helicobacter pylori (strain ATCC 700392 / 26695) (Campylobacter pylori)	116	P56045	5	 9.8	19.2	0	3J3V	5	Q	1	0 : 0
P56029	RL1_HELPY	Helicobacter pylori (strain ATCC 700392 / 26695) (Campylobacter pylori)	234	P56029	P56049	RL24_HELPY	Helicobacter pylori (strain ATCC 700392 / 26695) (Campylobacter pylori)	73	P56049	2	11.1	17.1	0	3J3V	5	U	1	0 : 0
P56029	RL1_HELPY	Helicobacter pylori (strain ATCC 700392 / 26695) (Campylobacter pylori)	234	P56029	P56050	RL27_HELPY	Helicobacter pylori (strain ATCC 700392 / 26695) (Campylobacter pylori)	88	P56050	5	11.5	17.9	0	3FIK	5	W	1	0 : 0
P56029	RL1_HELPY	Helicobacter pylori (strain ATCC 700392 / 26695) (Campylobacter pylori)	234	P56029	P56058	RL36_HELPY	Helicobacter pylori (strain ATCC 700392 / 26695) (Campylobacter pylori)	37	P56058	3	 6.0	 9.0	0	4V61	BD	B6	1	0 : 0
P56029	RL1_HELPY	Helicobacter pylori (strain ATCC 700392 / 26695) (Campylobacter pylori)	234	P56029	P66052	RL11_HELPY	Helicobacter pylori (strain ATCC 700392 / 26695) (Campylobacter pylori)	141	P66052	4	17.1	28.6	0	3J3V	5	6	1	0 : 0
P56029	RL1_HELPY	Helicobacter pylori (strain ATCC 700392 / 26695) (Campylobacter pylori)	234	P56029	P66246	RL34_HELPY	Helicobacter pylori (strain ATCC 700392 / 26695) (Campylobacter pylori)	44	P66246	1	 9.0	12.4	0	3J3V	5	2	1	0 : 0
P56029	RL1_HELPY	Helicobacter pylori (strain ATCC 700392 / 26695) (Campylobacter pylori)	234	P56029	P66328	RS10_HELPY	Helicobacter pylori (strain ATCC 700392 / 26695) (Campylobacter pylori)	104	P66328	2	12.4	23.9	0	4V4V	B2	AJ	1	0 : 0
P56029	RL1_HELPY	Helicobacter pylori (strain ATCC 700392 / 26695) (Campylobacter pylori)	234	P56029	P66449	RS17_HELPY	Helicobacter pylori (strain ATCC 700392 / 26695) (Campylobacter pylori)	86	P66449	1	12.8	17.9	0	4V4V	B2	AQ	1	0 : 0
P56029	RL1_HELPY	Helicobacter pylori (strain ATCC 700392 / 26695) (Campylobacter pylori)	234	P56029	P66459	RS18_HELPY	Helicobacter pylori (strain ATCC 700392 / 26695) (Campylobacter pylori)	85	P66459	1	 9.8	18.7	0	7NHK	F	s	1	0 : 0
P56029	RL1_HELPY	Helicobacter pylori (strain ATCC 700392 / 26695) (Campylobacter pylori)	234	P56029	P66572	RS5_HELPY	Helicobacter pylori (strain ATCC 700392 / 26695) (Campylobacter pylori)	147	P66572	3	14.1	27.4	0	4V4V	B2	AE	1	0 : 0
P56029	RL1_HELPY	Helicobacter pylori (strain ATCC 700392 / 26695) (Campylobacter pylori)	234	P56029	P66609	RS7_HELPY	Helicobacter pylori (strain ATCC 700392 / 26695) (Campylobacter pylori)	155	P66609	2	13.7	28.2	0	4V4V	B2	AG	1	0 : 0
P56029	RL1_HELPY	Helicobacter pylori (strain ATCC 700392 / 26695) (Campylobacter pylori)	234	P56029	P66637	RS9_HELPY	Helicobacter pylori (strain ATCC 700392 / 26695) (Campylobacter pylori)	129	P66637	1	15.3	26.7	0	4V4V	B2	AI	1	0 : 0
P56459	SYDND_HELPY	Helicobacter pylori (strain ATCC 700392 / 26695) (Campylobacter pylori)	577	P56459	O25372	GATB_HELPY	Helicobacter pylori (strain ATCC 700392 / 26695) (Campylobacter pylori)	474	O25372	1	17.8	32.5	1	4WJ3	M	B	1	1 : 1
P94846	UVRB_HELPY	Helicobacter pylori (strain ATCC 700392 / 26695) (Campylobacter pylori)	658	P94846	P56474	UVRA_HELPY	Helicobacter pylori (strain ATCC 700392 / 26695) (Campylobacter pylori)	935	P56474	1	16.1	28.4	1	3UWX	B	A	1	1 : 1
Q07911	FLAB_HELPY	Helicobacter pylori (strain ATCC 700392 / 26695) (Campylobacter pylori)	514	Q07911	O25709	O25709_HELPY	Helicobacter pylori (strain ATCC 700392 / 26695) (Campylobacter pylori)	171	O25709	1	 9.1	16.9	0	6LEA	E	C	1	0 : 0
O06913	FRDA_HELPY	Helicobacter pylori (strain ATCC 700392 / 26695) (Campylobacter pylori)	714	O06913	O06914	FRDB_HELPY	Helicobacter pylori (strain ATCC 700392 / 26695) (Campylobacter pylori)	245	O06914	2	10.6	17.4	1	1E7P	A	B	1	1 : 1
O06913	FRDA_HELPY	Helicobacter pylori (strain ATCC 700392 / 26695) (Campylobacter pylori)	714	O06913	O06912	FRDC_HELPY	Helicobacter pylori (strain ATCC 700392 / 26695) (Campylobacter pylori)	255	O06912	3	10.8	17.8	0	1E7P	A	C	1	0 : 0
O06914	FRDB_HELPY	Helicobacter pylori (strain ATCC 700392 / 26695) (Campylobacter pylori)	245	O06914	O06912	FRDC_HELPY	Helicobacter pylori (strain ATCC 700392 / 26695) (Campylobacter pylori)	255	O06912	2	14.1	28.5	1	1E7P	B	C	1	1 : 1
O25225	BIPA_HELPY	Helicobacter pylori (strain ATCC 700392 / 26695) (Campylobacter pylori)	599	O25225	P56020	RS13_HELPY	Helicobacter pylori (strain ATCC 700392 / 26695) (Campylobacter pylori)	120	P56020	1	 6.7	11.0	0	5A9Z	CA	BQ	1	0 : 0
O25225	BIPA_HELPY	Helicobacter pylori (strain ATCC 700392 / 26695) (Campylobacter pylori)	599	O25225	P56030	RL2_HELPY	Helicobacter pylori (strain ATCC 700392 / 26695) (Campylobacter pylori)	276	P56030	1	13.0	22.5	0	5A9Z	CA	AD	1	0 : 0
O25225	BIPA_HELPY	Helicobacter pylori (strain ATCC 700392 / 26695) (Campylobacter pylori)	599	O25225	P56040	RL15_HELPY	Helicobacter pylori (strain ATCC 700392 / 26695) (Campylobacter pylori)	133	P56040	1	 8.2	12.4	0	5A9Z	CA	AM	1	0 : 0
O25225	BIPA_HELPY	Helicobacter pylori (strain ATCC 700392 / 26695) (Campylobacter pylori)	599	O25225	P66052	RL11_HELPY	Helicobacter pylori (strain ATCC 700392 / 26695) (Campylobacter pylori)	141	P66052	1	 7.2	12.1	1	5A9Z	CA	AJ	1	1 : 1
O25851	NUOB_HELPY	Helicobacter pylori (strain ATCC 700392 / 26695) (Campylobacter pylori)	159	O25851	O25890	DNAJ_HELPY	Helicobacter pylori (strain ATCC 700392 / 26695) (Campylobacter pylori)	369	O25890	1	12.5	20.1	0	7TGH	S7	J1	1	0 : 0
O25851	NUOB_HELPY	Helicobacter pylori (strain ATCC 700392 / 26695) (Campylobacter pylori)	159	O25851	O25615	O25615_HELPY	Helicobacter pylori (strain ATCC 700392 / 26695) (Campylobacter pylori)	153	O25615	6	12.4	29.4	0	5GPN	a	Aa	1	0 : 0
O25851	NUOB_HELPY	Helicobacter pylori (strain ATCC 700392 / 26695) (Campylobacter pylori)	159	O25851	O25852	O25852_HELPY	Helicobacter pylori (strain ATCC 700392 / 26695) (Campylobacter pylori)	266	O25852	2	14.7	27.1	1	4WZ7	K	G	1	1 : 1
O25851	NUOB_HELPY	Helicobacter pylori (strain ATCC 700392 / 26695) (Campylobacter pylori)	159	O25851	P56464	ACP_HELPY	Helicobacter pylori (strain ATCC 700392 / 26695) (Campylobacter pylori)	78	P56464	5	 8.1	20.6	0	6GCS	K	Q	2	0 : 0
O25851	NUOB_HELPY	Helicobacter pylori (strain ATCC 700392 / 26695) (Campylobacter pylori)	159	O25851	O25668	O25668_HELPY	Helicobacter pylori (strain ATCC 700392 / 26695) (Campylobacter pylori)	288	O25668	1	12.7	22.0	0	7TGH	S7	J1	1	0 : 0
O25890	DNAJ_HELPY	Helicobacter pylori (strain ATCC 700392 / 26695) (Campylobacter pylori)	369	O25890	P55994	DNAK_HELPY	Helicobacter pylori (strain ATCC 700392 / 26695) (Campylobacter pylori)	620	P55994	1	13.3	27.0	1	5NRO	B	A	1	1 : 1
O25926	CLPX_HELPY	Helicobacter pylori (strain ATCC 700392 / 26695) (Campylobacter pylori)	446	O25926	P56156	CLPP_HELPY	Helicobacter pylori (strain ATCC 700392 / 26695) (Campylobacter pylori)	196	P56156	2	12.1	21.3	1	6VFS	A	H	1	1 : 1
P0A0S1	FLAA_HELPY	Helicobacter pylori (strain ATCC 700392 / 26695) (Campylobacter pylori)	510	P0A0S1	O25709	O25709_HELPY	Helicobacter pylori (strain ATCC 700392 / 26695) (Campylobacter pylori)	171	O25709	1	10.4	18.4	0	6LEA	E	C	1	0 : 0
P0A0X4	RS12_HELPY	Helicobacter pylori (strain ATCC 700392 / 26695) (Campylobacter pylori)	135	P0A0X4	P56003	EFTU_HELPY	Helicobacter pylori (strain ATCC 700392 / 26695) (Campylobacter pylori)	399	P56003	2	10.3	16.5	0	5WDT	l	z	1	0 : 0
P0A0X4	RS12_HELPY	Helicobacter pylori (strain ATCC 700392 / 26695) (Campylobacter pylori)	135	P0A0X4	P55834	RL7_HELPY	Helicobacter pylori (strain ATCC 700392 / 26695) (Campylobacter pylori)	125	P55834	2	16.9	35.3	0	3J9Y	l	7	1	0 : 0
P0A0X4	RS12_HELPY	Helicobacter pylori (strain ATCC 700392 / 26695) (Campylobacter pylori)	135	P0A0X4	P56009	RS2_HELPY	Helicobacter pylori (strain ATCC 700392 / 26695) (Campylobacter pylori)	264	P56009	19	12.5	24.6	0	1FJG	L	B	1	0 : 0
P0A0X4	RS12_HELPY	Helicobacter pylori (strain ATCC 700392 / 26695) (Campylobacter pylori)	135	P0A0X4	P56010	RS3_HELPY	Helicobacter pylori (strain ATCC 700392 / 26695) (Campylobacter pylori)	234	P56010	25	11.5	23.5	0	1FJG	L	C	1	0 : 0
P0A0X4	RS12_HELPY	Helicobacter pylori (strain ATCC 700392 / 26695) (Campylobacter pylori)	135	P0A0X4	P56011	RS4_HELPY	Helicobacter pylori (strain ATCC 700392 / 26695) (Campylobacter pylori)	208	P56011	3	17.2	30.1	0	6SPC	l	d	1	0 : 0
P0A0X4	RS12_HELPY	Helicobacter pylori (strain ATCC 700392 / 26695) (Campylobacter pylori)	135	P0A0X4	P56018	RS11_HELPY	Helicobacter pylori (strain ATCC 700392 / 26695) (Campylobacter pylori)	131	P56018	31	14.9	30.5	0	1FJG	L	K	1	0 : 0
P0A0X4	RS12_HELPY	Helicobacter pylori (strain ATCC 700392 / 26695) (Campylobacter pylori)	135	P0A0X4	P56020	RS13_HELPY	Helicobacter pylori (strain ATCC 700392 / 26695) (Campylobacter pylori)	120	P56020	27	14.8	34.1	0	1FJG	L	M	1	0 : 0
P0A0X4	RS12_HELPY	Helicobacter pylori (strain ATCC 700392 / 26695) (Campylobacter pylori)	135	P0A0X4	P56021	RS14Z_HELPY	Helicobacter pylori (strain ATCC 700392 / 26695) (Campylobacter pylori)	61	P56021	25	13.3	23.0	0	1FJG	L	N	1	0 : 0
P0A0X4	RS12_HELPY	Helicobacter pylori (strain ATCC 700392 / 26695) (Campylobacter pylori)	135	P0A0X4	P56022	RS15_HELPY	Helicobacter pylori (strain ATCC 700392 / 26695) (Campylobacter pylori)	90	P56022	17	16.3	30.4	0	2YKR	L	O	1	0 : 0
P0A0X4	RS12_HELPY	Helicobacter pylori (strain ATCC 700392 / 26695) (Campylobacter pylori)	135	P0A0X4	P56023	RS16_HELPY	Helicobacter pylori (strain ATCC 700392 / 26695) (Campylobacter pylori)	76	P56023	10	17.8	26.7	0	3J9W	AL	AP	1	0 : 0
P0A0X4	RS12_HELPY	Helicobacter pylori (strain ATCC 700392 / 26695) (Campylobacter pylori)	135	P0A0X4	P56026	RS19_HELPY	Helicobacter pylori (strain ATCC 700392 / 26695) (Campylobacter pylori)	93	P56026	35	16.3	31.9	0	1FJG	L	S	1	0 : 0
P0A0X4	RS12_HELPY	Helicobacter pylori (strain ATCC 700392 / 26695) (Campylobacter pylori)	135	P0A0X4	P56030	RL2_HELPY	Helicobacter pylori (strain ATCC 700392 / 26695) (Campylobacter pylori)	276	P56030	15	13.4	23.6	0	1VVJ	QL	RD	1	0 : 0
P0A0X4	RS12_HELPY	Helicobacter pylori (strain ATCC 700392 / 26695) (Campylobacter pylori)	135	P0A0X4	P56031	RL3_HELPY	Helicobacter pylori (strain ATCC 700392 / 26695) (Campylobacter pylori)	191	P56031	1	14.6	27.1	0	5MRC	LL	C	1	0 : 0
P0A0X4	RS12_HELPY	Helicobacter pylori (strain ATCC 700392 / 26695) (Campylobacter pylori)	135	P0A0X4	P56033	RL5_HELPY	Helicobacter pylori (strain ATCC 700392 / 26695) (Campylobacter pylori)	181	P56033	7	18.5	34.8	0	5MYJ	AL	BG	1	0 : 0
P0A0X4	RS12_HELPY	Helicobacter pylori (strain ATCC 700392 / 26695) (Campylobacter pylori)	135	P0A0X4	P56034	RL6_HELPY	Helicobacter pylori (strain ATCC 700392 / 26695) (Campylobacter pylori)	178	P56034	1	19.1	33.1	0	7UNR	l	G	1	0 : 0
P0A0X4	RS12_HELPY	Helicobacter pylori (strain ATCC 700392 / 26695) (Campylobacter pylori)	135	P0A0X4	P56038	RL13_HELPY	Helicobacter pylori (strain ATCC 700392 / 26695) (Campylobacter pylori)	141	P56038	6	18.9	28.7	0	1VVJ	QL	RN	1	0 : 0
P0A0X4	RS12_HELPY	Helicobacter pylori (strain ATCC 700392 / 26695) (Campylobacter pylori)	135	P0A0X4	P56039	RL14_HELPY	Helicobacter pylori (strain ATCC 700392 / 26695) (Campylobacter pylori)	122	P56039	14	14.0	29.4	0	1VVJ	QL	RO	1	0 : 0
P0A0X4	RS12_HELPY	Helicobacter pylori (strain ATCC 700392 / 26695) (Campylobacter pylori)	135	P0A0X4	P56040	RL15_HELPY	Helicobacter pylori (strain ATCC 700392 / 26695) (Campylobacter pylori)	133	P56040	7	20.0	35.0	0	1VVJ	QL	RP	1	0 : 0
P0A0X4	RS12_HELPY	Helicobacter pylori (strain ATCC 700392 / 26695) (Campylobacter pylori)	135	P0A0X4	P56041	RL16_HELPY	Helicobacter pylori (strain ATCC 700392 / 26695) (Campylobacter pylori)	141	P56041	24	15.7	37.9	0	1VVJ	QL	RQ	1	0 : 0
P0A0X4	RS12_HELPY	Helicobacter pylori (strain ATCC 700392 / 26695) (Campylobacter pylori)	135	P0A0X4	P56043	RL18_HELPY	Helicobacter pylori (strain ATCC 700392 / 26695) (Campylobacter pylori)	119	P56043	1	17.1	30.7	0	8FMW	L	AQ	1	0 : 0
P0A0X4	RS12_HELPY	Helicobacter pylori (strain ATCC 700392 / 26695) (Campylobacter pylori)	135	P0A0X4	P56044	RL19_HELPY	Helicobacter pylori (strain ATCC 700392 / 26695) (Campylobacter pylori)	118	P56044	9	15.6	30.4	0	5NJT	L	i	1	0 : 0
P0A0X4	RS12_HELPY	Helicobacter pylori (strain ATCC 700392 / 26695) (Campylobacter pylori)	135	P0A0X4	P56045	RL20_HELPY	Helicobacter pylori (strain ATCC 700392 / 26695) (Campylobacter pylori)	116	P56045	11	18.4	30.1	0	1VVJ	QL	RU	1	0 : 0
P0A0X4	RS12_HELPY	Helicobacter pylori (strain ATCC 700392 / 26695) (Campylobacter pylori)	135	P0A0X4	P56049	RL24_HELPY	Helicobacter pylori (strain ATCC 700392 / 26695) (Campylobacter pylori)	73	P56049	8	16.3	27.4	0	5LI0	l	X	1	0 : 0
P0A0X4	RS12_HELPY	Helicobacter pylori (strain ATCC 700392 / 26695) (Campylobacter pylori)	135	P0A0X4	P56050	RL27_HELPY	Helicobacter pylori (strain ATCC 700392 / 26695) (Campylobacter pylori)	88	P56050	21	14.0	29.4	0	3J9W	AL	BZ	1	0 : 0
P0A0X4	RS12_HELPY	Helicobacter pylori (strain ATCC 700392 / 26695) (Campylobacter pylori)	135	P0A0X4	P56058	RL36_HELPY	Helicobacter pylori (strain ATCC 700392 / 26695) (Campylobacter pylori)	37	P56058	12	10.4	14.8	0	3J9W	AL	B8	1	0 : 0
P0A0X4	RS12_HELPY	Helicobacter pylori (strain ATCC 700392 / 26695) (Campylobacter pylori)	135	P0A0X4	P66052	RL11_HELPY	Helicobacter pylori (strain ATCC 700392 / 26695) (Campylobacter pylori)	141	P66052	7	14.2	26.2	0	1PN7	O	L	1	0 : 0
P0A0X4	RS12_HELPY	Helicobacter pylori (strain ATCC 700392 / 26695) (Campylobacter pylori)	135	P0A0X4	P66142	RL28_HELPY	Helicobacter pylori (strain ATCC 700392 / 26695) (Campylobacter pylori)	62	P66142	1	13.3	21.5	0	6V39	l	W	1	0 : 0
P0A0X4	RS12_HELPY	Helicobacter pylori (strain ATCC 700392 / 26695) (Campylobacter pylori)	135	P0A0X4	P66185	RL31_HELPY	Helicobacter pylori (strain ATCC 700392 / 26695) (Campylobacter pylori)	67	P66185	3	14.1	20.7	0	1VVJ	QL	R4	1	0 : 0
P0A0X4	RS12_HELPY	Helicobacter pylori (strain ATCC 700392 / 26695) (Campylobacter pylori)	135	P0A0X4	P66217	RL33_HELPY	Helicobacter pylori (strain ATCC 700392 / 26695) (Campylobacter pylori)	52	P66217	7	15.6	21.5	0	5LI0	l	5	1	0 : 0
P0A0X4	RS12_HELPY	Helicobacter pylori (strain ATCC 700392 / 26695) (Campylobacter pylori)	135	P0A0X4	P66246	RL34_HELPY	Helicobacter pylori (strain ATCC 700392 / 26695) (Campylobacter pylori)	44	P66246	15	11.9	15.6	0	1VVJ	QL	R7	1	0 : 0
P0A0X4	RS12_HELPY	Helicobacter pylori (strain ATCC 700392 / 26695) (Campylobacter pylori)	135	P0A0X4	P66269	RL35_HELPY	Helicobacter pylori (strain ATCC 700392 / 26695) (Campylobacter pylori)	64	P66269	3	13.3	23.0	0	6V39	l	2	1	0 : 0
P0A0X4	RS12_HELPY	Helicobacter pylori (strain ATCC 700392 / 26695) (Campylobacter pylori)	135	P0A0X4	P66328	RS10_HELPY	Helicobacter pylori (strain ATCC 700392 / 26695) (Campylobacter pylori)	104	P66328	31	15.6	29.6	0	1FJG	L	J	1	0 : 0
P0A0X4	RS12_HELPY	Helicobacter pylori (strain ATCC 700392 / 26695) (Campylobacter pylori)	135	P0A0X4	P66449	RS17_HELPY	Helicobacter pylori (strain ATCC 700392 / 26695) (Campylobacter pylori)	86	P66449	10	16.3	28.9	1	2YKR	L	Q	1	1 : 1
P0A0X4	RS12_HELPY	Helicobacter pylori (strain ATCC 700392 / 26695) (Campylobacter pylori)	135	P0A0X4	P66459	RS18_HELPY	Helicobacter pylori (strain ATCC 700392 / 26695) (Campylobacter pylori)	85	P66459	20	16.3	30.4	0	2YKR	L	R	1	0 : 0
P0A0X4	RS12_HELPY	Helicobacter pylori (strain ATCC 700392 / 26695) (Campylobacter pylori)	135	P0A0X4	P66572	RS5_HELPY	Helicobacter pylori (strain ATCC 700392 / 26695) (Campylobacter pylori)	147	P66572	32	19.3	32.0	0	1FJG	L	E	1	0 : 0
P0A0X4	RS12_HELPY	Helicobacter pylori (strain ATCC 700392 / 26695) (Campylobacter pylori)	135	P0A0X4	P66609	RS7_HELPY	Helicobacter pylori (strain ATCC 700392 / 26695) (Campylobacter pylori)	155	P66609	28	14.4	31.9	0	1FJG	L	G	1	0 : 0
P0A0X4	RS12_HELPY	Helicobacter pylori (strain ATCC 700392 / 26695) (Campylobacter pylori)	135	P0A0X4	P66637	RS9_HELPY	Helicobacter pylori (strain ATCC 700392 / 26695) (Campylobacter pylori)	129	P66637	6	19.4	36.0	0	2YKR	L	I	1	0 : 0
P48370	GYRA_HELPY	Helicobacter pylori (strain ATCC 700392 / 26695) (Campylobacter pylori)	827	P48370	P55992	GYRB_HELPY	Helicobacter pylori (strain ATCC 700392 / 26695) (Campylobacter pylori)	773	P55992	11	16.9	35.5	1	4Z2C	A	C	1	1 : 1
P55987	ATPA_HELPY	Helicobacter pylori (strain ATCC 700392 / 26695) (Campylobacter pylori)	503	P55987	P55988	ATPB_HELPY	Helicobacter pylori (strain ATCC 700392 / 26695) (Campylobacter pylori)	469	P55988	40	23.3	44.0	1	1BMF	A	D	1	1 : 1
P56003	EFTU_HELPY	Helicobacter pylori (strain ATCC 700392 / 26695) (Campylobacter pylori)	399	P56003	P55975	EFTS_HELPY	Helicobacter pylori (strain ATCC 700392 / 26695) (Campylobacter pylori)	355	P55975	1	16.7	33.4	1	1AIP	A	C	1	1 : 1
P56003	EFTU_HELPY	Helicobacter pylori (strain ATCC 700392 / 26695) (Campylobacter pylori)	399	P56003	P56010	RS3_HELPY	Helicobacter pylori (strain ATCC 700392 / 26695) (Campylobacter pylori)	234	P56010	1	13.2	26.0	0	8RD8	H	CT	1	0 : 0
P56003	EFTU_HELPY	Helicobacter pylori (strain ATCC 700392 / 26695) (Campylobacter pylori)	399	P56003	P56018	RS11_HELPY	Helicobacter pylori (strain ATCC 700392 / 26695) (Campylobacter pylori)	131	P56018	1	11.5	16.8	0	8RD8	H	KU	1	0 : 0
P56003	EFTU_HELPY	Helicobacter pylori (strain ATCC 700392 / 26695) (Campylobacter pylori)	399	P56003	P56020	RS13_HELPY	Helicobacter pylori (strain ATCC 700392 / 26695) (Campylobacter pylori)	120	P56020	1	 9.3	15.3	0	8RD8	H	MM	1	0 : 0
P56003	EFTU_HELPY	Helicobacter pylori (strain ATCC 700392 / 26695) (Campylobacter pylori)	399	P56003	P56021	RS14Z_HELPY	Helicobacter pylori (strain ATCC 700392 / 26695) (Campylobacter pylori)	61	P56021	1	 6.3	 7.8	0	8RD8	H	HK	1	0 : 0
P56003	EFTU_HELPY	Helicobacter pylori (strain ATCC 700392 / 26695) (Campylobacter pylori)	399	P56003	P56026	RS19_HELPY	Helicobacter pylori (strain ATCC 700392 / 26695) (Campylobacter pylori)	93	P56026	1	 6.5	12.5	0	8RD8	H	SP	1	0 : 0
P56003	EFTU_HELPY	Helicobacter pylori (strain ATCC 700392 / 26695) (Campylobacter pylori)	399	P56003	P56030	RL2_HELPY	Helicobacter pylori (strain ATCC 700392 / 26695) (Campylobacter pylori)	276	P56030	1	16.5	30.4	0	8RD8	H	Cl	1	0 : 0
P56003	EFTU_HELPY	Helicobacter pylori (strain ATCC 700392 / 26695) (Campylobacter pylori)	399	P56003	P56038	RL13_HELPY	Helicobacter pylori (strain ATCC 700392 / 26695) (Campylobacter pylori)	141	P56038	2	 8.8	19.0	0	5WDT	z	J	1	0 : 0
P56003	EFTU_HELPY	Helicobacter pylori (strain ATCC 700392 / 26695) (Campylobacter pylori)	399	P56003	P56039	RL14_HELPY	Helicobacter pylori (strain ATCC 700392 / 26695) (Campylobacter pylori)	122	P56039	1	 9.8	15.3	0	8RD8	H	Je	1	0 : 0
P56003	EFTU_HELPY	Helicobacter pylori (strain ATCC 700392 / 26695) (Campylobacter pylori)	399	P56003	P56040	RL15_HELPY	Helicobacter pylori (strain ATCC 700392 / 26695) (Campylobacter pylori)	133	P56040	1	10.3	16.8	0	8RD8	H	Kd	1	0 : 0
P56003	EFTU_HELPY	Helicobacter pylori (strain ATCC 700392 / 26695) (Campylobacter pylori)	399	P56003	P56041	RL16_HELPY	Helicobacter pylori (strain ATCC 700392 / 26695) (Campylobacter pylori)	141	P56041	1	11.0	16.5	0	8RD8	H	Lg	1	0 : 0
P56003	EFTU_HELPY	Helicobacter pylori (strain ATCC 700392 / 26695) (Campylobacter pylori)	399	P56003	P56045	RL20_HELPY	Helicobacter pylori (strain ATCC 700392 / 26695) (Campylobacter pylori)	116	P56045	1	 8.0	12.5	0	5WDT	z	Q	1	0 : 0
P56003	EFTU_HELPY	Helicobacter pylori (strain ATCC 700392 / 26695) (Campylobacter pylori)	399	P56003	P56050	RL27_HELPY	Helicobacter pylori (strain ATCC 700392 / 26695) (Campylobacter pylori)	88	P56050	2	 9.3	13.0	0	5WDT	z	W	1	0 : 0
P56003	EFTU_HELPY	Helicobacter pylori (strain ATCC 700392 / 26695) (Campylobacter pylori)	399	P56003	P56058	RL36_HELPY	Helicobacter pylori (strain ATCC 700392 / 26695) (Campylobacter pylori)	37	P56058	1	 4.0	 6.5	0	8RD8	H	ep	1	0 : 0
P56003	EFTU_HELPY	Helicobacter pylori (strain ATCC 700392 / 26695) (Campylobacter pylori)	399	P56003	P66052	RL11_HELPY	Helicobacter pylori (strain ATCC 700392 / 26695) (Campylobacter pylori)	141	P66052	1	10.8	17.8	0	1MJ1	A	L	1	0 : 0
P56003	EFTU_HELPY	Helicobacter pylori (strain ATCC 700392 / 26695) (Campylobacter pylori)	399	P56003	P66246	RL34_HELPY	Helicobacter pylori (strain ATCC 700392 / 26695) (Campylobacter pylori)	44	P66246	2	 4.5	 6.5	0	5WDT	z	2	1	0 : 0
P56003	EFTU_HELPY	Helicobacter pylori (strain ATCC 700392 / 26695) (Campylobacter pylori)	399	P56003	P66269	RL35_HELPY	Helicobacter pylori (strain ATCC 700392 / 26695) (Campylobacter pylori)	64	P66269	1	 5.3	 8.3	0	8RD8	H	dh	1	0 : 0
P56003	EFTU_HELPY	Helicobacter pylori (strain ATCC 700392 / 26695) (Campylobacter pylori)	399	P56003	P66328	RS10_HELPY	Helicobacter pylori (strain ATCC 700392 / 26695) (Campylobacter pylori)	104	P66328	1	 9.0	15.0	0	8RD8	H	JY	1	0 : 0
P56003	EFTU_HELPY	Helicobacter pylori (strain ATCC 700392 / 26695) (Campylobacter pylori)	399	P56003	P66572	RS5_HELPY	Helicobacter pylori (strain ATCC 700392 / 26695) (Campylobacter pylori)	147	P66572	1	11.0	18.0	0	8RD8	H	E5	1	0 : 0
P56003	EFTU_HELPY	Helicobacter pylori (strain ATCC 700392 / 26695) (Campylobacter pylori)	399	P56003	P66609	RS7_HELPY	Helicobacter pylori (strain ATCC 700392 / 26695) (Campylobacter pylori)	155	P66609	1	11.3	19.3	0	8RD8	H	GS	1	0 : 0
P56007	SCOB_HELPY	Helicobacter pylori (strain ATCC 700392 / 26695) (Campylobacter pylori)	207	P56007	P56006	SCOA_HELPY	Helicobacter pylori (strain ATCC 700392 / 26695) (Campylobacter pylori)	232	P56006	2	14.4	33.1	1	3CDK	B	A	1	1 : 1
P56156	CLPP_HELPY	Helicobacter pylori (strain ATCC 700392 / 26695) (Campylobacter pylori)	196	P56156	O24875	O24875_HELPY	Helicobacter pylori (strain ATCC 700392 / 26695) (Campylobacter pylori)	741	O24875	1	 9.2	14.3	0	8XON	A	O	1	0 : 0
P56422	MOAE_HELPY	Helicobacter pylori (strain ATCC 700392 / 26695) (Campylobacter pylori)	145	P56422	O25482	O25482_HELPY	Helicobacter pylori (strain ATCC 700392 / 26695) (Campylobacter pylori)	74	O25482	1	15.2	29.0	1	3RPF	A	C	1	1 : 1
P56466	RHO_HELPY	Helicobacter pylori (strain ATCC 700392 / 26695) (Campylobacter pylori)	438	P56466	P55976	NUSG_HELPY	Helicobacter pylori (strain ATCC 700392 / 26695) (Campylobacter pylori)	176	P55976	1	11.0	21.0	1	6DUQ	A	M	1	1 : 1
P71404	CLPB_HELPY	Helicobacter pylori (strain ATCC 700392 / 26695) (Campylobacter pylori)	856	P71404	O24875	O24875_HELPY	Helicobacter pylori (strain ATCC 700392 / 26695) (Campylobacter pylori)	741	O24875	1	32.9	50.8	0	6EMW	B	E	1	0 : 0
P97245	CAGT_HELPY	Helicobacter pylori (strain ATCC 700392 / 26695) (Campylobacter pylori)	280	P97245	O25258	O25258_HELPY	Helicobacter pylori (strain ATCC 700392 / 26695) (Campylobacter pylori)	481	O25258	1	16.8	28.2	1	8YNX	B	A	1	1 : 1
Q09065	UREF_HELPY	Helicobacter pylori (strain ATCC 700392 / 26695) (Campylobacter pylori)	254	Q09065	Q09067	UREH_HELPY	Helicobacter pylori (strain ATCC 700392 / 26695) (Campylobacter pylori)	265	Q09067	1	15.0	31.1	1	8HC1	D	C	1	1 : 1
O25306	O25306_HELPY	Helicobacter pylori (strain ATCC 700392 / 26695) (Campylobacter pylori)	123	O25306	O25674	O25674_HELPY	Helicobacter pylori (strain ATCC 700392 / 26695) (Campylobacter pylori)	287	O25674	1	12.1	24.6	1	5XRW	A	C	1	1 : 1
O25394	O25394_HELPY	Helicobacter pylori (strain ATCC 700392 / 26695) (Campylobacter pylori)	153	O25394	P0A0S3	FLIQ_HELPY	Helicobacter pylori (strain ATCC 700392 / 26695) (Campylobacter pylori)	88	P0A0S3	1	16.1	31.0	1	6F2D	A	G	1	1 : 1
O25615	O25615_HELPY	Helicobacter pylori (strain ATCC 700392 / 26695) (Campylobacter pylori)	153	O25615	O25928	FABZ_HELPY	Helicobacter pylori (strain ATCC 700392 / 26695) (Campylobacter pylori)	159	O25928	1	13.4	32.3	1	6IHC	G	A	1	1 : 1
O25928	FABZ_HELPY	Helicobacter pylori (strain ATCC 700392 / 26695) (Campylobacter pylori)	159	O25928	P56464	ACP_HELPY	Helicobacter pylori (strain ATCC 700392 / 26695) (Campylobacter pylori)	78	P56464	1	12.6	22.6	1	6IHC	A	G	1	1 : 1
O25990	O25990_HELPY	Helicobacter pylori (strain ATCC 700392 / 26695) (Campylobacter pylori)	264	O25990	G5EB02	G5EB02_HELPY	Helicobacter pylori (strain ATCC 700392 / 26695) (Campylobacter pylori)	330	G5EB02	1	13.3	31.4	1	2PT7	G	A	1	1 : 1
P55834	RL7_HELPY	Helicobacter pylori (strain ATCC 700392 / 26695) (Campylobacter pylori)	125	P55834	P56002	EFG_HELPY	Helicobacter pylori (strain ATCC 700392 / 26695) (Campylobacter pylori)	692	P56002	1	 8.2	10.7	1	4V9J	Be	AY	1	1 : 1
P55834	RL7_HELPY	Helicobacter pylori (strain ATCC 700392 / 26695) (Campylobacter pylori)	125	P55834	P56010	RS3_HELPY	Helicobacter pylori (strain ATCC 700392 / 26695) (Campylobacter pylori)	234	P56010	1	14.5	25.2	0	3J9Y	7	c	1	0 : 0
P55834	RL7_HELPY	Helicobacter pylori (strain ATCC 700392 / 26695) (Campylobacter pylori)	125	P55834	P56018	RS11_HELPY	Helicobacter pylori (strain ATCC 700392 / 26695) (Campylobacter pylori)	131	P56018	2	12.8	29.3	0	3J9Y	7	k	1	0 : 0
P55834	RL7_HELPY	Helicobacter pylori (strain ATCC 700392 / 26695) (Campylobacter pylori)	125	P55834	P56020	RS13_HELPY	Helicobacter pylori (strain ATCC 700392 / 26695) (Campylobacter pylori)	120	P56020	1	18.9	39.4	0	4V4V	B3	AM	1	0 : 0
P55834	RL7_HELPY	Helicobacter pylori (strain ATCC 700392 / 26695) (Campylobacter pylori)	125	P55834	P56021	RS14Z_HELPY	Helicobacter pylori (strain ATCC 700392 / 26695) (Campylobacter pylori)	61	P56021	2	13.5	22.2	0	3J9Y	7	n	1	0 : 0
P55834	RL7_HELPY	Helicobacter pylori (strain ATCC 700392 / 26695) (Campylobacter pylori)	125	P55834	P56022	RS15_HELPY	Helicobacter pylori (strain ATCC 700392 / 26695) (Campylobacter pylori)	90	P56022	1	17.6	33.6	0	4V4V	B3	AO	1	0 : 0
P55834	RL7_HELPY	Helicobacter pylori (strain ATCC 700392 / 26695) (Campylobacter pylori)	125	P55834	P56026	RS19_HELPY	Helicobacter pylori (strain ATCC 700392 / 26695) (Campylobacter pylori)	93	P56026	2	17.6	30.4	0	3J9Y	7	s	1	0 : 0
P55834	RL7_HELPY	Helicobacter pylori (strain ATCC 700392 / 26695) (Campylobacter pylori)	125	P55834	P56030	RL2_HELPY	Helicobacter pylori (strain ATCC 700392 / 26695) (Campylobacter pylori)	276	P56030	1	12.7	22.8	0	4V4V	B3	BA	1	0 : 0
P55834	RL7_HELPY	Helicobacter pylori (strain ATCC 700392 / 26695) (Campylobacter pylori)	125	P55834	P56039	RL14_HELPY	Helicobacter pylori (strain ATCC 700392 / 26695) (Campylobacter pylori)	122	P56039	1	13.4	33.1	0	4V4V	B3	BI	1	0 : 0
P55834	RL7_HELPY	Helicobacter pylori (strain ATCC 700392 / 26695) (Campylobacter pylori)	125	P55834	P56041	RL16_HELPY	Helicobacter pylori (strain ATCC 700392 / 26695) (Campylobacter pylori)	141	P56041	1	14.7	27.3	0	4V4V	B3	BK	1	0 : 0
P55834	RL7_HELPY	Helicobacter pylori (strain ATCC 700392 / 26695) (Campylobacter pylori)	125	P55834	P56044	RL19_HELPY	Helicobacter pylori (strain ATCC 700392 / 26695) (Campylobacter pylori)	118	P56044	1	13.8	34.6	0	3J7Z	6	P	1	0 : 0
P55834	RL7_HELPY	Helicobacter pylori (strain ATCC 700392 / 26695) (Campylobacter pylori)	125	P55834	P56045	RL20_HELPY	Helicobacter pylori (strain ATCC 700392 / 26695) (Campylobacter pylori)	116	P56045	2	14.4	30.4	0	3J7Z	6	Q	1	0 : 0
P55834	RL7_HELPY	Helicobacter pylori (strain ATCC 700392 / 26695) (Campylobacter pylori)	125	P55834	P56050	RL27_HELPY	Helicobacter pylori (strain ATCC 700392 / 26695) (Campylobacter pylori)	88	P56050	1	23.2	35.2	0	3J7Z	6	W	1	0 : 0
P55834	RL7_HELPY	Helicobacter pylori (strain ATCC 700392 / 26695) (Campylobacter pylori)	125	P55834	P66052	RL11_HELPY	Helicobacter pylori (strain ATCC 700392 / 26695) (Campylobacter pylori)	141	P66052	4	14.0	30.8	1	2BCW	B	A	1	1 : 1
P55834	RL7_HELPY	Helicobacter pylori (strain ATCC 700392 / 26695) (Campylobacter pylori)	125	P55834	P66217	RL33_HELPY	Helicobacter pylori (strain ATCC 700392 / 26695) (Campylobacter pylori)	52	P66217	1	13.6	20.0	0	3J7Z	6	1	1	0 : 0
P55834	RL7_HELPY	Helicobacter pylori (strain ATCC 700392 / 26695) (Campylobacter pylori)	125	P55834	P66328	RS10_HELPY	Helicobacter pylori (strain ATCC 700392 / 26695) (Campylobacter pylori)	104	P66328	2	15.5	30.2	0	3J9Y	7	j	1	0 : 0
P55834	RL7_HELPY	Helicobacter pylori (strain ATCC 700392 / 26695) (Campylobacter pylori)	125	P55834	P66449	RS17_HELPY	Helicobacter pylori (strain ATCC 700392 / 26695) (Campylobacter pylori)	86	P66449	2	16.8	31.2	0	3J9Y	7	q	1	0 : 0
P55834	RL7_HELPY	Helicobacter pylori (strain ATCC 700392 / 26695) (Campylobacter pylori)	125	P55834	P66572	RS5_HELPY	Helicobacter pylori (strain ATCC 700392 / 26695) (Campylobacter pylori)	147	P66572	2	15.9	37.1	0	3J9Y	7	e	1	0 : 0
P55834	RL7_HELPY	Helicobacter pylori (strain ATCC 700392 / 26695) (Campylobacter pylori)	125	P55834	P66609	RS7_HELPY	Helicobacter pylori (strain ATCC 700392 / 26695) (Campylobacter pylori)	155	P66609	2	18.9	35.8	0	3J9Y	7	g	1	0 : 0
P55834	RL7_HELPY	Helicobacter pylori (strain ATCC 700392 / 26695) (Campylobacter pylori)	125	P55834	P66637	RS9_HELPY	Helicobacter pylori (strain ATCC 700392 / 26695) (Campylobacter pylori)	129	P66637	2	14.6	29.9	0	3J9Y	7	i	1	0 : 0
P56002	EFG_HELPY	Helicobacter pylori (strain ATCC 700392 / 26695) (Campylobacter pylori)	692	P56002	P56010	RS3_HELPY	Helicobacter pylori (strain ATCC 700392 / 26695) (Campylobacter pylori)	234	P56010	1	11.5	19.9	0	3J9Z	S1	SC	1	0 : 0
P56002	EFG_HELPY	Helicobacter pylori (strain ATCC 700392 / 26695) (Campylobacter pylori)	692	P56002	P56018	RS11_HELPY	Helicobacter pylori (strain ATCC 700392 / 26695) (Campylobacter pylori)	131	P56018	1	 6.5	11.4	0	3J9Z	S1	SK	1	0 : 0
P56002	EFG_HELPY	Helicobacter pylori (strain ATCC 700392 / 26695) (Campylobacter pylori)	692	P56002	P56020	RS13_HELPY	Helicobacter pylori (strain ATCC 700392 / 26695) (Campylobacter pylori)	120	P56020	2	 6.5	10.1	0	3J9Z	S1	SM	1	0 : 0
P56002	EFG_HELPY	Helicobacter pylori (strain ATCC 700392 / 26695) (Campylobacter pylori)	692	P56002	P56026	RS19_HELPY	Helicobacter pylori (strain ATCC 700392 / 26695) (Campylobacter pylori)	93	P56026	1	 5.1	 7.8	0	3J9Z	S1	SS	1	0 : 0
P56002	EFG_HELPY	Helicobacter pylori (strain ATCC 700392 / 26695) (Campylobacter pylori)	692	P56002	P56030	RL2_HELPY	Helicobacter pylori (strain ATCC 700392 / 26695) (Campylobacter pylori)	276	P56030	1	12.2	19.9	0	2RDO	7	C	1	0 : 0
P56002	EFG_HELPY	Helicobacter pylori (strain ATCC 700392 / 26695) (Campylobacter pylori)	692	P56002	P56038	RL13_HELPY	Helicobacter pylori (strain ATCC 700392 / 26695) (Campylobacter pylori)	141	P56038	1	 7.4	12.0	0	2RDO	7	J	1	0 : 0
P56002	EFG_HELPY	Helicobacter pylori (strain ATCC 700392 / 26695) (Campylobacter pylori)	692	P56002	P56039	RL14_HELPY	Helicobacter pylori (strain ATCC 700392 / 26695) (Campylobacter pylori)	122	P56039	1	 6.1	11.1	1	2RDO	7	K	1	1 : 1
P56002	EFG_HELPY	Helicobacter pylori (strain ATCC 700392 / 26695) (Campylobacter pylori)	692	P56002	P66052	RL11_HELPY	Helicobacter pylori (strain ATCC 700392 / 26695) (Campylobacter pylori)	141	P66052	1	 7.5	12.7	1	4V9J	AY	BK	1	1 : 1
P56002	EFG_HELPY	Helicobacter pylori (strain ATCC 700392 / 26695) (Campylobacter pylori)	692	P56002	P66449	RS17_HELPY	Helicobacter pylori (strain ATCC 700392 / 26695) (Campylobacter pylori)	86	P66449	1	 5.3	 7.4	0	3J9Z	S1	SQ	1	0 : 0
P56002	EFG_HELPY	Helicobacter pylori (strain ATCC 700392 / 26695) (Campylobacter pylori)	692	P56002	P66572	RS5_HELPY	Helicobacter pylori (strain ATCC 700392 / 26695) (Campylobacter pylori)	147	P66572	1	 7.4	12.0	0	3J9Z	S1	SE	1	0 : 0
P56002	EFG_HELPY	Helicobacter pylori (strain ATCC 700392 / 26695) (Campylobacter pylori)	692	P56002	P66609	RS7_HELPY	Helicobacter pylori (strain ATCC 700392 / 26695) (Campylobacter pylori)	155	P66609	2	 7.9	12.6	0	3J9Z	S1	SG	1	0 : 0
P56002	EFG_HELPY	Helicobacter pylori (strain ATCC 700392 / 26695) (Campylobacter pylori)	692	P56002	P66637	RS9_HELPY	Helicobacter pylori (strain ATCC 700392 / 26695) (Campylobacter pylori)	129	P66637	1	 7.8	11.6	0	3J9Z	S1	SI	1	0 : 0
P56009	RS2_HELPY	Helicobacter pylori (strain ATCC 700392 / 26695) (Campylobacter pylori)	264	P56009	P56010	RS3_HELPY	Helicobacter pylori (strain ATCC 700392 / 26695) (Campylobacter pylori)	234	P56010	15	17.2	34.7	0	1FJG	B	C	1	0 : 0
P56009	RS2_HELPY	Helicobacter pylori (strain ATCC 700392 / 26695) (Campylobacter pylori)	264	P56009	P56011	RS4_HELPY	Helicobacter pylori (strain ATCC 700392 / 26695) (Campylobacter pylori)	208	P56011	2	13.9	30.1	0	6SPC	b	d	1	0 : 0
P56009	RS2_HELPY	Helicobacter pylori (strain ATCC 700392 / 26695) (Campylobacter pylori)	264	P56009	P56018	RS11_HELPY	Helicobacter pylori (strain ATCC 700392 / 26695) (Campylobacter pylori)	131	P56018	17	13.3	24.2	0	1FJG	B	K	1	0 : 0
P56009	RS2_HELPY	Helicobacter pylori (strain ATCC 700392 / 26695) (Campylobacter pylori)	264	P56009	P56020	RS13_HELPY	Helicobacter pylori (strain ATCC 700392 / 26695) (Campylobacter pylori)	120	P56020	15	11.4	23.9	0	1FJG	B	M	1	0 : 0
P56009	RS2_HELPY	Helicobacter pylori (strain ATCC 700392 / 26695) (Campylobacter pylori)	264	P56009	P56021	RS14Z_HELPY	Helicobacter pylori (strain ATCC 700392 / 26695) (Campylobacter pylori)	61	P56021	11	 6.1	10.6	0	1FJG	B	N	1	0 : 0
P56009	RS2_HELPY	Helicobacter pylori (strain ATCC 700392 / 26695) (Campylobacter pylori)	264	P56009	P56022	RS15_HELPY	Helicobacter pylori (strain ATCC 700392 / 26695) (Campylobacter pylori)	90	P56022	8	 8.3	18.6	0	3J9W	AB	AO	1	0 : 0
P56009	RS2_HELPY	Helicobacter pylori (strain ATCC 700392 / 26695) (Campylobacter pylori)	264	P56009	P56023	RS16_HELPY	Helicobacter pylori (strain ATCC 700392 / 26695) (Campylobacter pylori)	76	P56023	9	 8.7	15.5	0	3J9W	AB	AP	1	0 : 0
P56009	RS2_HELPY	Helicobacter pylori (strain ATCC 700392 / 26695) (Campylobacter pylori)	264	P56009	P56026	RS19_HELPY	Helicobacter pylori (strain ATCC 700392 / 26695) (Campylobacter pylori)	93	P56026	20	10.9	20.4	0	1FJG	B	S	1	0 : 0
P56009	RS2_HELPY	Helicobacter pylori (strain ATCC 700392 / 26695) (Campylobacter pylori)	264	P56009	P56030	RL2_HELPY	Helicobacter pylori (strain ATCC 700392 / 26695) (Campylobacter pylori)	276	P56030	8	12.2	26.8	0	5LI0	b	D	1	0 : 0
P56009	RS2_HELPY	Helicobacter pylori (strain ATCC 700392 / 26695) (Campylobacter pylori)	264	P56009	P56033	RL5_HELPY	Helicobacter pylori (strain ATCC 700392 / 26695) (Campylobacter pylori)	181	P56033	4	12.5	28.8	0	5MYJ	AB	BG	1	0 : 0
P56009	RS2_HELPY	Helicobacter pylori (strain ATCC 700392 / 26695) (Campylobacter pylori)	264	P56009	P56035	RL9_HELPY	Helicobacter pylori (strain ATCC 700392 / 26695) (Campylobacter pylori)	149	P56035	1	15.2	25.0	0	6GZQ	B2	H1	1	0 : 0
P56009	RS2_HELPY	Helicobacter pylori (strain ATCC 700392 / 26695) (Campylobacter pylori)	264	P56009	P56038	RL13_HELPY	Helicobacter pylori (strain ATCC 700392 / 26695) (Campylobacter pylori)	141	P56038	2	14.0	25.0	0	5NJT	B	c	1	0 : 0
P56009	RS2_HELPY	Helicobacter pylori (strain ATCC 700392 / 26695) (Campylobacter pylori)	264	P56009	P56039	RL14_HELPY	Helicobacter pylori (strain ATCC 700392 / 26695) (Campylobacter pylori)	122	P56039	3	11.7	24.6	0	5MYJ	AB	BN	1	0 : 0
P56009	RS2_HELPY	Helicobacter pylori (strain ATCC 700392 / 26695) (Campylobacter pylori)	264	P56009	P56040	RL15_HELPY	Helicobacter pylori (strain ATCC 700392 / 26695) (Campylobacter pylori)	133	P56040	3	14.8	25.0	0	4ZER	1b	1P	1	0 : 0
P56009	RS2_HELPY	Helicobacter pylori (strain ATCC 700392 / 26695) (Campylobacter pylori)	264	P56009	P56041	RL16_HELPY	Helicobacter pylori (strain ATCC 700392 / 26695) (Campylobacter pylori)	141	P56041	10	11.3	24.9	0	3J9W	AB	BP	1	0 : 0
P56009	RS2_HELPY	Helicobacter pylori (strain ATCC 700392 / 26695) (Campylobacter pylori)	264	P56009	P56044	RL19_HELPY	Helicobacter pylori (strain ATCC 700392 / 26695) (Campylobacter pylori)	118	P56044	6	10.2	23.5	0	5NJT	B	i	1	0 : 0
P56009	RS2_HELPY	Helicobacter pylori (strain ATCC 700392 / 26695) (Campylobacter pylori)	264	P56009	P56045	RL20_HELPY	Helicobacter pylori (strain ATCC 700392 / 26695) (Campylobacter pylori)	116	P56045	5	14.8	25.4	0	4ZER	1b	1U	1	0 : 0
P56009	RS2_HELPY	Helicobacter pylori (strain ATCC 700392 / 26695) (Campylobacter pylori)	264	P56009	P56049	RL24_HELPY	Helicobacter pylori (strain ATCC 700392 / 26695) (Campylobacter pylori)	73	P56049	6	 7.2	17.4	0	5LI0	b	X	1	0 : 0
P56009	RS2_HELPY	Helicobacter pylori (strain ATCC 700392 / 26695) (Campylobacter pylori)	264	P56009	P56050	RL27_HELPY	Helicobacter pylori (strain ATCC 700392 / 26695) (Campylobacter pylori)	88	P56050	9	 9.8	19.3	0	3J9W	AB	BZ	1	0 : 0
P56009	RS2_HELPY	Helicobacter pylori (strain ATCC 700392 / 26695) (Campylobacter pylori)	264	P56009	P56058	RL36_HELPY	Helicobacter pylori (strain ATCC 700392 / 26695) (Campylobacter pylori)	37	P56058	5	 5.3	 9.8	0	3J9W	AB	B8	1	0 : 0
P56009	RS2_HELPY	Helicobacter pylori (strain ATCC 700392 / 26695) (Campylobacter pylori)	264	P56009	P66052	RL11_HELPY	Helicobacter pylori (strain ATCC 700392 / 26695) (Campylobacter pylori)	141	P66052	1	13.3	24.6	0	6DZI	8	J	1	0 : 0
P56009	RS2_HELPY	Helicobacter pylori (strain ATCC 700392 / 26695) (Campylobacter pylori)	264	P56009	P66185	RL31_HELPY	Helicobacter pylori (strain ATCC 700392 / 26695) (Campylobacter pylori)	67	P66185	2	 7.2	11.4	0	4ZER	1b	14	1	0 : 0
P56009	RS2_HELPY	Helicobacter pylori (strain ATCC 700392 / 26695) (Campylobacter pylori)	264	P56009	P66217	RL33_HELPY	Helicobacter pylori (strain ATCC 700392 / 26695) (Campylobacter pylori)	52	P66217	2	 8.7	11.7	0	5LI0	b	5	1	0 : 0
P56009	RS2_HELPY	Helicobacter pylori (strain ATCC 700392 / 26695) (Campylobacter pylori)	264	P56009	P66246	RL34_HELPY	Helicobacter pylori (strain ATCC 700392 / 26695) (Campylobacter pylori)	44	P66246	5	 5.3	 9.5	0	5LI0	b	6	1	0 : 0
P56009	RS2_HELPY	Helicobacter pylori (strain ATCC 700392 / 26695) (Campylobacter pylori)	264	P56009	P66328	RS10_HELPY	Helicobacter pylori (strain ATCC 700392 / 26695) (Campylobacter pylori)	104	P66328	16	12.1	18.2	0	1FJG	B	J	1	0 : 0
P56009	RS2_HELPY	Helicobacter pylori (strain ATCC 700392 / 26695) (Campylobacter pylori)	264	P56009	P66449	RS17_HELPY	Helicobacter pylori (strain ATCC 700392 / 26695) (Campylobacter pylori)	86	P66449	1	11.7	17.8	0	5LI0	b	q	1	0 : 0
P56009	RS2_HELPY	Helicobacter pylori (strain ATCC 700392 / 26695) (Campylobacter pylori)	264	P56009	P66459	RS18_HELPY	Helicobacter pylori (strain ATCC 700392 / 26695) (Campylobacter pylori)	85	P66459	12	 8.7	21.2	0	3J9W	AB	AR	1	0 : 0
P56009	RS2_HELPY	Helicobacter pylori (strain ATCC 700392 / 26695) (Campylobacter pylori)	264	P56009	P66572	RS5_HELPY	Helicobacter pylori (strain ATCC 700392 / 26695) (Campylobacter pylori)	147	P66572	20	10.9	26.3	0	1FJG	B	E	1	0 : 0
P56009	RS2_HELPY	Helicobacter pylori (strain ATCC 700392 / 26695) (Campylobacter pylori)	264	P56009	P66609	RS7_HELPY	Helicobacter pylori (strain ATCC 700392 / 26695) (Campylobacter pylori)	155	P66609	14	15.4	27.0	0	1FJG	B	G	1	0 : 0
P56009	RS2_HELPY	Helicobacter pylori (strain ATCC 700392 / 26695) (Campylobacter pylori)	264	P56009	P66637	RS9_HELPY	Helicobacter pylori (strain ATCC 700392 / 26695) (Campylobacter pylori)	129	P66637	1	14.4	26.1	0	6SPC	b	i	1	0 : 0
P56010	RS3_HELPY	Helicobacter pylori (strain ATCC 700392 / 26695) (Campylobacter pylori)	234	P56010	P56011	RS4_HELPY	Helicobacter pylori (strain ATCC 700392 / 26695) (Campylobacter pylori)	208	P56011	3	17.4	34.9	0	6SPC	c	d	1	0 : 0
P56010	RS3_HELPY	Helicobacter pylori (strain ATCC 700392 / 26695) (Campylobacter pylori)	234	P56010	P56018	RS11_HELPY	Helicobacter pylori (strain ATCC 700392 / 26695) (Campylobacter pylori)	131	P56018	27	14.5	25.1	0	1FJG	C	K	1	0 : 0
P56010	RS3_HELPY	Helicobacter pylori (strain ATCC 700392 / 26695) (Campylobacter pylori)	234	P56010	P56020	RS13_HELPY	Helicobacter pylori (strain ATCC 700392 / 26695) (Campylobacter pylori)	120	P56020	25	12.8	26.9	0	1FJG	C	M	1	0 : 0
P56010	RS3_HELPY	Helicobacter pylori (strain ATCC 700392 / 26695) (Campylobacter pylori)	234	P56010	P56021	RS14Z_HELPY	Helicobacter pylori (strain ATCC 700392 / 26695) (Campylobacter pylori)	61	P56021	21	 8.5	14.5	1	1FJG	C	N	1	1 : 1
P56010	RS3_HELPY	Helicobacter pylori (strain ATCC 700392 / 26695) (Campylobacter pylori)	234	P56010	P56022	RS15_HELPY	Helicobacter pylori (strain ATCC 700392 / 26695) (Campylobacter pylori)	90	P56022	12	 9.4	18.8	0	2YKR	C	O	1	0 : 0
P56010	RS3_HELPY	Helicobacter pylori (strain ATCC 700392 / 26695) (Campylobacter pylori)	234	P56010	P56023	RS16_HELPY	Helicobacter pylori (strain ATCC 700392 / 26695) (Campylobacter pylori)	76	P56023	8	11.1	17.5	0	3J9W	AC	AP	1	0 : 0
P56010	RS3_HELPY	Helicobacter pylori (strain ATCC 700392 / 26695) (Campylobacter pylori)	234	P56010	P56026	RS19_HELPY	Helicobacter pylori (strain ATCC 700392 / 26695) (Campylobacter pylori)	93	P56026	29	11.5	20.1	0	1FJG	C	S	1	0 : 0
P56010	RS3_HELPY	Helicobacter pylori (strain ATCC 700392 / 26695) (Campylobacter pylori)	234	P56010	P56030	RL2_HELPY	Helicobacter pylori (strain ATCC 700392 / 26695) (Campylobacter pylori)	276	P56030	14	19.0	33.3	0	4V6Y	AC	BC	1	0 : 0
P56010	RS3_HELPY	Helicobacter pylori (strain ATCC 700392 / 26695) (Campylobacter pylori)	234	P56010	P56033	RL5_HELPY	Helicobacter pylori (strain ATCC 700392 / 26695) (Campylobacter pylori)	181	P56033	6	15.7	29.8	0	5MYJ	AC	BG	1	0 : 0
P56010	RS3_HELPY	Helicobacter pylori (strain ATCC 700392 / 26695) (Campylobacter pylori)	234	P56010	P56034	RL6_HELPY	Helicobacter pylori (strain ATCC 700392 / 26695) (Campylobacter pylori)	178	P56034	1	13.2	29.1	0	7UNR	c	G	1	0 : 0
P56010	RS3_HELPY	Helicobacter pylori (strain ATCC 700392 / 26695) (Campylobacter pylori)	234	P56010	P56038	RL13_HELPY	Helicobacter pylori (strain ATCC 700392 / 26695) (Campylobacter pylori)	141	P56038	4	13.6	27.1	0	5NJT	C	c	1	0 : 0
P56010	RS3_HELPY	Helicobacter pylori (strain ATCC 700392 / 26695) (Campylobacter pylori)	234	P56010	P56039	RL14_HELPY	Helicobacter pylori (strain ATCC 700392 / 26695) (Campylobacter pylori)	122	P56039	9	14.1	23.1	0	4V6Y	AC	BK	1	0 : 0
P56010	RS3_HELPY	Helicobacter pylori (strain ATCC 700392 / 26695) (Campylobacter pylori)	234	P56010	P56040	RL15_HELPY	Helicobacter pylori (strain ATCC 700392 / 26695) (Campylobacter pylori)	133	P56040	4	13.2	28.6	0	6O8W	c	M	1	0 : 0
P56010	RS3_HELPY	Helicobacter pylori (strain ATCC 700392 / 26695) (Campylobacter pylori)	234	P56010	P56041	RL16_HELPY	Helicobacter pylori (strain ATCC 700392 / 26695) (Campylobacter pylori)	141	P56041	15	15.3	25.1	0	3J9W	AC	BP	1	0 : 0
P56010	RS3_HELPY	Helicobacter pylori (strain ATCC 700392 / 26695) (Campylobacter pylori)	234	P56010	P56044	RL19_HELPY	Helicobacter pylori (strain ATCC 700392 / 26695) (Campylobacter pylori)	118	P56044	5	14.1	25.2	0	5NJT	C	i	1	0 : 0
P56010	RS3_HELPY	Helicobacter pylori (strain ATCC 700392 / 26695) (Campylobacter pylori)	234	P56010	P56045	RL20_HELPY	Helicobacter pylori (strain ATCC 700392 / 26695) (Campylobacter pylori)	116	P56045	7	12.8	20.9	0	5MYJ	AC	BT	1	0 : 0
P56010	RS3_HELPY	Helicobacter pylori (strain ATCC 700392 / 26695) (Campylobacter pylori)	234	P56010	P56049	RL24_HELPY	Helicobacter pylori (strain ATCC 700392 / 26695) (Campylobacter pylori)	73	P56049	7	10.3	16.2	0	5LI0	c	X	1	0 : 0
P56010	RS3_HELPY	Helicobacter pylori (strain ATCC 700392 / 26695) (Campylobacter pylori)	234	P56010	P56050	RL27_HELPY	Helicobacter pylori (strain ATCC 700392 / 26695) (Campylobacter pylori)	88	P56050	15	12.4	18.8	0	3J9W	AC	BZ	1	0 : 0
P56010	RS3_HELPY	Helicobacter pylori (strain ATCC 700392 / 26695) (Campylobacter pylori)	234	P56010	P56058	RL36_HELPY	Helicobacter pylori (strain ATCC 700392 / 26695) (Campylobacter pylori)	37	P56058	9	 6.4	10.7	0	3J9W	AC	B8	1	0 : 0
P56010	RS3_HELPY	Helicobacter pylori (strain ATCC 700392 / 26695) (Campylobacter pylori)	234	P56010	P66052	RL11_HELPY	Helicobacter pylori (strain ATCC 700392 / 26695) (Campylobacter pylori)	141	P66052	3	16.4	26.1	0	6DZI	k	J	1	0 : 0
P56010	RS3_HELPY	Helicobacter pylori (strain ATCC 700392 / 26695) (Campylobacter pylori)	234	P56010	P66142	RL28_HELPY	Helicobacter pylori (strain ATCC 700392 / 26695) (Campylobacter pylori)	62	P66142	1	 9.0	12.8	0	6V39	c	W	1	0 : 0
P56010	RS3_HELPY	Helicobacter pylori (strain ATCC 700392 / 26695) (Campylobacter pylori)	234	P56010	P66217	RL33_HELPY	Helicobacter pylori (strain ATCC 700392 / 26695) (Campylobacter pylori)	52	P66217	4	 8.5	12.0	0	5LI0	c	5	1	0 : 0
P56010	RS3_HELPY	Helicobacter pylori (strain ATCC 700392 / 26695) (Campylobacter pylori)	234	P56010	P66246	RL34_HELPY	Helicobacter pylori (strain ATCC 700392 / 26695) (Campylobacter pylori)	44	P66246	11	 6.8	 9.4	0	5LI0	c	6	1	0 : 0
P56010	RS3_HELPY	Helicobacter pylori (strain ATCC 700392 / 26695) (Campylobacter pylori)	234	P56010	P66269	RL35_HELPY	Helicobacter pylori (strain ATCC 700392 / 26695) (Campylobacter pylori)	64	P66269	3	 8.9	16.2	0	6V39	c	2	1	0 : 0
P56010	RS3_HELPY	Helicobacter pylori (strain ATCC 700392 / 26695) (Campylobacter pylori)	234	P56010	P66328	RS10_HELPY	Helicobacter pylori (strain ATCC 700392 / 26695) (Campylobacter pylori)	104	P66328	27	13.2	20.5	1	1FJG	C	J	1	1 : 1
P56010	RS3_HELPY	Helicobacter pylori (strain ATCC 700392 / 26695) (Campylobacter pylori)	234	P56010	P66449	RS17_HELPY	Helicobacter pylori (strain ATCC 700392 / 26695) (Campylobacter pylori)	86	P66449	9	10.7	18.8	0	2YKR	C	Q	1	0 : 0
P56010	RS3_HELPY	Helicobacter pylori (strain ATCC 700392 / 26695) (Campylobacter pylori)	234	P56010	P66459	RS18_HELPY	Helicobacter pylori (strain ATCC 700392 / 26695) (Campylobacter pylori)	85	P66459	18	 9.4	17.0	0	2YKR	C	R	1	0 : 0
P56010	RS3_HELPY	Helicobacter pylori (strain ATCC 700392 / 26695) (Campylobacter pylori)	234	P56010	P66572	RS5_HELPY	Helicobacter pylori (strain ATCC 700392 / 26695) (Campylobacter pylori)	147	P66572	27	15.0	28.2	0	1FJG	C	E	1	0 : 0
P56010	RS3_HELPY	Helicobacter pylori (strain ATCC 700392 / 26695) (Campylobacter pylori)	234	P56010	P66609	RS7_HELPY	Helicobacter pylori (strain ATCC 700392 / 26695) (Campylobacter pylori)	155	P66609	24	16.4	33.6	0	1FJG	C	G	1	0 : 0
P56010	RS3_HELPY	Helicobacter pylori (strain ATCC 700392 / 26695) (Campylobacter pylori)	234	P56010	P66637	RS9_HELPY	Helicobacter pylori (strain ATCC 700392 / 26695) (Campylobacter pylori)	129	P66637	8	15.3	27.7	0	2YKR	C	I	1	0 : 0
P56011	RS4_HELPY	Helicobacter pylori (strain ATCC 700392 / 26695) (Campylobacter pylori)	208	P56011	P56018	RS11_HELPY	Helicobacter pylori (strain ATCC 700392 / 26695) (Campylobacter pylori)	131	P56018	3	15.2	27.6	0	6SPC	d	k	1	0 : 0
P56011	RS4_HELPY	Helicobacter pylori (strain ATCC 700392 / 26695) (Campylobacter pylori)	208	P56011	P56021	RS14Z_HELPY	Helicobacter pylori (strain ATCC 700392 / 26695) (Campylobacter pylori)	61	P56021	3	11.1	16.3	0	6SPC	d	n	1	0 : 0
P56011	RS4_HELPY	Helicobacter pylori (strain ATCC 700392 / 26695) (Campylobacter pylori)	208	P56011	P56022	RS15_HELPY	Helicobacter pylori (strain ATCC 700392 / 26695) (Campylobacter pylori)	90	P56022	3	12.0	22.5	0	6SPC	d	o	1	0 : 0
P56011	RS4_HELPY	Helicobacter pylori (strain ATCC 700392 / 26695) (Campylobacter pylori)	208	P56011	P56026	RS19_HELPY	Helicobacter pylori (strain ATCC 700392 / 26695) (Campylobacter pylori)	93	P56026	2	12.5	20.7	0	6SPC	d	s	1	0 : 0
P56011	RS4_HELPY	Helicobacter pylori (strain ATCC 700392 / 26695) (Campylobacter pylori)	208	P56011	P56030	RL2_HELPY	Helicobacter pylori (strain ATCC 700392 / 26695) (Campylobacter pylori)	276	P56030	1	16.5	30.6	0	7UNR	d	C	1	0 : 0
P56011	RS4_HELPY	Helicobacter pylori (strain ATCC 700392 / 26695) (Campylobacter pylori)	208	P56011	P56034	RL6_HELPY	Helicobacter pylori (strain ATCC 700392 / 26695) (Campylobacter pylori)	178	P56034	1	18.3	34.6	0	7UNR	d	G	1	0 : 0
P56011	RS4_HELPY	Helicobacter pylori (strain ATCC 700392 / 26695) (Campylobacter pylori)	208	P56011	P56038	RL13_HELPY	Helicobacter pylori (strain ATCC 700392 / 26695) (Campylobacter pylori)	141	P56038	1	11.5	29.3	0	7UNR	d	L	1	0 : 0
P56011	RS4_HELPY	Helicobacter pylori (strain ATCC 700392 / 26695) (Campylobacter pylori)	208	P56011	P56039	RL14_HELPY	Helicobacter pylori (strain ATCC 700392 / 26695) (Campylobacter pylori)	122	P56039	1	13.5	26.0	0	7UNR	d	M	1	0 : 0
P56011	RS4_HELPY	Helicobacter pylori (strain ATCC 700392 / 26695) (Campylobacter pylori)	208	P56011	P56041	RL16_HELPY	Helicobacter pylori (strain ATCC 700392 / 26695) (Campylobacter pylori)	141	P56041	1	15.9	27.4	0	7UNR	d	O	1	0 : 0
P56011	RS4_HELPY	Helicobacter pylori (strain ATCC 700392 / 26695) (Campylobacter pylori)	208	P56011	P56044	RL19_HELPY	Helicobacter pylori (strain ATCC 700392 / 26695) (Campylobacter pylori)	118	P56044	2	15.3	26.8	0	6SPF	d	P	1	0 : 0
P56011	RS4_HELPY	Helicobacter pylori (strain ATCC 700392 / 26695) (Campylobacter pylori)	208	P56011	P56045	RL20_HELPY	Helicobacter pylori (strain ATCC 700392 / 26695) (Campylobacter pylori)	116	P56045	1	16.8	30.3	0	7UNR	d	S	1	0 : 0
P56011	RS4_HELPY	Helicobacter pylori (strain ATCC 700392 / 26695) (Campylobacter pylori)	208	P56011	P56050	RL27_HELPY	Helicobacter pylori (strain ATCC 700392 / 26695) (Campylobacter pylori)	88	P56050	1	13.0	23.6	0	7UNR	d	Y	1	0 : 0
P56011	RS4_HELPY	Helicobacter pylori (strain ATCC 700392 / 26695) (Campylobacter pylori)	208	P56011	P66052	RL11_HELPY	Helicobacter pylori (strain ATCC 700392 / 26695) (Campylobacter pylori)	141	P66052	1	14.9	27.4	0	7UNR	d	J	1	0 : 0
P56011	RS4_HELPY	Helicobacter pylori (strain ATCC 700392 / 26695) (Campylobacter pylori)	208	P56011	P66328	RS10_HELPY	Helicobacter pylori (strain ATCC 700392 / 26695) (Campylobacter pylori)	104	P66328	3	12.4	23.4	0	6SPC	d	j	1	0 : 0
P56011	RS4_HELPY	Helicobacter pylori (strain ATCC 700392 / 26695) (Campylobacter pylori)	208	P56011	P66449	RS17_HELPY	Helicobacter pylori (strain ATCC 700392 / 26695) (Campylobacter pylori)	86	P66449	1	12.5	22.6	0	9H90	d	q	1	0 : 0
P56011	RS4_HELPY	Helicobacter pylori (strain ATCC 700392 / 26695) (Campylobacter pylori)	208	P56011	P66459	RS18_HELPY	Helicobacter pylori (strain ATCC 700392 / 26695) (Campylobacter pylori)	85	P66459	2	10.1	23.6	0	6SPC	d	r	1	0 : 0
P56011	RS4_HELPY	Helicobacter pylori (strain ATCC 700392 / 26695) (Campylobacter pylori)	208	P56011	P66572	RS5_HELPY	Helicobacter pylori (strain ATCC 700392 / 26695) (Campylobacter pylori)	147	P66572	2	12.4	28.1	1	6SPC	d	e	1	1 : 1
P56011	RS4_HELPY	Helicobacter pylori (strain ATCC 700392 / 26695) (Campylobacter pylori)	208	P56011	P66609	RS7_HELPY	Helicobacter pylori (strain ATCC 700392 / 26695) (Campylobacter pylori)	155	P66609	3	17.2	30.1	0	6SPC	d	g	1	0 : 0
P56011	RS4_HELPY	Helicobacter pylori (strain ATCC 700392 / 26695) (Campylobacter pylori)	208	P56011	P66637	RS9_HELPY	Helicobacter pylori (strain ATCC 700392 / 26695) (Campylobacter pylori)	129	P66637	2	16.6	28.9	0	6SPC	d	i	1	0 : 0
P56018	RS11_HELPY	Helicobacter pylori (strain ATCC 700392 / 26695) (Campylobacter pylori)	131	P56018	P56020	RS13_HELPY	Helicobacter pylori (strain ATCC 700392 / 26695) (Campylobacter pylori)	120	P56020	28	17.5	35.8	0	1FJG	K	M	1	0 : 0
P56018	RS11_HELPY	Helicobacter pylori (strain ATCC 700392 / 26695) (Campylobacter pylori)	131	P56018	P56021	RS14Z_HELPY	Helicobacter pylori (strain ATCC 700392 / 26695) (Campylobacter pylori)	61	P56021	26	13.6	22.7	0	1FJG	K	N	1	0 : 0
P56018	RS11_HELPY	Helicobacter pylori (strain ATCC 700392 / 26695) (Campylobacter pylori)	131	P56018	P56022	RS15_HELPY	Helicobacter pylori (strain ATCC 700392 / 26695) (Campylobacter pylori)	90	P56022	17	12.2	26.7	0	2YKR	K	O	1	0 : 0
P56018	RS11_HELPY	Helicobacter pylori (strain ATCC 700392 / 26695) (Campylobacter pylori)	131	P56018	P56023	RS16_HELPY	Helicobacter pylori (strain ATCC 700392 / 26695) (Campylobacter pylori)	76	P56023	10	13.7	25.2	0	3J9W	AK	AP	1	0 : 0
P56018	RS11_HELPY	Helicobacter pylori (strain ATCC 700392 / 26695) (Campylobacter pylori)	131	P56018	P56026	RS19_HELPY	Helicobacter pylori (strain ATCC 700392 / 26695) (Campylobacter pylori)	93	P56026	33	12.2	26.0	0	1FJG	K	S	1	0 : 0
P56018	RS11_HELPY	Helicobacter pylori (strain ATCC 700392 / 26695) (Campylobacter pylori)	131	P56018	P56030	RL2_HELPY	Helicobacter pylori (strain ATCC 700392 / 26695) (Campylobacter pylori)	276	P56030	16	14.9	23.2	0	4V4V	AK	BA	1	0 : 0
P56018	RS11_HELPY	Helicobacter pylori (strain ATCC 700392 / 26695) (Campylobacter pylori)	131	P56018	P56033	RL5_HELPY	Helicobacter pylori (strain ATCC 700392 / 26695) (Campylobacter pylori)	181	P56033	7	13.7	29.1	0	5MYJ	AK	BG	1	0 : 0
P56018	RS11_HELPY	Helicobacter pylori (strain ATCC 700392 / 26695) (Campylobacter pylori)	131	P56018	P56034	RL6_HELPY	Helicobacter pylori (strain ATCC 700392 / 26695) (Campylobacter pylori)	178	P56034	1	14.6	29.8	0	7UNR	k	G	1	0 : 0
P56018	RS11_HELPY	Helicobacter pylori (strain ATCC 700392 / 26695) (Campylobacter pylori)	131	P56018	P56035	RL9_HELPY	Helicobacter pylori (strain ATCC 700392 / 26695) (Campylobacter pylori)	149	P56035	1	17.5	29.9	0	6GZQ	K2	H1	1	0 : 0
P56018	RS11_HELPY	Helicobacter pylori (strain ATCC 700392 / 26695) (Campylobacter pylori)	131	P56018	P56038	RL13_HELPY	Helicobacter pylori (strain ATCC 700392 / 26695) (Campylobacter pylori)	141	P56038	4	19.6	32.9	0	5NJT	K	c	1	0 : 0
P56018	RS11_HELPY	Helicobacter pylori (strain ATCC 700392 / 26695) (Campylobacter pylori)	131	P56018	P56039	RL14_HELPY	Helicobacter pylori (strain ATCC 700392 / 26695) (Campylobacter pylori)	122	P56039	13	12.0	33.1	0	4V4V	AK	BI	1	0 : 0
P56018	RS11_HELPY	Helicobacter pylori (strain ATCC 700392 / 26695) (Campylobacter pylori)	131	P56018	P56040	RL15_HELPY	Helicobacter pylori (strain ATCC 700392 / 26695) (Campylobacter pylori)	133	P56040	7	18.2	32.2	0	4ZER	1k	1P	1	0 : 0
P56018	RS11_HELPY	Helicobacter pylori (strain ATCC 700392 / 26695) (Campylobacter pylori)	131	P56018	P56041	RL16_HELPY	Helicobacter pylori (strain ATCC 700392 / 26695) (Campylobacter pylori)	141	P56041	21	17.5	28.0	0	3J9W	AK	BP	1	0 : 0
P56018	RS11_HELPY	Helicobacter pylori (strain ATCC 700392 / 26695) (Campylobacter pylori)	131	P56018	P56043	RL18_HELPY	Helicobacter pylori (strain ATCC 700392 / 26695) (Campylobacter pylori)	119	P56043	1	13.6	30.3	0	8FMW	K	AQ	1	0 : 0
P56018	RS11_HELPY	Helicobacter pylori (strain ATCC 700392 / 26695) (Campylobacter pylori)	131	P56018	P56044	RL19_HELPY	Helicobacter pylori (strain ATCC 700392 / 26695) (Campylobacter pylori)	118	P56044	7	13.4	27.6	0	5NJT	K	i	1	0 : 0
P56018	RS11_HELPY	Helicobacter pylori (strain ATCC 700392 / 26695) (Campylobacter pylori)	131	P56018	P56045	RL20_HELPY	Helicobacter pylori (strain ATCC 700392 / 26695) (Campylobacter pylori)	116	P56045	9	10.6	27.3	0	4V4V	AK	BO	1	0 : 0
P56018	RS11_HELPY	Helicobacter pylori (strain ATCC 700392 / 26695) (Campylobacter pylori)	131	P56018	P56049	RL24_HELPY	Helicobacter pylori (strain ATCC 700392 / 26695) (Campylobacter pylori)	73	P56049	8	15.3	26.0	0	5LI0	k	X	1	0 : 0
P56018	RS11_HELPY	Helicobacter pylori (strain ATCC 700392 / 26695) (Campylobacter pylori)	131	P56018	P56050	RL27_HELPY	Helicobacter pylori (strain ATCC 700392 / 26695) (Campylobacter pylori)	88	P56050	18	15.0	24.1	0	3J9W	AK	BZ	1	0 : 0
P56018	RS11_HELPY	Helicobacter pylori (strain ATCC 700392 / 26695) (Campylobacter pylori)	131	P56018	P56058	RL36_HELPY	Helicobacter pylori (strain ATCC 700392 / 26695) (Campylobacter pylori)	37	P56058	11	11.9	17.8	0	3J9W	AK	B8	1	0 : 0
P56018	RS11_HELPY	Helicobacter pylori (strain ATCC 700392 / 26695) (Campylobacter pylori)	131	P56018	P65108	IF1_HELPY	Helicobacter pylori (strain ATCC 700392 / 26695) (Campylobacter pylori)	72	P65108	1	11.5	22.1	0	9FCO	K	I	1	0 : 0
P56018	RS11_HELPY	Helicobacter pylori (strain ATCC 700392 / 26695) (Campylobacter pylori)	131	P56018	P66052	RL11_HELPY	Helicobacter pylori (strain ATCC 700392 / 26695) (Campylobacter pylori)	141	P66052	4	15.8	28.1	0	4V4V	AK	BG	1	0 : 0
P56018	RS11_HELPY	Helicobacter pylori (strain ATCC 700392 / 26695) (Campylobacter pylori)	131	P56018	P66142	RL28_HELPY	Helicobacter pylori (strain ATCC 700392 / 26695) (Campylobacter pylori)	62	P66142	1	18.2	22.7	0	6V39	k	W	1	0 : 0
P56018	RS11_HELPY	Helicobacter pylori (strain ATCC 700392 / 26695) (Campylobacter pylori)	131	P56018	P66185	RL31_HELPY	Helicobacter pylori (strain ATCC 700392 / 26695) (Campylobacter pylori)	67	P66185	3	 9.2	16.0	0	4ZER	1k	14	1	0 : 0
P56018	RS11_HELPY	Helicobacter pylori (strain ATCC 700392 / 26695) (Campylobacter pylori)	131	P56018	P66217	RL33_HELPY	Helicobacter pylori (strain ATCC 700392 / 26695) (Campylobacter pylori)	52	P66217	7	 9.9	20.6	0	5LI0	k	5	1	0 : 0
P56018	RS11_HELPY	Helicobacter pylori (strain ATCC 700392 / 26695) (Campylobacter pylori)	131	P56018	P66246	RL34_HELPY	Helicobacter pylori (strain ATCC 700392 / 26695) (Campylobacter pylori)	44	P66246	12	 6.9	15.3	0	5LI0	k	6	1	0 : 0
P56018	RS11_HELPY	Helicobacter pylori (strain ATCC 700392 / 26695) (Campylobacter pylori)	131	P56018	P66269	RL35_HELPY	Helicobacter pylori (strain ATCC 700392 / 26695) (Campylobacter pylori)	64	P66269	3	11.9	18.7	0	6V39	k	2	1	0 : 0
P56018	RS11_HELPY	Helicobacter pylori (strain ATCC 700392 / 26695) (Campylobacter pylori)	131	P56018	P66328	RS10_HELPY	Helicobacter pylori (strain ATCC 700392 / 26695) (Campylobacter pylori)	104	P66328	29	16.5	27.1	0	1FJG	K	J	1	0 : 0
P56018	RS11_HELPY	Helicobacter pylori (strain ATCC 700392 / 26695) (Campylobacter pylori)	131	P56018	P66449	RS17_HELPY	Helicobacter pylori (strain ATCC 700392 / 26695) (Campylobacter pylori)	86	P66449	12	11.5	26.0	0	2YKR	K	Q	1	0 : 0
P56018	RS11_HELPY	Helicobacter pylori (strain ATCC 700392 / 26695) (Campylobacter pylori)	131	P56018	P66459	RS18_HELPY	Helicobacter pylori (strain ATCC 700392 / 26695) (Campylobacter pylori)	85	P66459	19	16.0	29.0	1	2YKR	K	R	1	1 : 1
P56018	RS11_HELPY	Helicobacter pylori (strain ATCC 700392 / 26695) (Campylobacter pylori)	131	P56018	P66572	RS5_HELPY	Helicobacter pylori (strain ATCC 700392 / 26695) (Campylobacter pylori)	147	P66572	31	20.6	34.8	0	1FJG	K	E	1	0 : 0
P56018	RS11_HELPY	Helicobacter pylori (strain ATCC 700392 / 26695) (Campylobacter pylori)	131	P56018	P66609	RS7_HELPY	Helicobacter pylori (strain ATCC 700392 / 26695) (Campylobacter pylori)	155	P66609	30	13.3	26.6	1	1FJG	K	G	1	1 : 1
P56018	RS11_HELPY	Helicobacter pylori (strain ATCC 700392 / 26695) (Campylobacter pylori)	131	P56018	P66637	RS9_HELPY	Helicobacter pylori (strain ATCC 700392 / 26695) (Campylobacter pylori)	129	P66637	9	18.4	31.6	0	2YKR	K	I	1	0 : 0
P56020	RS13_HELPY	Helicobacter pylori (strain ATCC 700392 / 26695) (Campylobacter pylori)	120	P56020	P56021	RS14Z_HELPY	Helicobacter pylori (strain ATCC 700392 / 26695) (Campylobacter pylori)	61	P56021	24	11.7	20.0	0	1FJG	M	N	1	0 : 0
P56020	RS13_HELPY	Helicobacter pylori (strain ATCC 700392 / 26695) (Campylobacter pylori)	120	P56020	P56022	RS15_HELPY	Helicobacter pylori (strain ATCC 700392 / 26695) (Campylobacter pylori)	90	P56022	13	16.7	35.0	0	2YKR	M	O	1	0 : 0
P56020	RS13_HELPY	Helicobacter pylori (strain ATCC 700392 / 26695) (Campylobacter pylori)	120	P56020	P56023	RS16_HELPY	Helicobacter pylori (strain ATCC 700392 / 26695) (Campylobacter pylori)	76	P56023	10	17.5	30.0	0	3J9W	AM	AP	1	0 : 0
P56020	RS13_HELPY	Helicobacter pylori (strain ATCC 700392 / 26695) (Campylobacter pylori)	120	P56020	P56026	RS19_HELPY	Helicobacter pylori (strain ATCC 700392 / 26695) (Campylobacter pylori)	93	P56026	34	18.3	34.2	1	1FJG	M	S	1	1 : 1
P56020	RS13_HELPY	Helicobacter pylori (strain ATCC 700392 / 26695) (Campylobacter pylori)	120	P56020	P56030	RL2_HELPY	Helicobacter pylori (strain ATCC 700392 / 26695) (Campylobacter pylori)	276	P56030	17	13.4	21.4	0	4V4V	AM	BA	1	0 : 0
P56020	RS13_HELPY	Helicobacter pylori (strain ATCC 700392 / 26695) (Campylobacter pylori)	120	P56020	P56033	RL5_HELPY	Helicobacter pylori (strain ATCC 700392 / 26695) (Campylobacter pylori)	181	P56033	7	14.4	32.6	1	5MYJ	AM	BG	1	1 : 1
P56020	RS13_HELPY	Helicobacter pylori (strain ATCC 700392 / 26695) (Campylobacter pylori)	120	P56020	P56038	RL13_HELPY	Helicobacter pylori (strain ATCC 700392 / 26695) (Campylobacter pylori)	141	P56038	5	13.5	31.9	0	4V7P	AM	BJ	1	0 : 0
P56020	RS13_HELPY	Helicobacter pylori (strain ATCC 700392 / 26695) (Campylobacter pylori)	120	P56020	P56039	RL14_HELPY	Helicobacter pylori (strain ATCC 700392 / 26695) (Campylobacter pylori)	122	P56039	11	16.8	29.9	0	4V4V	AM	BI	1	0 : 0
P56020	RS13_HELPY	Helicobacter pylori (strain ATCC 700392 / 26695) (Campylobacter pylori)	120	P56020	P56040	RL15_HELPY	Helicobacter pylori (strain ATCC 700392 / 26695) (Campylobacter pylori)	133	P56040	6	20.1	35.8	0	5A9Z	BQ	AM	1	0 : 0
P56020	RS13_HELPY	Helicobacter pylori (strain ATCC 700392 / 26695) (Campylobacter pylori)	120	P56020	P56041	RL16_HELPY	Helicobacter pylori (strain ATCC 700392 / 26695) (Campylobacter pylori)	141	P56041	16	16.2	32.4	0	3J9W	AM	BP	1	0 : 0
P56020	RS13_HELPY	Helicobacter pylori (strain ATCC 700392 / 26695) (Campylobacter pylori)	120	P56020	P56043	RL18_HELPY	Helicobacter pylori (strain ATCC 700392 / 26695) (Campylobacter pylori)	119	P56043	1	13.0	32.5	0	8FMW	M	AQ	1	0 : 0
P56020	RS13_HELPY	Helicobacter pylori (strain ATCC 700392 / 26695) (Campylobacter pylori)	120	P56020	P56044	RL19_HELPY	Helicobacter pylori (strain ATCC 700392 / 26695) (Campylobacter pylori)	118	P56044	5	16.3	26.4	0	5NJT	M	i	1	0 : 0
P56020	RS13_HELPY	Helicobacter pylori (strain ATCC 700392 / 26695) (Campylobacter pylori)	120	P56020	P56045	RL20_HELPY	Helicobacter pylori (strain ATCC 700392 / 26695) (Campylobacter pylori)	116	P56045	8	10.7	29.8	0	4V4V	AM	BO	1	0 : 0
P56020	RS13_HELPY	Helicobacter pylori (strain ATCC 700392 / 26695) (Campylobacter pylori)	120	P56020	P56049	RL24_HELPY	Helicobacter pylori (strain ATCC 700392 / 26695) (Campylobacter pylori)	73	P56049	7	16.7	28.3	0	5LI0	m	X	1	0 : 0
P56020	RS13_HELPY	Helicobacter pylori (strain ATCC 700392 / 26695) (Campylobacter pylori)	120	P56020	P56050	RL27_HELPY	Helicobacter pylori (strain ATCC 700392 / 26695) (Campylobacter pylori)	88	P56050	18	16.5	28.9	0	3J9W	AM	BZ	1	0 : 0
P56020	RS13_HELPY	Helicobacter pylori (strain ATCC 700392 / 26695) (Campylobacter pylori)	120	P56020	P56058	RL36_HELPY	Helicobacter pylori (strain ATCC 700392 / 26695) (Campylobacter pylori)	37	P56058	10	10.8	18.3	0	3J9W	AM	B8	1	0 : 0
P56020	RS13_HELPY	Helicobacter pylori (strain ATCC 700392 / 26695) (Campylobacter pylori)	120	P56020	P66052	RL11_HELPY	Helicobacter pylori (strain ATCC 700392 / 26695) (Campylobacter pylori)	141	P66052	5	16.2	36.6	0	4V4V	AM	BG	1	0 : 0
P56020	RS13_HELPY	Helicobacter pylori (strain ATCC 700392 / 26695) (Campylobacter pylori)	120	P56020	P66142	RL28_HELPY	Helicobacter pylori (strain ATCC 700392 / 26695) (Campylobacter pylori)	62	P66142	1	17.5	26.7	0	6V39	m	W	1	0 : 0
P56020	RS13_HELPY	Helicobacter pylori (strain ATCC 700392 / 26695) (Campylobacter pylori)	120	P56020	P66185	RL31_HELPY	Helicobacter pylori (strain ATCC 700392 / 26695) (Campylobacter pylori)	67	P66185	1	11.7	23.3	1	8FMW	M	Ac	1	1 : 1
P56020	RS13_HELPY	Helicobacter pylori (strain ATCC 700392 / 26695) (Campylobacter pylori)	120	P56020	P66217	RL33_HELPY	Helicobacter pylori (strain ATCC 700392 / 26695) (Campylobacter pylori)	52	P66217	6	10.0	19.2	0	5LI0	m	5	1	0 : 0
P56020	RS13_HELPY	Helicobacter pylori (strain ATCC 700392 / 26695) (Campylobacter pylori)	120	P56020	P66246	RL34_HELPY	Helicobacter pylori (strain ATCC 700392 / 26695) (Campylobacter pylori)	44	P66246	13	11.7	19.2	0	4V7P	AM	B4	1	0 : 0
P56020	RS13_HELPY	Helicobacter pylori (strain ATCC 700392 / 26695) (Campylobacter pylori)	120	P56020	P66269	RL35_HELPY	Helicobacter pylori (strain ATCC 700392 / 26695) (Campylobacter pylori)	64	P66269	3	15.0	25.0	0	6V39	m	2	1	0 : 0
P56020	RS13_HELPY	Helicobacter pylori (strain ATCC 700392 / 26695) (Campylobacter pylori)	120	P56020	P66328	RS10_HELPY	Helicobacter pylori (strain ATCC 700392 / 26695) (Campylobacter pylori)	104	P66328	26	17.4	35.5	0	1FJG	M	J	1	0 : 0
P56020	RS13_HELPY	Helicobacter pylori (strain ATCC 700392 / 26695) (Campylobacter pylori)	120	P56020	P66449	RS17_HELPY	Helicobacter pylori (strain ATCC 700392 / 26695) (Campylobacter pylori)	86	P66449	9	19.2	34.2	0	2YKR	M	Q	1	0 : 0
P56020	RS13_HELPY	Helicobacter pylori (strain ATCC 700392 / 26695) (Campylobacter pylori)	120	P56020	P66459	RS18_HELPY	Helicobacter pylori (strain ATCC 700392 / 26695) (Campylobacter pylori)	85	P66459	16	15.8	30.8	0	2YKR	M	R	1	0 : 0
P56020	RS13_HELPY	Helicobacter pylori (strain ATCC 700392 / 26695) (Campylobacter pylori)	120	P56020	P66572	RS5_HELPY	Helicobacter pylori (strain ATCC 700392 / 26695) (Campylobacter pylori)	147	P66572	30	16.2	32.4	0	1FJG	M	E	1	0 : 0
P56020	RS13_HELPY	Helicobacter pylori (strain ATCC 700392 / 26695) (Campylobacter pylori)	120	P56020	P66609	RS7_HELPY	Helicobacter pylori (strain ATCC 700392 / 26695) (Campylobacter pylori)	155	P66609	25	17.7	31.6	0	1FJG	M	G	1	0 : 0
P56020	RS13_HELPY	Helicobacter pylori (strain ATCC 700392 / 26695) (Campylobacter pylori)	120	P56020	P66637	RS9_HELPY	Helicobacter pylori (strain ATCC 700392 / 26695) (Campylobacter pylori)	129	P66637	6	20.0	32.3	0	2YKR	M	I	1	0 : 0
P56021	RS14Z_HELPY	Helicobacter pylori (strain ATCC 700392 / 26695) (Campylobacter pylori)	61	P56021	P56022	RS15_HELPY	Helicobacter pylori (strain ATCC 700392 / 26695) (Campylobacter pylori)	90	P56022	16	16.7	25.6	0	2YKR	N	O	1	0 : 0
P56021	RS14Z_HELPY	Helicobacter pylori (strain ATCC 700392 / 26695) (Campylobacter pylori)	61	P56021	P56023	RS16_HELPY	Helicobacter pylori (strain ATCC 700392 / 26695) (Campylobacter pylori)	76	P56023	8	18.4	30.3	0	3J9W	AN	AP	1	0 : 0
P56021	RS14Z_HELPY	Helicobacter pylori (strain ATCC 700392 / 26695) (Campylobacter pylori)	61	P56021	P56026	RS19_HELPY	Helicobacter pylori (strain ATCC 700392 / 26695) (Campylobacter pylori)	93	P56026	27	10.5	28.4	0	1FJG	N	S	1	0 : 0
P56021	RS14Z_HELPY	Helicobacter pylori (strain ATCC 700392 / 26695) (Campylobacter pylori)	61	P56021	P56030	RL2_HELPY	Helicobacter pylori (strain ATCC 700392 / 26695) (Campylobacter pylori)	276	P56030	11	 6.9	12.0	0	4V4V	AN	BA	1	0 : 0
P56021	RS14Z_HELPY	Helicobacter pylori (strain ATCC 700392 / 26695) (Campylobacter pylori)	61	P56021	P56033	RL5_HELPY	Helicobacter pylori (strain ATCC 700392 / 26695) (Campylobacter pylori)	181	P56033	6	10.5	16.6	0	5MYJ	AN	BG	1	0 : 0
P56021	RS14Z_HELPY	Helicobacter pylori (strain ATCC 700392 / 26695) (Campylobacter pylori)	61	P56021	P56034	RL6_HELPY	Helicobacter pylori (strain ATCC 700392 / 26695) (Campylobacter pylori)	178	P56034	1	 9.0	18.0	0	7UNR	n	G	1	0 : 0
P56021	RS14Z_HELPY	Helicobacter pylori (strain ATCC 700392 / 26695) (Campylobacter pylori)	61	P56021	P56038	RL13_HELPY	Helicobacter pylori (strain ATCC 700392 / 26695) (Campylobacter pylori)	141	P56038	3	11.3	17.7	0	5NJT	N	c	1	0 : 0
P56021	RS14Z_HELPY	Helicobacter pylori (strain ATCC 700392 / 26695) (Campylobacter pylori)	61	P56021	P56039	RL14_HELPY	Helicobacter pylori (strain ATCC 700392 / 26695) (Campylobacter pylori)	122	P56039	11	12.3	23.0	0	4V4V	AN	BI	1	0 : 0
P56021	RS14Z_HELPY	Helicobacter pylori (strain ATCC 700392 / 26695) (Campylobacter pylori)	61	P56021	P56040	RL15_HELPY	Helicobacter pylori (strain ATCC 700392 / 26695) (Campylobacter pylori)	133	P56040	5	 9.8	18.0	0	6O8W	n	M	1	0 : 0
P56021	RS14Z_HELPY	Helicobacter pylori (strain ATCC 700392 / 26695) (Campylobacter pylori)	61	P56021	P56041	RL16_HELPY	Helicobacter pylori (strain ATCC 700392 / 26695) (Campylobacter pylori)	141	P56041	14	10.6	18.4	0	3J9W	AN	BP	1	0 : 0
P56021	RS14Z_HELPY	Helicobacter pylori (strain ATCC 700392 / 26695) (Campylobacter pylori)	61	P56021	P56043	RL18_HELPY	Helicobacter pylori (strain ATCC 700392 / 26695) (Campylobacter pylori)	119	P56043	1	14.0	28.1	0	8FMW	N	AQ	1	0 : 0
P56021	RS14Z_HELPY	Helicobacter pylori (strain ATCC 700392 / 26695) (Campylobacter pylori)	61	P56021	P56044	RL19_HELPY	Helicobacter pylori (strain ATCC 700392 / 26695) (Campylobacter pylori)	118	P56044	6	14.4	22.9	0	5NJT	N	i	1	0 : 0
P56021	RS14Z_HELPY	Helicobacter pylori (strain ATCC 700392 / 26695) (Campylobacter pylori)	61	P56021	P56045	RL20_HELPY	Helicobacter pylori (strain ATCC 700392 / 26695) (Campylobacter pylori)	116	P56045	8	12.1	21.6	0	4V4V	AN	BO	1	0 : 0
P56021	RS14Z_HELPY	Helicobacter pylori (strain ATCC 700392 / 26695) (Campylobacter pylori)	61	P56021	P56049	RL24_HELPY	Helicobacter pylori (strain ATCC 700392 / 26695) (Campylobacter pylori)	73	P56049	5	15.6	26.0	0	5LI0	n	X	1	0 : 0
P56021	RS14Z_HELPY	Helicobacter pylori (strain ATCC 700392 / 26695) (Campylobacter pylori)	61	P56021	P56050	RL27_HELPY	Helicobacter pylori (strain ATCC 700392 / 26695) (Campylobacter pylori)	88	P56050	14	17.0	27.3	0	3J9W	AN	BZ	1	0 : 0
P56021	RS14Z_HELPY	Helicobacter pylori (strain ATCC 700392 / 26695) (Campylobacter pylori)	61	P56021	P56058	RL36_HELPY	Helicobacter pylori (strain ATCC 700392 / 26695) (Campylobacter pylori)	37	P56058	10	14.8	24.6	0	3J9W	AN	B8	1	0 : 0
P56021	RS14Z_HELPY	Helicobacter pylori (strain ATCC 700392 / 26695) (Campylobacter pylori)	61	P56021	P66052	RL11_HELPY	Helicobacter pylori (strain ATCC 700392 / 26695) (Campylobacter pylori)	141	P66052	3	12.1	17.7	0	4V4V	AN	BG	1	0 : 0
P56021	RS14Z_HELPY	Helicobacter pylori (strain ATCC 700392 / 26695) (Campylobacter pylori)	61	P56021	P66142	RL28_HELPY	Helicobacter pylori (strain ATCC 700392 / 26695) (Campylobacter pylori)	62	P66142	1	16.7	33.3	0	6V39	n	W	1	0 : 0
P56021	RS14Z_HELPY	Helicobacter pylori (strain ATCC 700392 / 26695) (Campylobacter pylori)	61	P56021	P66185	RL31_HELPY	Helicobacter pylori (strain ATCC 700392 / 26695) (Campylobacter pylori)	67	P66185	1	 9.9	19.7	0	8FMW	N	Ac	1	0 : 0
P56021	RS14Z_HELPY	Helicobacter pylori (strain ATCC 700392 / 26695) (Campylobacter pylori)	61	P56021	P66217	RL33_HELPY	Helicobacter pylori (strain ATCC 700392 / 26695) (Campylobacter pylori)	52	P66217	5	11.5	29.5	0	5LI0	n	5	1	0 : 0
P56021	RS14Z_HELPY	Helicobacter pylori (strain ATCC 700392 / 26695) (Campylobacter pylori)	61	P56021	P66246	RL34_HELPY	Helicobacter pylori (strain ATCC 700392 / 26695) (Campylobacter pylori)	44	P66246	10	19.0	27.0	0	5LI0	n	6	1	0 : 0
P56021	RS14Z_HELPY	Helicobacter pylori (strain ATCC 700392 / 26695) (Campylobacter pylori)	61	P56021	P66269	RL35_HELPY	Helicobacter pylori (strain ATCC 700392 / 26695) (Campylobacter pylori)	64	P66269	3	13.4	29.9	0	6V39	n	2	1	0 : 0
P56021	RS14Z_HELPY	Helicobacter pylori (strain ATCC 700392 / 26695) (Campylobacter pylori)	61	P56021	P66328	RS10_HELPY	Helicobacter pylori (strain ATCC 700392 / 26695) (Campylobacter pylori)	104	P66328	23	15.4	26.0	1	1FJG	N	J	1	1 : 1
P56021	RS14Z_HELPY	Helicobacter pylori (strain ATCC 700392 / 26695) (Campylobacter pylori)	61	P56021	P66449	RS17_HELPY	Helicobacter pylori (strain ATCC 700392 / 26695) (Campylobacter pylori)	86	P66449	9	15.1	30.2	0	2YKR	N	Q	1	0 : 0
P56021	RS14Z_HELPY	Helicobacter pylori (strain ATCC 700392 / 26695) (Campylobacter pylori)	61	P56021	P66459	RS18_HELPY	Helicobacter pylori (strain ATCC 700392 / 26695) (Campylobacter pylori)	85	P66459	14	10.6	28.2	0	2YKR	N	R	1	0 : 0
P56021	RS14Z_HELPY	Helicobacter pylori (strain ATCC 700392 / 26695) (Campylobacter pylori)	61	P56021	P66572	RS5_HELPY	Helicobacter pylori (strain ATCC 700392 / 26695) (Campylobacter pylori)	147	P66572	25	 9.5	17.0	0	1FJG	N	E	1	0 : 0
P56021	RS14Z_HELPY	Helicobacter pylori (strain ATCC 700392 / 26695) (Campylobacter pylori)	61	P56021	P66609	RS7_HELPY	Helicobacter pylori (strain ATCC 700392 / 26695) (Campylobacter pylori)	155	P66609	25	 9.0	18.7	0	1FJG	N	G	1	0 : 0
P56021	RS14Z_HELPY	Helicobacter pylori (strain ATCC 700392 / 26695) (Campylobacter pylori)	61	P56021	P66637	RS9_HELPY	Helicobacter pylori (strain ATCC 700392 / 26695) (Campylobacter pylori)	129	P66637	7	13.2	22.5	1	2YKR	N	I	1	1 : 1
P56022	RS15_HELPY	Helicobacter pylori (strain ATCC 700392 / 26695) (Campylobacter pylori)	90	P56022	P56023	RS16_HELPY	Helicobacter pylori (strain ATCC 700392 / 26695) (Campylobacter pylori)	76	P56023	6	23.5	34.7	0	3J9W	AO	AP	1	0 : 0
P56022	RS15_HELPY	Helicobacter pylori (strain ATCC 700392 / 26695) (Campylobacter pylori)	90	P56022	P56026	RS19_HELPY	Helicobacter pylori (strain ATCC 700392 / 26695) (Campylobacter pylori)	93	P56026	16	15.6	35.4	0	2YKR	O	S	1	0 : 0
P56022	RS15_HELPY	Helicobacter pylori (strain ATCC 700392 / 26695) (Campylobacter pylori)	90	P56022	P56030	RL2_HELPY	Helicobacter pylori (strain ATCC 700392 / 26695) (Campylobacter pylori)	276	P56030	8	11.2	17.4	0	4V4V	AO	BA	1	0 : 0
P56022	RS15_HELPY	Helicobacter pylori (strain ATCC 700392 / 26695) (Campylobacter pylori)	90	P56022	P56033	RL5_HELPY	Helicobacter pylori (strain ATCC 700392 / 26695) (Campylobacter pylori)	181	P56033	4	15.5	23.2	0	5NJT	O	Z	1	0 : 0
P56022	RS15_HELPY	Helicobacter pylori (strain ATCC 700392 / 26695) (Campylobacter pylori)	90	P56022	P56034	RL6_HELPY	Helicobacter pylori (strain ATCC 700392 / 26695) (Campylobacter pylori)	178	P56034	1	11.8	23.0	0	7UNR	o	G	1	0 : 0
P56022	RS15_HELPY	Helicobacter pylori (strain ATCC 700392 / 26695) (Campylobacter pylori)	90	P56022	P56038	RL13_HELPY	Helicobacter pylori (strain ATCC 700392 / 26695) (Campylobacter pylori)	141	P56038	4	12.0	27.5	0	5NJT	O	c	1	0 : 0
P56022	RS15_HELPY	Helicobacter pylori (strain ATCC 700392 / 26695) (Campylobacter pylori)	90	P56022	P56039	RL14_HELPY	Helicobacter pylori (strain ATCC 700392 / 26695) (Campylobacter pylori)	122	P56039	4	13.9	29.5	0	4V4V	AO	BI	1	0 : 0
P56022	RS15_HELPY	Helicobacter pylori (strain ATCC 700392 / 26695) (Campylobacter pylori)	90	P56022	P56040	RL15_HELPY	Helicobacter pylori (strain ATCC 700392 / 26695) (Campylobacter pylori)	133	P56040	2	12.8	29.3	0	6V39	o	K	1	0 : 0
P56022	RS15_HELPY	Helicobacter pylori (strain ATCC 700392 / 26695) (Campylobacter pylori)	90	P56022	P56041	RL16_HELPY	Helicobacter pylori (strain ATCC 700392 / 26695) (Campylobacter pylori)	141	P56041	9	13.3	27.3	0	3J9W	AO	BP	1	0 : 0
P56022	RS15_HELPY	Helicobacter pylori (strain ATCC 700392 / 26695) (Campylobacter pylori)	90	P56022	P56043	RL18_HELPY	Helicobacter pylori (strain ATCC 700392 / 26695) (Campylobacter pylori)	119	P56043	1	16.7	33.3	0	8FMW	O	AQ	1	0 : 0
P56022	RS15_HELPY	Helicobacter pylori (strain ATCC 700392 / 26695) (Campylobacter pylori)	90	P56022	P56044	RL19_HELPY	Helicobacter pylori (strain ATCC 700392 / 26695) (Campylobacter pylori)	118	P56044	4	18.2	32.2	0	5NJT	O	i	1	0 : 0
P56022	RS15_HELPY	Helicobacter pylori (strain ATCC 700392 / 26695) (Campylobacter pylori)	90	P56022	P56045	RL20_HELPY	Helicobacter pylori (strain ATCC 700392 / 26695) (Campylobacter pylori)	116	P56045	4	12.0	33.3	0	4V4V	AO	BO	1	0 : 0
P56022	RS15_HELPY	Helicobacter pylori (strain ATCC 700392 / 26695) (Campylobacter pylori)	90	P56022	P56049	RL24_HELPY	Helicobacter pylori (strain ATCC 700392 / 26695) (Campylobacter pylori)	73	P56049	3	16.7	34.4	0	5NJT	O	n	1	0 : 0
P56022	RS15_HELPY	Helicobacter pylori (strain ATCC 700392 / 26695) (Campylobacter pylori)	90	P56022	P56050	RL27_HELPY	Helicobacter pylori (strain ATCC 700392 / 26695) (Campylobacter pylori)	88	P56050	7	16.5	30.9	0	3J9W	AO	BZ	1	0 : 0
P56022	RS15_HELPY	Helicobacter pylori (strain ATCC 700392 / 26695) (Campylobacter pylori)	90	P56022	P56058	RL36_HELPY	Helicobacter pylori (strain ATCC 700392 / 26695) (Campylobacter pylori)	37	P56058	5	11.1	15.6	0	3J9W	AO	B8	1	0 : 0
P56022	RS15_HELPY	Helicobacter pylori (strain ATCC 700392 / 26695) (Campylobacter pylori)	90	P56022	P66052	RL11_HELPY	Helicobacter pylori (strain ATCC 700392 / 26695) (Campylobacter pylori)	141	P66052	5	14.9	29.1	0	1EG0	F	K	1	0 : 0
P56022	RS15_HELPY	Helicobacter pylori (strain ATCC 700392 / 26695) (Campylobacter pylori)	90	P56022	P66142	RL28_HELPY	Helicobacter pylori (strain ATCC 700392 / 26695) (Campylobacter pylori)	62	P66142	1	17.8	25.6	0	6V39	o	W	1	0 : 0
P56022	RS15_HELPY	Helicobacter pylori (strain ATCC 700392 / 26695) (Campylobacter pylori)	90	P56022	P66185	RL31_HELPY	Helicobacter pylori (strain ATCC 700392 / 26695) (Campylobacter pylori)	67	P66185	1	12.2	26.7	0	8FMW	O	Ac	1	0 : 0
P56022	RS15_HELPY	Helicobacter pylori (strain ATCC 700392 / 26695) (Campylobacter pylori)	90	P56022	P66217	RL33_HELPY	Helicobacter pylori (strain ATCC 700392 / 26695) (Campylobacter pylori)	52	P66217	2	17.8	26.7	0	5ND8	o	5	1	0 : 0
P56022	RS15_HELPY	Helicobacter pylori (strain ATCC 700392 / 26695) (Campylobacter pylori)	90	P56022	P66246	RL34_HELPY	Helicobacter pylori (strain ATCC 700392 / 26695) (Campylobacter pylori)	44	P66246	4	12.2	22.2	0	5V93	o	2	1	0 : 0
P56022	RS15_HELPY	Helicobacter pylori (strain ATCC 700392 / 26695) (Campylobacter pylori)	90	P56022	P66269	RL35_HELPY	Helicobacter pylori (strain ATCC 700392 / 26695) (Campylobacter pylori)	64	P66269	1	17.4	32.6	0	6V39	o	2	1	0 : 0
P56022	RS15_HELPY	Helicobacter pylori (strain ATCC 700392 / 26695) (Campylobacter pylori)	90	P56022	P66328	RS10_HELPY	Helicobacter pylori (strain ATCC 700392 / 26695) (Campylobacter pylori)	104	P66328	14	14.3	39.0	0	2YKR	O	J	1	0 : 0
P56022	RS15_HELPY	Helicobacter pylori (strain ATCC 700392 / 26695) (Campylobacter pylori)	90	P56022	P66449	RS17_HELPY	Helicobacter pylori (strain ATCC 700392 / 26695) (Campylobacter pylori)	86	P66449	7	14.4	39.2	0	1EG0	F	G	1	0 : 0
P56022	RS15_HELPY	Helicobacter pylori (strain ATCC 700392 / 26695) (Campylobacter pylori)	90	P56022	P66459	RS18_HELPY	Helicobacter pylori (strain ATCC 700392 / 26695) (Campylobacter pylori)	85	P66459	10	20.7	34.8	0	2YKR	O	R	1	0 : 0
P56022	RS15_HELPY	Helicobacter pylori (strain ATCC 700392 / 26695) (Campylobacter pylori)	90	P56022	P66572	RS5_HELPY	Helicobacter pylori (strain ATCC 700392 / 26695) (Campylobacter pylori)	147	P66572	17	17.0	27.2	0	1EG0	F	B	1	0 : 0
P56022	RS15_HELPY	Helicobacter pylori (strain ATCC 700392 / 26695) (Campylobacter pylori)	90	P56022	P66609	RS7_HELPY	Helicobacter pylori (strain ATCC 700392 / 26695) (Campylobacter pylori)	155	P66609	18	11.6	23.9	0	1EG0	F	D	1	0 : 0
P56022	RS15_HELPY	Helicobacter pylori (strain ATCC 700392 / 26695) (Campylobacter pylori)	90	P56022	P66637	RS9_HELPY	Helicobacter pylori (strain ATCC 700392 / 26695) (Campylobacter pylori)	129	P66637	6	20.6	30.5	0	2YKR	O	I	1	0 : 0
P56023	RS16_HELPY	Helicobacter pylori (strain ATCC 700392 / 26695) (Campylobacter pylori)	76	P56023	P56026	RS19_HELPY	Helicobacter pylori (strain ATCC 700392 / 26695) (Campylobacter pylori)	93	P56026	10	19.8	30.2	0	3J9W	AP	AS	1	0 : 0
P56023	RS16_HELPY	Helicobacter pylori (strain ATCC 700392 / 26695) (Campylobacter pylori)	76	P56023	P56030	RL2_HELPY	Helicobacter pylori (strain ATCC 700392 / 26695) (Campylobacter pylori)	276	P56030	6	10.1	16.3	0	5MYJ	AP	BD	1	0 : 0
P56023	RS16_HELPY	Helicobacter pylori (strain ATCC 700392 / 26695) (Campylobacter pylori)	76	P56023	P56033	RL5_HELPY	Helicobacter pylori (strain ATCC 700392 / 26695) (Campylobacter pylori)	181	P56033	3	11.6	22.7	0	5MYJ	AP	BG	1	0 : 0
P56023	RS16_HELPY	Helicobacter pylori (strain ATCC 700392 / 26695) (Campylobacter pylori)	76	P56023	P56038	RL13_HELPY	Helicobacter pylori (strain ATCC 700392 / 26695) (Campylobacter pylori)	141	P56038	2	15.6	26.2	0	5NJT	P	c	1	0 : 0
P56023	RS16_HELPY	Helicobacter pylori (strain ATCC 700392 / 26695) (Campylobacter pylori)	76	P56023	P56039	RL14_HELPY	Helicobacter pylori (strain ATCC 700392 / 26695) (Campylobacter pylori)	122	P56039	3	 9.8	23.8	0	5MYJ	AP	BN	1	0 : 0
P56023	RS16_HELPY	Helicobacter pylori (strain ATCC 700392 / 26695) (Campylobacter pylori)	76	P56023	P56040	RL15_HELPY	Helicobacter pylori (strain ATCC 700392 / 26695) (Campylobacter pylori)	133	P56040	2	14.3	28.6	0	7NHN	q	O	1	0 : 0
P56023	RS16_HELPY	Helicobacter pylori (strain ATCC 700392 / 26695) (Campylobacter pylori)	76	P56023	P56041	RL16_HELPY	Helicobacter pylori (strain ATCC 700392 / 26695) (Campylobacter pylori)	141	P56041	7	13.5	24.8	0	3J9W	AP	BP	1	0 : 0
P56023	RS16_HELPY	Helicobacter pylori (strain ATCC 700392 / 26695) (Campylobacter pylori)	76	P56023	P56044	RL19_HELPY	Helicobacter pylori (strain ATCC 700392 / 26695) (Campylobacter pylori)	118	P56044	3	 9.3	27.1	0	5NJT	P	i	1	0 : 0
P56023	RS16_HELPY	Helicobacter pylori (strain ATCC 700392 / 26695) (Campylobacter pylori)	76	P56023	P56045	RL20_HELPY	Helicobacter pylori (strain ATCC 700392 / 26695) (Campylobacter pylori)	116	P56045	3	15.5	31.9	0	5MYJ	AP	BT	1	0 : 0
P56023	RS16_HELPY	Helicobacter pylori (strain ATCC 700392 / 26695) (Campylobacter pylori)	76	P56023	P56049	RL24_HELPY	Helicobacter pylori (strain ATCC 700392 / 26695) (Campylobacter pylori)	73	P56049	4	20.0	35.3	0	5NJT	P	n	1	0 : 0
P56023	RS16_HELPY	Helicobacter pylori (strain ATCC 700392 / 26695) (Campylobacter pylori)	76	P56023	P56050	RL27_HELPY	Helicobacter pylori (strain ATCC 700392 / 26695) (Campylobacter pylori)	88	P56050	6	12.5	25.0	0	3J9W	AP	BZ	1	0 : 0
P56023	RS16_HELPY	Helicobacter pylori (strain ATCC 700392 / 26695) (Campylobacter pylori)	76	P56023	P56058	RL36_HELPY	Helicobacter pylori (strain ATCC 700392 / 26695) (Campylobacter pylori)	37	P56058	5	13.2	25.0	0	3J9W	AP	B8	1	0 : 0
P56023	RS16_HELPY	Helicobacter pylori (strain ATCC 700392 / 26695) (Campylobacter pylori)	76	P56023	P66052	RL11_HELPY	Helicobacter pylori (strain ATCC 700392 / 26695) (Campylobacter pylori)	141	P66052	1	11.3	21.3	0	6DZI	z	J	1	0 : 0
P56023	RS16_HELPY	Helicobacter pylori (strain ATCC 700392 / 26695) (Campylobacter pylori)	76	P56023	P66217	RL33_HELPY	Helicobacter pylori (strain ATCC 700392 / 26695) (Campylobacter pylori)	52	P66217	1	20.8	31.2	0	7NHN	q	6	1	0 : 0
P56023	RS16_HELPY	Helicobacter pylori (strain ATCC 700392 / 26695) (Campylobacter pylori)	76	P56023	P66246	RL34_HELPY	Helicobacter pylori (strain ATCC 700392 / 26695) (Campylobacter pylori)	44	P66246	5	14.5	32.9	0	5MYJ	AP	B6	1	0 : 0
P56023	RS16_HELPY	Helicobacter pylori (strain ATCC 700392 / 26695) (Campylobacter pylori)	76	P56023	P66328	RS10_HELPY	Helicobacter pylori (strain ATCC 700392 / 26695) (Campylobacter pylori)	104	P66328	9	18.3	26.9	0	3J9W	AP	AJ	1	0 : 0
P56023	RS16_HELPY	Helicobacter pylori (strain ATCC 700392 / 26695) (Campylobacter pylori)	76	P56023	P66459	RS18_HELPY	Helicobacter pylori (strain ATCC 700392 / 26695) (Campylobacter pylori)	85	P66459	8	14.1	27.1	0	3J9W	AP	AR	1	0 : 0
P56023	RS16_HELPY	Helicobacter pylori (strain ATCC 700392 / 26695) (Campylobacter pylori)	76	P56023	P66572	RS5_HELPY	Helicobacter pylori (strain ATCC 700392 / 26695) (Campylobacter pylori)	147	P66572	10	14.8	24.8	0	3J9W	AP	AE	1	0 : 0
P56023	RS16_HELPY	Helicobacter pylori (strain ATCC 700392 / 26695) (Campylobacter pylori)	76	P56023	P66609	RS7_HELPY	Helicobacter pylori (strain ATCC 700392 / 26695) (Campylobacter pylori)	155	P66609	8	14.2	23.9	0	3J9W	AP	AG	1	0 : 0
P56026	RS19_HELPY	Helicobacter pylori (strain ATCC 700392 / 26695) (Campylobacter pylori)	93	P56026	P56030	RL2_HELPY	Helicobacter pylori (strain ATCC 700392 / 26695) (Campylobacter pylori)	276	P56030	15	 9.8	14.9	0	4V4V	AS	BA	1	0 : 0
P56026	RS19_HELPY	Helicobacter pylori (strain ATCC 700392 / 26695) (Campylobacter pylori)	93	P56026	P56033	RL5_HELPY	Helicobacter pylori (strain ATCC 700392 / 26695) (Campylobacter pylori)	181	P56033	7	10.5	22.7	0	5MYJ	AS	BG	1	0 : 0
P56026	RS19_HELPY	Helicobacter pylori (strain ATCC 700392 / 26695) (Campylobacter pylori)	93	P56026	P56034	RL6_HELPY	Helicobacter pylori (strain ATCC 700392 / 26695) (Campylobacter pylori)	178	P56034	1	15.2	24.7	0	7UNR	s	G	1	0 : 0
P56026	RS19_HELPY	Helicobacter pylori (strain ATCC 700392 / 26695) (Campylobacter pylori)	93	P56026	P56035	RL9_HELPY	Helicobacter pylori (strain ATCC 700392 / 26695) (Campylobacter pylori)	149	P56035	1	10.7	26.2	0	6GZQ	S2	H1	1	0 : 0
P56026	RS19_HELPY	Helicobacter pylori (strain ATCC 700392 / 26695) (Campylobacter pylori)	93	P56026	P56038	RL13_HELPY	Helicobacter pylori (strain ATCC 700392 / 26695) (Campylobacter pylori)	141	P56038	4	15.6	27.7	0	5NJT	S	c	1	0 : 0
P56026	RS19_HELPY	Helicobacter pylori (strain ATCC 700392 / 26695) (Campylobacter pylori)	93	P56026	P56039	RL14_HELPY	Helicobacter pylori (strain ATCC 700392 / 26695) (Campylobacter pylori)	122	P56039	13	17.9	27.6	0	4V4V	AS	BI	1	0 : 0
P56026	RS19_HELPY	Helicobacter pylori (strain ATCC 700392 / 26695) (Campylobacter pylori)	93	P56026	P56040	RL15_HELPY	Helicobacter pylori (strain ATCC 700392 / 26695) (Campylobacter pylori)	133	P56040	5	16.8	26.3	0	6O8W	s	M	1	0 : 0
P56026	RS19_HELPY	Helicobacter pylori (strain ATCC 700392 / 26695) (Campylobacter pylori)	93	P56026	P56041	RL16_HELPY	Helicobacter pylori (strain ATCC 700392 / 26695) (Campylobacter pylori)	141	P56041	21	14.2	24.8	0	3J9W	AS	BP	1	0 : 0
P56026	RS19_HELPY	Helicobacter pylori (strain ATCC 700392 / 26695) (Campylobacter pylori)	93	P56026	P56043	RL18_HELPY	Helicobacter pylori (strain ATCC 700392 / 26695) (Campylobacter pylori)	119	P56043	1	13.4	31.1	0	8FMW	S	AQ	1	0 : 0
P56026	RS19_HELPY	Helicobacter pylori (strain ATCC 700392 / 26695) (Campylobacter pylori)	93	P56026	P56044	RL19_HELPY	Helicobacter pylori (strain ATCC 700392 / 26695) (Campylobacter pylori)	118	P56044	7	17.5	33.3	0	5NJT	S	i	1	0 : 0
P56026	RS19_HELPY	Helicobacter pylori (strain ATCC 700392 / 26695) (Campylobacter pylori)	93	P56026	P56045	RL20_HELPY	Helicobacter pylori (strain ATCC 700392 / 26695) (Campylobacter pylori)	116	P56045	8	13.4	29.4	0	4V4V	AS	BO	1	0 : 0
P56026	RS19_HELPY	Helicobacter pylori (strain ATCC 700392 / 26695) (Campylobacter pylori)	93	P56026	P56049	RL24_HELPY	Helicobacter pylori (strain ATCC 700392 / 26695) (Campylobacter pylori)	73	P56049	7	17.2	31.2	0	5LI0	s	X	1	0 : 0
P56026	RS19_HELPY	Helicobacter pylori (strain ATCC 700392 / 26695) (Campylobacter pylori)	93	P56026	P56050	RL27_HELPY	Helicobacter pylori (strain ATCC 700392 / 26695) (Campylobacter pylori)	88	P56050	20	16.2	31.3	0	3J9W	AS	BZ	1	0 : 0
P56026	RS19_HELPY	Helicobacter pylori (strain ATCC 700392 / 26695) (Campylobacter pylori)	93	P56026	P56058	RL36_HELPY	Helicobacter pylori (strain ATCC 700392 / 26695) (Campylobacter pylori)	37	P56058	12	17.2	21.5	0	3J9W	AS	B8	1	0 : 0
P56026	RS19_HELPY	Helicobacter pylori (strain ATCC 700392 / 26695) (Campylobacter pylori)	93	P56026	P66052	RL11_HELPY	Helicobacter pylori (strain ATCC 700392 / 26695) (Campylobacter pylori)	141	P66052	6	12.1	27.0	0	4V4V	AS	BG	1	0 : 0
P56026	RS19_HELPY	Helicobacter pylori (strain ATCC 700392 / 26695) (Campylobacter pylori)	93	P56026	P66142	RL28_HELPY	Helicobacter pylori (strain ATCC 700392 / 26695) (Campylobacter pylori)	62	P66142	1	16.7	26.0	0	6V39	s	W	1	0 : 0
P56026	RS19_HELPY	Helicobacter pylori (strain ATCC 700392 / 26695) (Campylobacter pylori)	93	P56026	P66185	RL31_HELPY	Helicobacter pylori (strain ATCC 700392 / 26695) (Campylobacter pylori)	67	P66185	2	16.1	31.2	1	6GZQ	S2	Z1	1	1 : 1
P56026	RS19_HELPY	Helicobacter pylori (strain ATCC 700392 / 26695) (Campylobacter pylori)	93	P56026	P66217	RL33_HELPY	Helicobacter pylori (strain ATCC 700392 / 26695) (Campylobacter pylori)	52	P66217	6	15.1	25.8	0	5LI0	s	5	1	0 : 0
P56026	RS19_HELPY	Helicobacter pylori (strain ATCC 700392 / 26695) (Campylobacter pylori)	93	P56026	P66246	RL34_HELPY	Helicobacter pylori (strain ATCC 700392 / 26695) (Campylobacter pylori)	44	P66246	12	18.3	22.6	0	5LI0	s	6	1	0 : 0
P56026	RS19_HELPY	Helicobacter pylori (strain ATCC 700392 / 26695) (Campylobacter pylori)	93	P56026	P66269	RL35_HELPY	Helicobacter pylori (strain ATCC 700392 / 26695) (Campylobacter pylori)	64	P66269	3	14.9	25.5	0	6V39	s	2	1	0 : 0
P56026	RS19_HELPY	Helicobacter pylori (strain ATCC 700392 / 26695) (Campylobacter pylori)	93	P56026	P66328	RS10_HELPY	Helicobacter pylori (strain ATCC 700392 / 26695) (Campylobacter pylori)	104	P66328	31	15.4	32.7	0	1FJG	S	J	1	0 : 0
P56026	RS19_HELPY	Helicobacter pylori (strain ATCC 700392 / 26695) (Campylobacter pylori)	93	P56026	P66449	RS17_HELPY	Helicobacter pylori (strain ATCC 700392 / 26695) (Campylobacter pylori)	86	P66449	13	10.8	33.3	0	2YKR	S	Q	1	0 : 0
P56026	RS19_HELPY	Helicobacter pylori (strain ATCC 700392 / 26695) (Campylobacter pylori)	93	P56026	P66459	RS18_HELPY	Helicobacter pylori (strain ATCC 700392 / 26695) (Campylobacter pylori)	85	P66459	19	15.8	27.4	0	2YKR	S	R	1	0 : 0
P56026	RS19_HELPY	Helicobacter pylori (strain ATCC 700392 / 26695) (Campylobacter pylori)	93	P56026	P66572	RS5_HELPY	Helicobacter pylori (strain ATCC 700392 / 26695) (Campylobacter pylori)	147	P66572	37	12.2	23.1	0	1FJG	S	E	1	0 : 0
P56026	RS19_HELPY	Helicobacter pylori (strain ATCC 700392 / 26695) (Campylobacter pylori)	93	P56026	P66609	RS7_HELPY	Helicobacter pylori (strain ATCC 700392 / 26695) (Campylobacter pylori)	155	P66609	30	 9.7	23.2	0	1FJG	S	G	1	0 : 0
P56026	RS19_HELPY	Helicobacter pylori (strain ATCC 700392 / 26695) (Campylobacter pylori)	93	P56026	P66637	RS9_HELPY	Helicobacter pylori (strain ATCC 700392 / 26695) (Campylobacter pylori)	129	P66637	9	10.9	27.1	0	2YKR	S	I	1	0 : 0
P56030	RL2_HELPY	Helicobacter pylori (strain ATCC 700392 / 26695) (Campylobacter pylori)	276	P56030	P56033	RL5_HELPY	Helicobacter pylori (strain ATCC 700392 / 26695) (Campylobacter pylori)	181	P56033	10	14.4	25.3	0	1NKW	A	D	1	0 : 0
P56030	RL2_HELPY	Helicobacter pylori (strain ATCC 700392 / 26695) (Campylobacter pylori)	276	P56030	P56034	RL6_HELPY	Helicobacter pylori (strain ATCC 700392 / 26695) (Campylobacter pylori)	178	P56034	1	15.8	29.4	0	7UNR	C	G	1	0 : 0
P56030	RL2_HELPY	Helicobacter pylori (strain ATCC 700392 / 26695) (Campylobacter pylori)	276	P56030	P56038	RL13_HELPY	Helicobacter pylori (strain ATCC 700392 / 26695) (Campylobacter pylori)	141	P56038	19	17.7	24.9	0	1NKW	A	H	1	0 : 0
P56030	RL2_HELPY	Helicobacter pylori (strain ATCC 700392 / 26695) (Campylobacter pylori)	276	P56030	P56039	RL14_HELPY	Helicobacter pylori (strain ATCC 700392 / 26695) (Campylobacter pylori)	122	P56039	24	13.3	24.5	0	1C04	A	D	1	0 : 0
P56030	RL2_HELPY	Helicobacter pylori (strain ATCC 700392 / 26695) (Campylobacter pylori)	276	P56030	P56040	RL15_HELPY	Helicobacter pylori (strain ATCC 700392 / 26695) (Campylobacter pylori)	133	P56040	10	15.2	22.1	0	1VVJ	RD	RP	1	0 : 0
P56030	RL2_HELPY	Helicobacter pylori (strain ATCC 700392 / 26695) (Campylobacter pylori)	276	P56030	P56041	RL16_HELPY	Helicobacter pylori (strain ATCC 700392 / 26695) (Campylobacter pylori)	141	P56041	27	14.1	23.6	0	1NKW	A	K	1	0 : 0
P56030	RL2_HELPY	Helicobacter pylori (strain ATCC 700392 / 26695) (Campylobacter pylori)	276	P56030	P56043	RL18_HELPY	Helicobacter pylori (strain ATCC 700392 / 26695) (Campylobacter pylori)	119	P56043	1	13.0	20.3	0	8FMW	AD	AQ	1	0 : 0
P56030	RL2_HELPY	Helicobacter pylori (strain ATCC 700392 / 26695) (Campylobacter pylori)	276	P56030	P56044	RL19_HELPY	Helicobacter pylori (strain ATCC 700392 / 26695) (Campylobacter pylori)	118	P56044	14	13.4	20.7	0	1NKW	A	N	1	0 : 0
P56030	RL2_HELPY	Helicobacter pylori (strain ATCC 700392 / 26695) (Campylobacter pylori)	276	P56030	P56045	RL20_HELPY	Helicobacter pylori (strain ATCC 700392 / 26695) (Campylobacter pylori)	116	P56045	16	12.7	21.0	0	1NKW	A	O	1	0 : 0
P56030	RL2_HELPY	Helicobacter pylori (strain ATCC 700392 / 26695) (Campylobacter pylori)	276	P56030	P56049	RL24_HELPY	Helicobacter pylori (strain ATCC 700392 / 26695) (Campylobacter pylori)	73	P56049	9	10.5	14.5	0	3J3V	C	U	1	0 : 0
P56030	RL2_HELPY	Helicobacter pylori (strain ATCC 700392 / 26695) (Campylobacter pylori)	276	P56030	P56050	RL27_HELPY	Helicobacter pylori (strain ATCC 700392 / 26695) (Campylobacter pylori)	88	P56050	29	13.4	20.3	0	1NKW	A	U	1	0 : 0
P56030	RL2_HELPY	Helicobacter pylori (strain ATCC 700392 / 26695) (Campylobacter pylori)	276	P56030	P56058	RL36_HELPY	Helicobacter pylori (strain ATCC 700392 / 26695) (Campylobacter pylori)	37	P56058	20	 4.3	 8.3	0	1NKW	A	4	1	0 : 0
P56030	RL2_HELPY	Helicobacter pylori (strain ATCC 700392 / 26695) (Campylobacter pylori)	276	P56030	P66052	RL11_HELPY	Helicobacter pylori (strain ATCC 700392 / 26695) (Campylobacter pylori)	141	P66052	14	15.2	24.5	0	1C04	A	C	1	0 : 0
P56030	RL2_HELPY	Helicobacter pylori (strain ATCC 700392 / 26695) (Campylobacter pylori)	276	P56030	P66185	RL31_HELPY	Helicobacter pylori (strain ATCC 700392 / 26695) (Campylobacter pylori)	67	P66185	2	 6.9	11.2	0	1VVJ	RD	R4	1	0 : 0
P56030	RL2_HELPY	Helicobacter pylori (strain ATCC 700392 / 26695) (Campylobacter pylori)	276	P56030	P66217	RL33_HELPY	Helicobacter pylori (strain ATCC 700392 / 26695) (Campylobacter pylori)	52	P66217	6	 6.5	10.5	0	5LI0	D	5	1	0 : 0
P56030	RL2_HELPY	Helicobacter pylori (strain ATCC 700392 / 26695) (Campylobacter pylori)	276	P56030	P66246	RL34_HELPY	Helicobacter pylori (strain ATCC 700392 / 26695) (Campylobacter pylori)	44	P66246	25	 5.8	 9.8	0	1NKW	A	2	1	0 : 0
P56030	RL2_HELPY	Helicobacter pylori (strain ATCC 700392 / 26695) (Campylobacter pylori)	276	P56030	P66269	RL35_HELPY	Helicobacter pylori (strain ATCC 700392 / 26695) (Campylobacter pylori)	64	P66269	2	 8.7	13.4	0	8RD8	Cl	dh	1	0 : 0
P56030	RL2_HELPY	Helicobacter pylori (strain ATCC 700392 / 26695) (Campylobacter pylori)	276	P56030	P66328	RS10_HELPY	Helicobacter pylori (strain ATCC 700392 / 26695) (Campylobacter pylori)	104	P66328	15	 9.8	18.8	0	4V4V	BA	AJ	1	0 : 0
P56030	RL2_HELPY	Helicobacter pylori (strain ATCC 700392 / 26695) (Campylobacter pylori)	276	P56030	P66449	RS17_HELPY	Helicobacter pylori (strain ATCC 700392 / 26695) (Campylobacter pylori)	86	P66449	4	10.9	15.9	0	4V4V	BA	AQ	1	0 : 0
P56030	RL2_HELPY	Helicobacter pylori (strain ATCC 700392 / 26695) (Campylobacter pylori)	276	P56030	P66459	RS18_HELPY	Helicobacter pylori (strain ATCC 700392 / 26695) (Campylobacter pylori)	85	P66459	12	10.5	17.0	0	4V6Y	BC	AR	1	0 : 0
P56030	RL2_HELPY	Helicobacter pylori (strain ATCC 700392 / 26695) (Campylobacter pylori)	276	P56030	P66572	RS5_HELPY	Helicobacter pylori (strain ATCC 700392 / 26695) (Campylobacter pylori)	147	P66572	14	13.0	24.6	0	4V4V	BA	AE	1	0 : 0
P56030	RL2_HELPY	Helicobacter pylori (strain ATCC 700392 / 26695) (Campylobacter pylori)	276	P56030	P66609	RS7_HELPY	Helicobacter pylori (strain ATCC 700392 / 26695) (Campylobacter pylori)	155	P66609	15	12.7	26.4	0	4V4V	BA	AG	1	0 : 0
P56030	RL2_HELPY	Helicobacter pylori (strain ATCC 700392 / 26695) (Campylobacter pylori)	276	P56030	P66637	RS9_HELPY	Helicobacter pylori (strain ATCC 700392 / 26695) (Campylobacter pylori)	129	P66637	4	13.8	22.1	0	4V4V	BA	AI	1	0 : 0
P56031	RL3_HELPY	Helicobacter pylori (strain ATCC 700392 / 26695) (Campylobacter pylori)	191	P56031	P56050	RL27_HELPY	Helicobacter pylori (strain ATCC 700392 / 26695) (Campylobacter pylori)	88	P56050	2	11.5	22.0	0	3J6B	C	R	1	0 : 0
P56031	RL3_HELPY	Helicobacter pylori (strain ATCC 700392 / 26695) (Campylobacter pylori)	191	P56031	P56058	RL36_HELPY	Helicobacter pylori (strain ATCC 700392 / 26695) (Campylobacter pylori)	37	P56058	2	 6.8	12.0	0	3J6B	C	0	1	0 : 0
P56031	RL3_HELPY	Helicobacter pylori (strain ATCC 700392 / 26695) (Campylobacter pylori)	191	P56031	P66246	RL34_HELPY	Helicobacter pylori (strain ATCC 700392 / 26695) (Campylobacter pylori)	44	P66246	2	 8.9	12.6	0	3J6B	C	Y	1	0 : 0
P56033	RL5_HELPY	Helicobacter pylori (strain ATCC 700392 / 26695) (Campylobacter pylori)	181	P56033	P56038	RL13_HELPY	Helicobacter pylori (strain ATCC 700392 / 26695) (Campylobacter pylori)	141	P56038	5	14.9	29.3	0	1NKW	D	H	1	0 : 0
P56033	RL5_HELPY	Helicobacter pylori (strain ATCC 700392 / 26695) (Campylobacter pylori)	181	P56033	P56039	RL14_HELPY	Helicobacter pylori (strain ATCC 700392 / 26695) (Campylobacter pylori)	122	P56039	7	19.2	30.2	0	1NKW	D	I	1	0 : 0
P56033	RL5_HELPY	Helicobacter pylori (strain ATCC 700392 / 26695) (Campylobacter pylori)	181	P56033	P56040	RL15_HELPY	Helicobacter pylori (strain ATCC 700392 / 26695) (Campylobacter pylori)	133	P56040	2	15.9	30.2	0	6O8W	F	M	1	0 : 0
P56033	RL5_HELPY	Helicobacter pylori (strain ATCC 700392 / 26695) (Campylobacter pylori)	181	P56033	P56041	RL16_HELPY	Helicobacter pylori (strain ATCC 700392 / 26695) (Campylobacter pylori)	141	P56041	11	14.9	28.2	0	1NKW	D	K	1	0 : 0
P56033	RL5_HELPY	Helicobacter pylori (strain ATCC 700392 / 26695) (Campylobacter pylori)	181	P56033	P56043	RL18_HELPY	Helicobacter pylori (strain ATCC 700392 / 26695) (Campylobacter pylori)	119	P56043	1	17.7	28.2	0	8FMW	AG	AQ	1	0 : 0
P56033	RL5_HELPY	Helicobacter pylori (strain ATCC 700392 / 26695) (Campylobacter pylori)	181	P56033	P56044	RL19_HELPY	Helicobacter pylori (strain ATCC 700392 / 26695) (Campylobacter pylori)	118	P56044	8	16.6	27.1	0	1NKW	D	N	1	0 : 0
P56033	RL5_HELPY	Helicobacter pylori (strain ATCC 700392 / 26695) (Campylobacter pylori)	181	P56033	P56045	RL20_HELPY	Helicobacter pylori (strain ATCC 700392 / 26695) (Campylobacter pylori)	116	P56045	8	13.7	29.1	0	1NKW	D	O	1	0 : 0
P56033	RL5_HELPY	Helicobacter pylori (strain ATCC 700392 / 26695) (Campylobacter pylori)	181	P56033	P56049	RL24_HELPY	Helicobacter pylori (strain ATCC 700392 / 26695) (Campylobacter pylori)	73	P56049	5	13.8	23.8	0	3J3V	F	U	1	0 : 0
P56033	RL5_HELPY	Helicobacter pylori (strain ATCC 700392 / 26695) (Campylobacter pylori)	181	P56033	P56050	RL27_HELPY	Helicobacter pylori (strain ATCC 700392 / 26695) (Campylobacter pylori)	88	P56050	11	12.7	22.1	0	1NKW	D	U	1	0 : 0
P56033	RL5_HELPY	Helicobacter pylori (strain ATCC 700392 / 26695) (Campylobacter pylori)	181	P56033	P56058	RL36_HELPY	Helicobacter pylori (strain ATCC 700392 / 26695) (Campylobacter pylori)	37	P56058	6	 7.2	12.7	0	1NKW	D	4	1	0 : 0
P56033	RL5_HELPY	Helicobacter pylori (strain ATCC 700392 / 26695) (Campylobacter pylori)	181	P56033	P66052	RL11_HELPY	Helicobacter pylori (strain ATCC 700392 / 26695) (Campylobacter pylori)	141	P66052	5	13.8	28.2	0	1NKW	D	G	1	0 : 0
P56033	RL5_HELPY	Helicobacter pylori (strain ATCC 700392 / 26695) (Campylobacter pylori)	181	P56033	P66185	RL31_HELPY	Helicobacter pylori (strain ATCC 700392 / 26695) (Campylobacter pylori)	67	P66185	1	 8.3	16.0	1	8FMW	AG	Ac	1	1 : 1
P56033	RL5_HELPY	Helicobacter pylori (strain ATCC 700392 / 26695) (Campylobacter pylori)	181	P56033	P66217	RL33_HELPY	Helicobacter pylori (strain ATCC 700392 / 26695) (Campylobacter pylori)	52	P66217	2	 7.7	11.6	0	6O8W	F	3	1	0 : 0
P56033	RL5_HELPY	Helicobacter pylori (strain ATCC 700392 / 26695) (Campylobacter pylori)	181	P56033	P66246	RL34_HELPY	Helicobacter pylori (strain ATCC 700392 / 26695) (Campylobacter pylori)	44	P66246	7	 9.9	12.2	0	1NKW	D	2	1	0 : 0
P56033	RL5_HELPY	Helicobacter pylori (strain ATCC 700392 / 26695) (Campylobacter pylori)	181	P56033	P66269	RL35_HELPY	Helicobacter pylori (strain ATCC 700392 / 26695) (Campylobacter pylori)	64	P66269	1	12.2	19.3	0	7JIL	E	e	1	0 : 0
P56033	RL5_HELPY	Helicobacter pylori (strain ATCC 700392 / 26695) (Campylobacter pylori)	181	P56033	P66328	RS10_HELPY	Helicobacter pylori (strain ATCC 700392 / 26695) (Campylobacter pylori)	104	P66328	6	18.7	32.4	0	5MYJ	BG	AJ	1	0 : 0
P56033	RL5_HELPY	Helicobacter pylori (strain ATCC 700392 / 26695) (Campylobacter pylori)	181	P56033	P66449	RS17_HELPY	Helicobacter pylori (strain ATCC 700392 / 26695) (Campylobacter pylori)	86	P66449	1	13.8	27.1	0	7JIL	E	v	1	0 : 0
P56033	RL5_HELPY	Helicobacter pylori (strain ATCC 700392 / 26695) (Campylobacter pylori)	181	P56033	P66459	RS18_HELPY	Helicobacter pylori (strain ATCC 700392 / 26695) (Campylobacter pylori)	85	P66459	6	 9.9	24.3	0	5MYJ	BG	AR	1	0 : 0
P56033	RL5_HELPY	Helicobacter pylori (strain ATCC 700392 / 26695) (Campylobacter pylori)	181	P56033	P66572	RS5_HELPY	Helicobacter pylori (strain ATCC 700392 / 26695) (Campylobacter pylori)	147	P66572	7	13.2	31.9	0	5MYJ	BG	AE	1	0 : 0
P56033	RL5_HELPY	Helicobacter pylori (strain ATCC 700392 / 26695) (Campylobacter pylori)	181	P56033	P66609	RS7_HELPY	Helicobacter pylori (strain ATCC 700392 / 26695) (Campylobacter pylori)	155	P66609	7	17.6	34.1	0	5MYJ	BG	AG	1	0 : 0
P56034	RL6_HELPY	Helicobacter pylori (strain ATCC 700392 / 26695) (Campylobacter pylori)	178	P56034	P56038	RL13_HELPY	Helicobacter pylori (strain ATCC 700392 / 26695) (Campylobacter pylori)	141	P56038	1	16.1	28.9	0	7UNR	G	L	1	0 : 0
P56034	RL6_HELPY	Helicobacter pylori (strain ATCC 700392 / 26695) (Campylobacter pylori)	178	P56034	P56039	RL14_HELPY	Helicobacter pylori (strain ATCC 700392 / 26695) (Campylobacter pylori)	122	P56039	1	14.0	26.8	0	7UNR	G	M	1	0 : 0
P56034	RL6_HELPY	Helicobacter pylori (strain ATCC 700392 / 26695) (Campylobacter pylori)	178	P56034	P56040	RL15_HELPY	Helicobacter pylori (strain ATCC 700392 / 26695) (Campylobacter pylori)	133	P56040	1	18.4	29.6	0	6SPD	G	L	1	0 : 0
P56034	RL6_HELPY	Helicobacter pylori (strain ATCC 700392 / 26695) (Campylobacter pylori)	178	P56034	P56041	RL16_HELPY	Helicobacter pylori (strain ATCC 700392 / 26695) (Campylobacter pylori)	141	P56041	2	12.9	32.6	0	6SPD	G	M	1	0 : 0
P56034	RL6_HELPY	Helicobacter pylori (strain ATCC 700392 / 26695) (Campylobacter pylori)	178	P56034	P56044	RL19_HELPY	Helicobacter pylori (strain ATCC 700392 / 26695) (Campylobacter pylori)	118	P56044	2	17.3	31.8	0	6SPD	G	P	1	0 : 0
P56034	RL6_HELPY	Helicobacter pylori (strain ATCC 700392 / 26695) (Campylobacter pylori)	178	P56034	P56045	RL20_HELPY	Helicobacter pylori (strain ATCC 700392 / 26695) (Campylobacter pylori)	116	P56045	1	12.8	25.7	0	7UNR	G	S	1	0 : 0
P56034	RL6_HELPY	Helicobacter pylori (strain ATCC 700392 / 26695) (Campylobacter pylori)	178	P56034	P56050	RL27_HELPY	Helicobacter pylori (strain ATCC 700392 / 26695) (Campylobacter pylori)	88	P56050	1	12.9	25.8	0	7UNR	G	Y	1	0 : 0
P56034	RL6_HELPY	Helicobacter pylori (strain ATCC 700392 / 26695) (Campylobacter pylori)	178	P56034	P66052	RL11_HELPY	Helicobacter pylori (strain ATCC 700392 / 26695) (Campylobacter pylori)	141	P66052	1	14.4	30.9	0	7UNR	G	J	1	0 : 0
P56034	RL6_HELPY	Helicobacter pylori (strain ATCC 700392 / 26695) (Campylobacter pylori)	178	P56034	P66328	RS10_HELPY	Helicobacter pylori (strain ATCC 700392 / 26695) (Campylobacter pylori)	104	P66328	1	15.3	23.5	0	7UNR	G	j	1	0 : 0
P56034	RL6_HELPY	Helicobacter pylori (strain ATCC 700392 / 26695) (Campylobacter pylori)	178	P56034	P66459	RS18_HELPY	Helicobacter pylori (strain ATCC 700392 / 26695) (Campylobacter pylori)	85	P66459	1	13.5	23.6	0	7UNR	G	r	1	0 : 0
P56034	RL6_HELPY	Helicobacter pylori (strain ATCC 700392 / 26695) (Campylobacter pylori)	178	P56034	P66609	RS7_HELPY	Helicobacter pylori (strain ATCC 700392 / 26695) (Campylobacter pylori)	155	P66609	1	17.6	36.3	0	7UNR	G	g	1	0 : 0
P56034	RL6_HELPY	Helicobacter pylori (strain ATCC 700392 / 26695) (Campylobacter pylori)	178	P56034	P66637	RS9_HELPY	Helicobacter pylori (strain ATCC 700392 / 26695) (Campylobacter pylori)	129	P66637	1	17.0	30.2	0	7UNR	G	i	1	0 : 0
P56035	RL9_HELPY	Helicobacter pylori (strain ATCC 700392 / 26695) (Campylobacter pylori)	149	P56035	P66185	RL31_HELPY	Helicobacter pylori (strain ATCC 700392 / 26695) (Campylobacter pylori)	67	P66185	1	10.7	19.5	0	6GZQ	H1	Z1	1	0 : 0
P56038	RL13_HELPY	Helicobacter pylori (strain ATCC 700392 / 26695) (Campylobacter pylori)	141	P56038	P56039	RL14_HELPY	Helicobacter pylori (strain ATCC 700392 / 26695) (Campylobacter pylori)	122	P56039	12	16.8	32.9	0	1NKW	H	I	1	0 : 0
P56038	RL13_HELPY	Helicobacter pylori (strain ATCC 700392 / 26695) (Campylobacter pylori)	141	P56038	P56040	RL15_HELPY	Helicobacter pylori (strain ATCC 700392 / 26695) (Campylobacter pylori)	133	P56040	4	17.0	33.3	0	1VVJ	RN	RP	1	0 : 0
P56038	RL13_HELPY	Helicobacter pylori (strain ATCC 700392 / 26695) (Campylobacter pylori)	141	P56038	P56041	RL16_HELPY	Helicobacter pylori (strain ATCC 700392 / 26695) (Campylobacter pylori)	141	P56041	15	16.1	26.8	0	1NKW	H	K	1	0 : 0
P56038	RL13_HELPY	Helicobacter pylori (strain ATCC 700392 / 26695) (Campylobacter pylori)	141	P56038	P56044	RL19_HELPY	Helicobacter pylori (strain ATCC 700392 / 26695) (Campylobacter pylori)	118	P56044	8	16.3	26.5	0	1NKW	H	N	1	0 : 0
P56038	RL13_HELPY	Helicobacter pylori (strain ATCC 700392 / 26695) (Campylobacter pylori)	141	P56038	P56045	RL20_HELPY	Helicobacter pylori (strain ATCC 700392 / 26695) (Campylobacter pylori)	116	P56045	11	17.0	32.7	1	1NKW	H	O	1	1 : 1
P56038	RL13_HELPY	Helicobacter pylori (strain ATCC 700392 / 26695) (Campylobacter pylori)	141	P56038	P56049	RL24_HELPY	Helicobacter pylori (strain ATCC 700392 / 26695) (Campylobacter pylori)	73	P56049	2	18.4	25.5	0	3J3V	J	U	1	0 : 0
P56038	RL13_HELPY	Helicobacter pylori (strain ATCC 700392 / 26695) (Campylobacter pylori)	141	P56038	P56050	RL27_HELPY	Helicobacter pylori (strain ATCC 700392 / 26695) (Campylobacter pylori)	88	P56050	17	12.8	23.4	0	1NKW	H	U	1	0 : 0
P56038	RL13_HELPY	Helicobacter pylori (strain ATCC 700392 / 26695) (Campylobacter pylori)	141	P56038	P56058	RL36_HELPY	Helicobacter pylori (strain ATCC 700392 / 26695) (Campylobacter pylori)	37	P56058	10	 7.8	11.3	0	1NKW	H	4	1	0 : 0
P56038	RL13_HELPY	Helicobacter pylori (strain ATCC 700392 / 26695) (Campylobacter pylori)	141	P56038	P66052	RL11_HELPY	Helicobacter pylori (strain ATCC 700392 / 26695) (Campylobacter pylori)	141	P66052	10	17.4	28.5	0	1NKW	H	G	1	0 : 0
P56038	RL13_HELPY	Helicobacter pylori (strain ATCC 700392 / 26695) (Campylobacter pylori)	141	P56038	P66185	RL31_HELPY	Helicobacter pylori (strain ATCC 700392 / 26695) (Campylobacter pylori)	67	P66185	2	14.6	20.8	0	1VVJ	RN	R4	1	0 : 0
P56038	RL13_HELPY	Helicobacter pylori (strain ATCC 700392 / 26695) (Campylobacter pylori)	141	P56038	P66246	RL34_HELPY	Helicobacter pylori (strain ATCC 700392 / 26695) (Campylobacter pylori)	44	P66246	12	10.6	17.7	0	1NKW	H	2	1	0 : 0
P56038	RL13_HELPY	Helicobacter pylori (strain ATCC 700392 / 26695) (Campylobacter pylori)	141	P56038	P66269	RL35_HELPY	Helicobacter pylori (strain ATCC 700392 / 26695) (Campylobacter pylori)	64	P66269	1	13.5	23.4	0	8RD8	IX	dh	1	0 : 0
P56038	RL13_HELPY	Helicobacter pylori (strain ATCC 700392 / 26695) (Campylobacter pylori)	141	P56038	P66328	RS10_HELPY	Helicobacter pylori (strain ATCC 700392 / 26695) (Campylobacter pylori)	104	P66328	3	15.6	29.8	0	6DZI	K	s	1	0 : 0
P56038	RL13_HELPY	Helicobacter pylori (strain ATCC 700392 / 26695) (Campylobacter pylori)	141	P56038	P66459	RS18_HELPY	Helicobacter pylori (strain ATCC 700392 / 26695) (Campylobacter pylori)	85	P66459	3	13.5	27.7	0	5NJT	c	R	1	0 : 0
P56038	RL13_HELPY	Helicobacter pylori (strain ATCC 700392 / 26695) (Campylobacter pylori)	141	P56038	P66572	RS5_HELPY	Helicobacter pylori (strain ATCC 700392 / 26695) (Campylobacter pylori)	147	P66572	3	17.4	34.2	0	5NJT	c	E	1	0 : 0
P56038	RL13_HELPY	Helicobacter pylori (strain ATCC 700392 / 26695) (Campylobacter pylori)	141	P56038	P66609	RS7_HELPY	Helicobacter pylori (strain ATCC 700392 / 26695) (Campylobacter pylori)	155	P66609	4	12.9	30.3	0	5NJT	c	G	1	0 : 0
P56038	RL13_HELPY	Helicobacter pylori (strain ATCC 700392 / 26695) (Campylobacter pylori)	141	P56038	P66637	RS9_HELPY	Helicobacter pylori (strain ATCC 700392 / 26695) (Campylobacter pylori)	129	P66637	2	19.2	35.6	0	6Q97	J	n	1	0 : 0
P56039	RL14_HELPY	Helicobacter pylori (strain ATCC 700392 / 26695) (Campylobacter pylori)	122	P56039	P56040	RL15_HELPY	Helicobacter pylori (strain ATCC 700392 / 26695) (Campylobacter pylori)	133	P56040	11	15.4	31.6	0	1VVJ	RO	RP	1	0 : 0
P56039	RL14_HELPY	Helicobacter pylori (strain ATCC 700392 / 26695) (Campylobacter pylori)	122	P56039	P56041	RL16_HELPY	Helicobacter pylori (strain ATCC 700392 / 26695) (Campylobacter pylori)	141	P56041	24	17.5	31.2	0	1NKW	I	K	1	0 : 0
P56039	RL14_HELPY	Helicobacter pylori (strain ATCC 700392 / 26695) (Campylobacter pylori)	122	P56039	P56043	RL18_HELPY	Helicobacter pylori (strain ATCC 700392 / 26695) (Campylobacter pylori)	119	P56043	1	18.1	37.8	0	8FMW	AM	AQ	1	0 : 0
P56039	RL14_HELPY	Helicobacter pylori (strain ATCC 700392 / 26695) (Campylobacter pylori)	122	P56039	P56044	RL19_HELPY	Helicobacter pylori (strain ATCC 700392 / 26695) (Campylobacter pylori)	118	P56044	14	15.0	29.1	1	1NKW	I	N	1	1 : 1
P56039	RL14_HELPY	Helicobacter pylori (strain ATCC 700392 / 26695) (Campylobacter pylori)	122	P56039	P56045	RL20_HELPY	Helicobacter pylori (strain ATCC 700392 / 26695) (Campylobacter pylori)	116	P56045	13	16.9	35.5	0	1NKW	I	O	1	0 : 0
P56039	RL14_HELPY	Helicobacter pylori (strain ATCC 700392 / 26695) (Campylobacter pylori)	122	P56039	P56049	RL24_HELPY	Helicobacter pylori (strain ATCC 700392 / 26695) (Campylobacter pylori)	73	P56049	6	21.3	27.9	0	3J3V	K	U	1	0 : 0
P56039	RL14_HELPY	Helicobacter pylori (strain ATCC 700392 / 26695) (Campylobacter pylori)	122	P56039	P56050	RL27_HELPY	Helicobacter pylori (strain ATCC 700392 / 26695) (Campylobacter pylori)	88	P56050	26	17.1	27.6	0	1NKW	I	U	1	0 : 0
P56039	RL14_HELPY	Helicobacter pylori (strain ATCC 700392 / 26695) (Campylobacter pylori)	122	P56039	P56058	RL36_HELPY	Helicobacter pylori (strain ATCC 700392 / 26695) (Campylobacter pylori)	37	P56058	21	10.7	15.6	0	1NKW	I	4	1	0 : 0
P56039	RL14_HELPY	Helicobacter pylori (strain ATCC 700392 / 26695) (Campylobacter pylori)	122	P56039	P66052	RL11_HELPY	Helicobacter pylori (strain ATCC 700392 / 26695) (Campylobacter pylori)	141	P66052	11	16.3	29.1	0	1C04	D	C	1	0 : 0
P56039	RL14_HELPY	Helicobacter pylori (strain ATCC 700392 / 26695) (Campylobacter pylori)	122	P56039	P66142	RL28_HELPY	Helicobacter pylori (strain ATCC 700392 / 26695) (Campylobacter pylori)	62	P66142	1	11.5	25.4	0	6V39	J	W	1	0 : 0
P56039	RL14_HELPY	Helicobacter pylori (strain ATCC 700392 / 26695) (Campylobacter pylori)	122	P56039	P66185	RL31_HELPY	Helicobacter pylori (strain ATCC 700392 / 26695) (Campylobacter pylori)	67	P66185	2	14.8	21.3	0	1VVJ	RO	R4	1	0 : 0
P56039	RL14_HELPY	Helicobacter pylori (strain ATCC 700392 / 26695) (Campylobacter pylori)	122	P56039	P66217	RL33_HELPY	Helicobacter pylori (strain ATCC 700392 / 26695) (Campylobacter pylori)	52	P66217	5	15.6	23.0	0	5T7V	LN	LF	1	0 : 0
P56039	RL14_HELPY	Helicobacter pylori (strain ATCC 700392 / 26695) (Campylobacter pylori)	122	P56039	P66246	RL34_HELPY	Helicobacter pylori (strain ATCC 700392 / 26695) (Campylobacter pylori)	44	P66246	22	11.5	19.7	0	1NKW	I	2	1	0 : 0
P56039	RL14_HELPY	Helicobacter pylori (strain ATCC 700392 / 26695) (Campylobacter pylori)	122	P56039	P66269	RL35_HELPY	Helicobacter pylori (strain ATCC 700392 / 26695) (Campylobacter pylori)	64	P66269	5	19.7	31.1	0	6V39	J	2	1	0 : 0
P56039	RL14_HELPY	Helicobacter pylori (strain ATCC 700392 / 26695) (Campylobacter pylori)	122	P56039	P66328	RS10_HELPY	Helicobacter pylori (strain ATCC 700392 / 26695) (Campylobacter pylori)	104	P66328	12	17.9	35.8	0	4V4V	BI	AJ	1	0 : 0
P56039	RL14_HELPY	Helicobacter pylori (strain ATCC 700392 / 26695) (Campylobacter pylori)	122	P56039	P66449	RS17_HELPY	Helicobacter pylori (strain ATCC 700392 / 26695) (Campylobacter pylori)	86	P66449	4	15.6	27.9	0	4V4V	BI	AQ	1	0 : 0
P56039	RL14_HELPY	Helicobacter pylori (strain ATCC 700392 / 26695) (Campylobacter pylori)	122	P56039	P66459	RS18_HELPY	Helicobacter pylori (strain ATCC 700392 / 26695) (Campylobacter pylori)	85	P66459	8	13.0	29.3	0	4V6Y	BK	AR	1	0 : 0
P56039	RL14_HELPY	Helicobacter pylori (strain ATCC 700392 / 26695) (Campylobacter pylori)	122	P56039	P66572	RS5_HELPY	Helicobacter pylori (strain ATCC 700392 / 26695) (Campylobacter pylori)	147	P66572	12	16.4	28.3	0	4V4V	BI	AE	1	0 : 0
P56039	RL14_HELPY	Helicobacter pylori (strain ATCC 700392 / 26695) (Campylobacter pylori)	122	P56039	P66609	RS7_HELPY	Helicobacter pylori (strain ATCC 700392 / 26695) (Campylobacter pylori)	155	P66609	10	16.4	27.7	0	4V4V	BI	AG	1	0 : 0
P56039	RL14_HELPY	Helicobacter pylori (strain ATCC 700392 / 26695) (Campylobacter pylori)	122	P56039	P66637	RS9_HELPY	Helicobacter pylori (strain ATCC 700392 / 26695) (Campylobacter pylori)	129	P66637	4	16.8	30.5	0	4V4V	BI	AI	1	0 : 0
P56040	RL15_HELPY	Helicobacter pylori (strain ATCC 700392 / 26695) (Campylobacter pylori)	133	P56040	P56041	RL16_HELPY	Helicobacter pylori (strain ATCC 700392 / 26695) (Campylobacter pylori)	141	P56041	11	16.4	32.2	0	1VVJ	RP	RQ	1	0 : 0
P56040	RL15_HELPY	Helicobacter pylori (strain ATCC 700392 / 26695) (Campylobacter pylori)	133	P56040	P56043	RL18_HELPY	Helicobacter pylori (strain ATCC 700392 / 26695) (Campylobacter pylori)	119	P56043	1	14.6	30.7	0	8FMW	AN	AQ	1	0 : 0
P56040	RL15_HELPY	Helicobacter pylori (strain ATCC 700392 / 26695) (Campylobacter pylori)	133	P56040	P56044	RL19_HELPY	Helicobacter pylori (strain ATCC 700392 / 26695) (Campylobacter pylori)	118	P56044	7	17.4	36.2	0	6O8W	M	Q	1	0 : 0
P56040	RL15_HELPY	Helicobacter pylori (strain ATCC 700392 / 26695) (Campylobacter pylori)	133	P56040	P56045	RL20_HELPY	Helicobacter pylori (strain ATCC 700392 / 26695) (Campylobacter pylori)	116	P56045	6	20.9	35.1	0	1VVJ	RP	RU	1	0 : 0
P56040	RL15_HELPY	Helicobacter pylori (strain ATCC 700392 / 26695) (Campylobacter pylori)	133	P56040	P56049	RL24_HELPY	Helicobacter pylori (strain ATCC 700392 / 26695) (Campylobacter pylori)	73	P56049	4	16.4	25.4	0	6O8W	M	V	1	0 : 0
P56040	RL15_HELPY	Helicobacter pylori (strain ATCC 700392 / 26695) (Campylobacter pylori)	133	P56040	P56050	RL27_HELPY	Helicobacter pylori (strain ATCC 700392 / 26695) (Campylobacter pylori)	88	P56050	11	16.3	25.9	0	4V90	BP	B0	1	0 : 0
P56040	RL15_HELPY	Helicobacter pylori (strain ATCC 700392 / 26695) (Campylobacter pylori)	133	P56040	P56058	RL36_HELPY	Helicobacter pylori (strain ATCC 700392 / 26695) (Campylobacter pylori)	37	P56058	11	 7.5	15.0	0	4V68	BP	B9	1	0 : 0
P56040	RL15_HELPY	Helicobacter pylori (strain ATCC 700392 / 26695) (Campylobacter pylori)	133	P56040	P66052	RL11_HELPY	Helicobacter pylori (strain ATCC 700392 / 26695) (Campylobacter pylori)	141	P66052	4	17.4	28.5	0	4V68	BP	BL	1	0 : 0
P56040	RL15_HELPY	Helicobacter pylori (strain ATCC 700392 / 26695) (Campylobacter pylori)	133	P56040	P66142	RL28_HELPY	Helicobacter pylori (strain ATCC 700392 / 26695) (Campylobacter pylori)	62	P66142	1	12.8	22.6	0	6V39	K	W	1	0 : 0
P56040	RL15_HELPY	Helicobacter pylori (strain ATCC 700392 / 26695) (Campylobacter pylori)	133	P56040	P66185	RL31_HELPY	Helicobacter pylori (strain ATCC 700392 / 26695) (Campylobacter pylori)	67	P66185	3	12.8	16.5	0	1VVJ	RP	R4	1	0 : 0
P56040	RL15_HELPY	Helicobacter pylori (strain ATCC 700392 / 26695) (Campylobacter pylori)	133	P56040	P66217	RL33_HELPY	Helicobacter pylori (strain ATCC 700392 / 26695) (Campylobacter pylori)	52	P66217	4	10.5	20.3	0	6O8W	M	3	1	0 : 0
P56040	RL15_HELPY	Helicobacter pylori (strain ATCC 700392 / 26695) (Campylobacter pylori)	133	P56040	P66246	RL34_HELPY	Helicobacter pylori (strain ATCC 700392 / 26695) (Campylobacter pylori)	44	P66246	10	 9.0	17.3	0	1VVJ	RP	R7	1	0 : 0
P56040	RL15_HELPY	Helicobacter pylori (strain ATCC 700392 / 26695) (Campylobacter pylori)	133	P56040	P66269	RL35_HELPY	Helicobacter pylori (strain ATCC 700392 / 26695) (Campylobacter pylori)	64	P66269	3	13.5	27.1	1	6V39	K	2	1	1 : 1
P56040	RL15_HELPY	Helicobacter pylori (strain ATCC 700392 / 26695) (Campylobacter pylori)	133	P56040	P66328	RS10_HELPY	Helicobacter pylori (strain ATCC 700392 / 26695) (Campylobacter pylori)	104	P66328	7	14.3	27.1	0	4ZER	1P	1j	1	0 : 0
P56040	RL15_HELPY	Helicobacter pylori (strain ATCC 700392 / 26695) (Campylobacter pylori)	133	P56040	P66459	RS18_HELPY	Helicobacter pylori (strain ATCC 700392 / 26695) (Campylobacter pylori)	85	P66459	2	11.3	25.6	0	6O8W	M	r	1	0 : 0
P56040	RL15_HELPY	Helicobacter pylori (strain ATCC 700392 / 26695) (Campylobacter pylori)	133	P56040	P66572	RS5_HELPY	Helicobacter pylori (strain ATCC 700392 / 26695) (Campylobacter pylori)	147	P66572	7	17.4	29.5	0	4ZER	1P	1e	1	0 : 0
P56040	RL15_HELPY	Helicobacter pylori (strain ATCC 700392 / 26695) (Campylobacter pylori)	133	P56040	P66609	RS7_HELPY	Helicobacter pylori (strain ATCC 700392 / 26695) (Campylobacter pylori)	155	P66609	5	16.0	32.1	0	6O8W	M	g	1	0 : 0
P56040	RL15_HELPY	Helicobacter pylori (strain ATCC 700392 / 26695) (Campylobacter pylori)	133	P56040	P66637	RS9_HELPY	Helicobacter pylori (strain ATCC 700392 / 26695) (Campylobacter pylori)	129	P66637	1	15.4	35.7	0	6V39	K	i	1	0 : 0
P56041	RL16_HELPY	Helicobacter pylori (strain ATCC 700392 / 26695) (Campylobacter pylori)	141	P56041	P56043	RL18_HELPY	Helicobacter pylori (strain ATCC 700392 / 26695) (Campylobacter pylori)	119	P56043	1	17.6	28.2	0	8FMW	AO	AQ	1	0 : 0
P56041	RL16_HELPY	Helicobacter pylori (strain ATCC 700392 / 26695) (Campylobacter pylori)	141	P56041	P56044	RL19_HELPY	Helicobacter pylori (strain ATCC 700392 / 26695) (Campylobacter pylori)	118	P56044	18	17.6	32.4	0	1NKW	K	N	1	0 : 0
P56041	RL16_HELPY	Helicobacter pylori (strain ATCC 700392 / 26695) (Campylobacter pylori)	141	P56041	P56045	RL20_HELPY	Helicobacter pylori (strain ATCC 700392 / 26695) (Campylobacter pylori)	116	P56045	15	16.9	34.5	0	1NKW	K	O	1	0 : 0
P56041	RL16_HELPY	Helicobacter pylori (strain ATCC 700392 / 26695) (Campylobacter pylori)	141	P56041	P56049	RL24_HELPY	Helicobacter pylori (strain ATCC 700392 / 26695) (Campylobacter pylori)	73	P56049	10	13.4	24.6	0	4WCE	J	R	1	0 : 0
P56041	RL16_HELPY	Helicobacter pylori (strain ATCC 700392 / 26695) (Campylobacter pylori)	141	P56041	P56050	RL27_HELPY	Helicobacter pylori (strain ATCC 700392 / 26695) (Campylobacter pylori)	88	P56050	31	16.3	28.4	0	1NKW	K	U	1	0 : 0
P56041	RL16_HELPY	Helicobacter pylori (strain ATCC 700392 / 26695) (Campylobacter pylori)	141	P56041	P56058	RL36_HELPY	Helicobacter pylori (strain ATCC 700392 / 26695) (Campylobacter pylori)	37	P56058	21	11.3	14.9	0	1NKW	K	4	1	0 : 0
P56041	RL16_HELPY	Helicobacter pylori (strain ATCC 700392 / 26695) (Campylobacter pylori)	141	P56041	P66052	RL11_HELPY	Helicobacter pylori (strain ATCC 700392 / 26695) (Campylobacter pylori)	141	P66052	13	21.2	35.8	0	1NKW	K	G	1	0 : 0
P56041	RL16_HELPY	Helicobacter pylori (strain ATCC 700392 / 26695) (Campylobacter pylori)	141	P56041	P66142	RL28_HELPY	Helicobacter pylori (strain ATCC 700392 / 26695) (Campylobacter pylori)	62	P66142	1	 9.9	20.6	0	6V39	L	W	1	0 : 0
P56041	RL16_HELPY	Helicobacter pylori (strain ATCC 700392 / 26695) (Campylobacter pylori)	141	P56041	P66185	RL31_HELPY	Helicobacter pylori (strain ATCC 700392 / 26695) (Campylobacter pylori)	67	P66185	2	12.8	18.4	0	1VVJ	RQ	R4	1	0 : 0
P56041	RL16_HELPY	Helicobacter pylori (strain ATCC 700392 / 26695) (Campylobacter pylori)	141	P56041	P66217	RL33_HELPY	Helicobacter pylori (strain ATCC 700392 / 26695) (Campylobacter pylori)	52	P66217	6	 8.5	17.7	0	5LI0	P	5	1	0 : 0
P56041	RL16_HELPY	Helicobacter pylori (strain ATCC 700392 / 26695) (Campylobacter pylori)	141	P56041	P66246	RL34_HELPY	Helicobacter pylori (strain ATCC 700392 / 26695) (Campylobacter pylori)	44	P66246	22	11.3	17.7	0	1NKW	K	2	1	0 : 0
P56041	RL16_HELPY	Helicobacter pylori (strain ATCC 700392 / 26695) (Campylobacter pylori)	141	P56041	P66269	RL35_HELPY	Helicobacter pylori (strain ATCC 700392 / 26695) (Campylobacter pylori)	64	P66269	5	14.2	23.4	0	6V39	L	2	1	0 : 0
P56041	RL16_HELPY	Helicobacter pylori (strain ATCC 700392 / 26695) (Campylobacter pylori)	141	P56041	P66328	RS10_HELPY	Helicobacter pylori (strain ATCC 700392 / 26695) (Campylobacter pylori)	104	P66328	20	16.3	29.8	0	3J9W	BP	AJ	1	0 : 0
P56041	RL16_HELPY	Helicobacter pylori (strain ATCC 700392 / 26695) (Campylobacter pylori)	141	P56041	P66449	RS17_HELPY	Helicobacter pylori (strain ATCC 700392 / 26695) (Campylobacter pylori)	86	P66449	5	14.1	26.8	0	4V4V	BK	AQ	1	0 : 0
P56041	RL16_HELPY	Helicobacter pylori (strain ATCC 700392 / 26695) (Campylobacter pylori)	141	P56041	P66459	RS18_HELPY	Helicobacter pylori (strain ATCC 700392 / 26695) (Campylobacter pylori)	85	P66459	14	14.9	30.5	0	3J9W	BP	AR	1	0 : 0
P56041	RL16_HELPY	Helicobacter pylori (strain ATCC 700392 / 26695) (Campylobacter pylori)	141	P56041	P66572	RS5_HELPY	Helicobacter pylori (strain ATCC 700392 / 26695) (Campylobacter pylori)	147	P66572	19	17.2	35.8	0	3J9W	BP	AE	1	0 : 0
P56041	RL16_HELPY	Helicobacter pylori (strain ATCC 700392 / 26695) (Campylobacter pylori)	141	P56041	P66609	RS7_HELPY	Helicobacter pylori (strain ATCC 700392 / 26695) (Campylobacter pylori)	155	P66609	20	19.8	32.9	0	3J9W	BP	AG	1	0 : 0
P56041	RL16_HELPY	Helicobacter pylori (strain ATCC 700392 / 26695) (Campylobacter pylori)	141	P56041	P66637	RS9_HELPY	Helicobacter pylori (strain ATCC 700392 / 26695) (Campylobacter pylori)	129	P66637	3	13.5	31.2	0	4V4V	BK	AI	1	0 : 0
P56043	RL18_HELPY	Helicobacter pylori (strain ATCC 700392 / 26695) (Campylobacter pylori)	119	P56043	P56044	RL19_HELPY	Helicobacter pylori (strain ATCC 700392 / 26695) (Campylobacter pylori)	118	P56044	1	19.4	35.5	0	8FMW	AQ	AR	1	0 : 0
P56043	RL18_HELPY	Helicobacter pylori (strain ATCC 700392 / 26695) (Campylobacter pylori)	119	P56043	P56050	RL27_HELPY	Helicobacter pylori (strain ATCC 700392 / 26695) (Campylobacter pylori)	88	P56050	1	17.6	26.1	0	8FMW	AQ	AY	1	0 : 0
P56043	RL18_HELPY	Helicobacter pylori (strain ATCC 700392 / 26695) (Campylobacter pylori)	119	P56043	P56058	RL36_HELPY	Helicobacter pylori (strain ATCC 700392 / 26695) (Campylobacter pylori)	37	P56058	1	 9.2	16.0	0	8FMW	AQ	Ah	1	0 : 0
P56043	RL18_HELPY	Helicobacter pylori (strain ATCC 700392 / 26695) (Campylobacter pylori)	119	P56043	P66052	RL11_HELPY	Helicobacter pylori (strain ATCC 700392 / 26695) (Campylobacter pylori)	141	P66052	1	15.3	32.6	0	8FMW	AQ	AK	1	0 : 0
P56043	RL18_HELPY	Helicobacter pylori (strain ATCC 700392 / 26695) (Campylobacter pylori)	119	P56043	P66185	RL31_HELPY	Helicobacter pylori (strain ATCC 700392 / 26695) (Campylobacter pylori)	67	P66185	1	10.9	25.2	0	8FMW	AQ	Ac	1	0 : 0
P56043	RL18_HELPY	Helicobacter pylori (strain ATCC 700392 / 26695) (Campylobacter pylori)	119	P56043	P66217	RL33_HELPY	Helicobacter pylori (strain ATCC 700392 / 26695) (Campylobacter pylori)	52	P66217	1	15.1	23.5	0	8FMW	AQ	Ae	1	0 : 0
P56043	RL18_HELPY	Helicobacter pylori (strain ATCC 700392 / 26695) (Campylobacter pylori)	119	P56043	P66246	RL34_HELPY	Helicobacter pylori (strain ATCC 700392 / 26695) (Campylobacter pylori)	44	P66246	1	11.8	19.3	0	8FMW	AQ	Af	1	0 : 0
P56043	RL18_HELPY	Helicobacter pylori (strain ATCC 700392 / 26695) (Campylobacter pylori)	119	P56043	P66328	RS10_HELPY	Helicobacter pylori (strain ATCC 700392 / 26695) (Campylobacter pylori)	104	P66328	1	16.3	29.3	0	8FMW	AQ	J	1	0 : 0
P56043	RL18_HELPY	Helicobacter pylori (strain ATCC 700392 / 26695) (Campylobacter pylori)	119	P56043	P66572	RS5_HELPY	Helicobacter pylori (strain ATCC 700392 / 26695) (Campylobacter pylori)	147	P66572	1	18.1	34.9	0	8FMW	AQ	E	1	0 : 0
P56043	RL18_HELPY	Helicobacter pylori (strain ATCC 700392 / 26695) (Campylobacter pylori)	119	P56043	P66609	RS7_HELPY	Helicobacter pylori (strain ATCC 700392 / 26695) (Campylobacter pylori)	155	P66609	1	17.0	29.6	0	8FMW	AQ	G	1	0 : 0
P56044	RL19_HELPY	Helicobacter pylori (strain ATCC 700392 / 26695) (Campylobacter pylori)	118	P56044	P56045	RL20_HELPY	Helicobacter pylori (strain ATCC 700392 / 26695) (Campylobacter pylori)	116	P56045	12	15.3	32.3	0	1NKW	N	O	1	0 : 0
P56044	RL19_HELPY	Helicobacter pylori (strain ATCC 700392 / 26695) (Campylobacter pylori)	118	P56044	P56049	RL24_HELPY	Helicobacter pylori (strain ATCC 700392 / 26695) (Campylobacter pylori)	73	P56049	9	13.4	28.6	0	3J3V	P	U	1	0 : 0
P56044	RL19_HELPY	Helicobacter pylori (strain ATCC 700392 / 26695) (Campylobacter pylori)	118	P56044	P56050	RL27_HELPY	Helicobacter pylori (strain ATCC 700392 / 26695) (Campylobacter pylori)	88	P56050	17	18.6	33.1	0	1NKW	N	U	1	0 : 0
P56044	RL19_HELPY	Helicobacter pylori (strain ATCC 700392 / 26695) (Campylobacter pylori)	118	P56044	P56058	RL36_HELPY	Helicobacter pylori (strain ATCC 700392 / 26695) (Campylobacter pylori)	37	P56058	11	10.2	16.1	0	1NKW	N	4	1	0 : 0
P56044	RL19_HELPY	Helicobacter pylori (strain ATCC 700392 / 26695) (Campylobacter pylori)	118	P56044	P66052	RL11_HELPY	Helicobacter pylori (strain ATCC 700392 / 26695) (Campylobacter pylori)	141	P66052	8	18.4	34.0	0	1NKW	N	G	1	0 : 0
P56044	RL19_HELPY	Helicobacter pylori (strain ATCC 700392 / 26695) (Campylobacter pylori)	118	P56044	P66185	RL31_HELPY	Helicobacter pylori (strain ATCC 700392 / 26695) (Campylobacter pylori)	67	P66185	1	16.9	27.1	0	8FMW	AR	Ac	1	0 : 0
P56044	RL19_HELPY	Helicobacter pylori (strain ATCC 700392 / 26695) (Campylobacter pylori)	118	P56044	P66217	RL33_HELPY	Helicobacter pylori (strain ATCC 700392 / 26695) (Campylobacter pylori)	52	P66217	5	12.7	22.0	0	3J7Z	P	1	1	0 : 0
P56044	RL19_HELPY	Helicobacter pylori (strain ATCC 700392 / 26695) (Campylobacter pylori)	118	P56044	P66246	RL34_HELPY	Helicobacter pylori (strain ATCC 700392 / 26695) (Campylobacter pylori)	44	P66246	11	13.6	18.6	0	1NKW	N	2	1	0 : 0
P56044	RL19_HELPY	Helicobacter pylori (strain ATCC 700392 / 26695) (Campylobacter pylori)	118	P56044	P66269	RL35_HELPY	Helicobacter pylori (strain ATCC 700392 / 26695) (Campylobacter pylori)	64	P66269	2	12.7	20.3	0	9H91	P	3	1	0 : 0
P56044	RL19_HELPY	Helicobacter pylori (strain ATCC 700392 / 26695) (Campylobacter pylori)	118	P56044	P66328	RS10_HELPY	Helicobacter pylori (strain ATCC 700392 / 26695) (Campylobacter pylori)	104	P66328	7	15.3	33.1	0	5T7V	L1	S1	1	0 : 0
P56044	RL19_HELPY	Helicobacter pylori (strain ATCC 700392 / 26695) (Campylobacter pylori)	118	P56044	P66449	RS17_HELPY	Helicobacter pylori (strain ATCC 700392 / 26695) (Campylobacter pylori)	86	P66449	1	15.3	28.8	0	5T7V	L1	S8	1	0 : 0
P56044	RL19_HELPY	Helicobacter pylori (strain ATCC 700392 / 26695) (Campylobacter pylori)	118	P56044	P66459	RS18_HELPY	Helicobacter pylori (strain ATCC 700392 / 26695) (Campylobacter pylori)	85	P66459	7	17.6	29.4	0	5NJT	i	R	1	0 : 0
P56044	RL19_HELPY	Helicobacter pylori (strain ATCC 700392 / 26695) (Campylobacter pylori)	118	P56044	P66572	RS5_HELPY	Helicobacter pylori (strain ATCC 700392 / 26695) (Campylobacter pylori)	147	P66572	8	15.5	31.1	0	5NJT	i	E	1	0 : 0
P56044	RL19_HELPY	Helicobacter pylori (strain ATCC 700392 / 26695) (Campylobacter pylori)	118	P56044	P66609	RS7_HELPY	Helicobacter pylori (strain ATCC 700392 / 26695) (Campylobacter pylori)	155	P66609	8	18.2	31.4	0	5NJT	i	G	1	0 : 0
P56044	RL19_HELPY	Helicobacter pylori (strain ATCC 700392 / 26695) (Campylobacter pylori)	118	P56044	P66637	RS9_HELPY	Helicobacter pylori (strain ATCC 700392 / 26695) (Campylobacter pylori)	129	P66637	1	15.4	31.5	0	7UNR	R	i	1	0 : 0
P56045	RL20_HELPY	Helicobacter pylori (strain ATCC 700392 / 26695) (Campylobacter pylori)	116	P56045	P56049	RL24_HELPY	Helicobacter pylori (strain ATCC 700392 / 26695) (Campylobacter pylori)	73	P56049	5	11.2	24.1	0	3J3V	Q	U	1	0 : 0
P56045	RL20_HELPY	Helicobacter pylori (strain ATCC 700392 / 26695) (Campylobacter pylori)	116	P56045	P56050	RL27_HELPY	Helicobacter pylori (strain ATCC 700392 / 26695) (Campylobacter pylori)	88	P56050	16	15.5	31.0	0	1NKW	O	U	1	0 : 0
P56045	RL20_HELPY	Helicobacter pylori (strain ATCC 700392 / 26695) (Campylobacter pylori)	116	P56045	P56058	RL36_HELPY	Helicobacter pylori (strain ATCC 700392 / 26695) (Campylobacter pylori)	37	P56058	11	 9.5	16.4	0	1NKW	O	4	1	0 : 0
P56045	RL20_HELPY	Helicobacter pylori (strain ATCC 700392 / 26695) (Campylobacter pylori)	116	P56045	P66052	RL11_HELPY	Helicobacter pylori (strain ATCC 700392 / 26695) (Campylobacter pylori)	141	P66052	9	12.8	27.0	0	1NKW	O	G	1	0 : 0
P56045	RL20_HELPY	Helicobacter pylori (strain ATCC 700392 / 26695) (Campylobacter pylori)	116	P56045	P66185	RL31_HELPY	Helicobacter pylori (strain ATCC 700392 / 26695) (Campylobacter pylori)	67	P66185	2	17.2	26.7	0	1VVJ	RU	R4	1	0 : 0
P56045	RL20_HELPY	Helicobacter pylori (strain ATCC 700392 / 26695) (Campylobacter pylori)	116	P56045	P66217	RL33_HELPY	Helicobacter pylori (strain ATCC 700392 / 26695) (Campylobacter pylori)	52	P66217	3	13.8	19.8	0	3J7Z	Q	1	1	0 : 0
P56045	RL20_HELPY	Helicobacter pylori (strain ATCC 700392 / 26695) (Campylobacter pylori)	116	P56045	P66246	RL34_HELPY	Helicobacter pylori (strain ATCC 700392 / 26695) (Campylobacter pylori)	44	P66246	13	10.3	15.5	0	1NKW	O	2	1	0 : 0
P56045	RL20_HELPY	Helicobacter pylori (strain ATCC 700392 / 26695) (Campylobacter pylori)	116	P56045	P66269	RL35_HELPY	Helicobacter pylori (strain ATCC 700392 / 26695) (Campylobacter pylori)	64	P66269	2	15.4	25.6	0	7JIL	Q	e	1	0 : 0
P56045	RL20_HELPY	Helicobacter pylori (strain ATCC 700392 / 26695) (Campylobacter pylori)	116	P56045	P66328	RS10_HELPY	Helicobacter pylori (strain ATCC 700392 / 26695) (Campylobacter pylori)	104	P66328	8	11.8	31.1	0	4V4V	BO	AJ	1	0 : 0
P56045	RL20_HELPY	Helicobacter pylori (strain ATCC 700392 / 26695) (Campylobacter pylori)	116	P56045	P66449	RS17_HELPY	Helicobacter pylori (strain ATCC 700392 / 26695) (Campylobacter pylori)	86	P66449	2	16.4	36.2	0	4V4V	BO	AQ	1	0 : 0
P56045	RL20_HELPY	Helicobacter pylori (strain ATCC 700392 / 26695) (Campylobacter pylori)	116	P56045	P66459	RS18_HELPY	Helicobacter pylori (strain ATCC 700392 / 26695) (Campylobacter pylori)	85	P66459	7	17.2	31.0	0	5MYJ	BT	AR	1	0 : 0
P56045	RL20_HELPY	Helicobacter pylori (strain ATCC 700392 / 26695) (Campylobacter pylori)	116	P56045	P66572	RS5_HELPY	Helicobacter pylori (strain ATCC 700392 / 26695) (Campylobacter pylori)	147	P66572	8	16.7	30.7	0	4V4V	BO	AE	1	0 : 0
P56045	RL20_HELPY	Helicobacter pylori (strain ATCC 700392 / 26695) (Campylobacter pylori)	116	P56045	P66609	RS7_HELPY	Helicobacter pylori (strain ATCC 700392 / 26695) (Campylobacter pylori)	155	P66609	8	18.7	32.3	0	4V4V	BO	AG	1	0 : 0
P56045	RL20_HELPY	Helicobacter pylori (strain ATCC 700392 / 26695) (Campylobacter pylori)	116	P56045	P66637	RS9_HELPY	Helicobacter pylori (strain ATCC 700392 / 26695) (Campylobacter pylori)	129	P66637	2	15.9	30.3	0	4V4V	BO	AI	1	0 : 0
P56049	RL24_HELPY	Helicobacter pylori (strain ATCC 700392 / 26695) (Campylobacter pylori)	73	P56049	P56050	RL27_HELPY	Helicobacter pylori (strain ATCC 700392 / 26695) (Campylobacter pylori)	88	P56050	8	16.1	29.0	0	4WCE	R	T	1	0 : 0
P56049	RL24_HELPY	Helicobacter pylori (strain ATCC 700392 / 26695) (Campylobacter pylori)	73	P56049	P56058	RL36_HELPY	Helicobacter pylori (strain ATCC 700392 / 26695) (Campylobacter pylori)	37	P56058	5	16.0	29.3	0	4WCE	R	4	1	0 : 0
P56049	RL24_HELPY	Helicobacter pylori (strain ATCC 700392 / 26695) (Campylobacter pylori)	73	P56049	P66052	RL11_HELPY	Helicobacter pylori (strain ATCC 700392 / 26695) (Campylobacter pylori)	141	P66052	2	13.4	26.1	0	3J3V	U	6	1	0 : 0
P56049	RL24_HELPY	Helicobacter pylori (strain ATCC 700392 / 26695) (Campylobacter pylori)	73	P56049	P66217	RL33_HELPY	Helicobacter pylori (strain ATCC 700392 / 26695) (Campylobacter pylori)	52	P66217	6	21.3	33.3	0	5LI0	X	5	1	0 : 0
P56049	RL24_HELPY	Helicobacter pylori (strain ATCC 700392 / 26695) (Campylobacter pylori)	73	P56049	P66246	RL34_HELPY	Helicobacter pylori (strain ATCC 700392 / 26695) (Campylobacter pylori)	44	P66246	7	16.4	26.0	0	3J3V	U	2	1	0 : 0
P56049	RL24_HELPY	Helicobacter pylori (strain ATCC 700392 / 26695) (Campylobacter pylori)	73	P56049	P66269	RL35_HELPY	Helicobacter pylori (strain ATCC 700392 / 26695) (Campylobacter pylori)	64	P66269	1	16.4	24.7	0	9I5T	X	7	1	0 : 0
P56049	RL24_HELPY	Helicobacter pylori (strain ATCC 700392 / 26695) (Campylobacter pylori)	73	P56049	P66328	RS10_HELPY	Helicobacter pylori (strain ATCC 700392 / 26695) (Campylobacter pylori)	104	P66328	7	14.4	29.8	0	5LI0	X	j	1	0 : 0
P56049	RL24_HELPY	Helicobacter pylori (strain ATCC 700392 / 26695) (Campylobacter pylori)	73	P56049	P66449	RS17_HELPY	Helicobacter pylori (strain ATCC 700392 / 26695) (Campylobacter pylori)	86	P66449	3	24.7	39.3	0	5LI0	X	q	1	0 : 0
P56049	RL24_HELPY	Helicobacter pylori (strain ATCC 700392 / 26695) (Campylobacter pylori)	73	P56049	P66459	RS18_HELPY	Helicobacter pylori (strain ATCC 700392 / 26695) (Campylobacter pylori)	85	P66459	8	18.8	29.4	0	5LI0	X	r	1	0 : 0
P56049	RL24_HELPY	Helicobacter pylori (strain ATCC 700392 / 26695) (Campylobacter pylori)	73	P56049	P66572	RS5_HELPY	Helicobacter pylori (strain ATCC 700392 / 26695) (Campylobacter pylori)	147	P66572	9	16.7	26.7	0	5LI0	X	e	1	0 : 0
P56049	RL24_HELPY	Helicobacter pylori (strain ATCC 700392 / 26695) (Campylobacter pylori)	73	P56049	P66609	RS7_HELPY	Helicobacter pylori (strain ATCC 700392 / 26695) (Campylobacter pylori)	155	P66609	7	14.8	26.5	0	5LI0	X	g	1	0 : 0
P56050	RL27_HELPY	Helicobacter pylori (strain ATCC 700392 / 26695) (Campylobacter pylori)	88	P56050	P56058	RL36_HELPY	Helicobacter pylori (strain ATCC 700392 / 26695) (Campylobacter pylori)	37	P56058	25	13.6	22.7	0	1NKW	U	4	1	0 : 0
P56050	RL27_HELPY	Helicobacter pylori (strain ATCC 700392 / 26695) (Campylobacter pylori)	88	P56050	P66052	RL11_HELPY	Helicobacter pylori (strain ATCC 700392 / 26695) (Campylobacter pylori)	141	P66052	11	18.4	31.2	0	1NKW	U	G	1	0 : 0
P56050	RL27_HELPY	Helicobacter pylori (strain ATCC 700392 / 26695) (Campylobacter pylori)	88	P56050	P66142	RL28_HELPY	Helicobacter pylori (strain ATCC 700392 / 26695) (Campylobacter pylori)	62	P66142	1	15.8	27.4	0	6V39	V	W	1	0 : 0
P56050	RL27_HELPY	Helicobacter pylori (strain ATCC 700392 / 26695) (Campylobacter pylori)	88	P56050	P66185	RL31_HELPY	Helicobacter pylori (strain ATCC 700392 / 26695) (Campylobacter pylori)	67	P66185	3	15.6	27.8	0	4V87	A3	A4	1	0 : 0
P56050	RL27_HELPY	Helicobacter pylori (strain ATCC 700392 / 26695) (Campylobacter pylori)	88	P56050	P66217	RL33_HELPY	Helicobacter pylori (strain ATCC 700392 / 26695) (Campylobacter pylori)	52	P66217	7	14.8	25.0	0	3J7Z	W	1	1	0 : 0
P56050	RL27_HELPY	Helicobacter pylori (strain ATCC 700392 / 26695) (Campylobacter pylori)	88	P56050	P66246	RL34_HELPY	Helicobacter pylori (strain ATCC 700392 / 26695) (Campylobacter pylori)	44	P66246	27	14.8	23.9	0	1NKW	U	2	1	0 : 0
P56050	RL27_HELPY	Helicobacter pylori (strain ATCC 700392 / 26695) (Campylobacter pylori)	88	P56050	P66269	RL35_HELPY	Helicobacter pylori (strain ATCC 700392 / 26695) (Campylobacter pylori)	64	P66269	5	22.7	31.8	0	6V39	V	2	1	0 : 0
P56050	RL27_HELPY	Helicobacter pylori (strain ATCC 700392 / 26695) (Campylobacter pylori)	88	P56050	P66328	RS10_HELPY	Helicobacter pylori (strain ATCC 700392 / 26695) (Campylobacter pylori)	104	P66328	17	17.9	36.8	0	3J9W	BZ	AJ	1	0 : 0
P56050	RL27_HELPY	Helicobacter pylori (strain ATCC 700392 / 26695) (Campylobacter pylori)	88	P56050	P66449	RS17_HELPY	Helicobacter pylori (strain ATCC 700392 / 26695) (Campylobacter pylori)	86	P66449	6	21.3	36.2	0	4V6Y	BW	AQ	1	0 : 0
P56050	RL27_HELPY	Helicobacter pylori (strain ATCC 700392 / 26695) (Campylobacter pylori)	88	P56050	P66459	RS18_HELPY	Helicobacter pylori (strain ATCC 700392 / 26695) (Campylobacter pylori)	85	P66459	13	18.1	29.8	0	3J9W	BZ	AR	1	0 : 0
P56050	RL27_HELPY	Helicobacter pylori (strain ATCC 700392 / 26695) (Campylobacter pylori)	88	P56050	P66572	RS5_HELPY	Helicobacter pylori (strain ATCC 700392 / 26695) (Campylobacter pylori)	147	P66572	20	13.5	22.3	0	3J9W	BZ	AE	1	0 : 0
P56050	RL27_HELPY	Helicobacter pylori (strain ATCC 700392 / 26695) (Campylobacter pylori)	88	P56050	P66609	RS7_HELPY	Helicobacter pylori (strain ATCC 700392 / 26695) (Campylobacter pylori)	155	P66609	15	13.5	22.6	0	3J9W	BZ	AG	1	0 : 0
P56050	RL27_HELPY	Helicobacter pylori (strain ATCC 700392 / 26695) (Campylobacter pylori)	88	P56050	P66637	RS9_HELPY	Helicobacter pylori (strain ATCC 700392 / 26695) (Campylobacter pylori)	129	P66637	4	15.5	24.0	0	4V6Y	BW	AI	1	0 : 0
P56058	RL36_HELPY	Helicobacter pylori (strain ATCC 700392 / 26695) (Campylobacter pylori)	37	P56058	P66052	RL11_HELPY	Helicobacter pylori (strain ATCC 700392 / 26695) (Campylobacter pylori)	141	P66052	8	 9.9	14.2	0	1NKW	4	G	1	0 : 0
P56058	RL36_HELPY	Helicobacter pylori (strain ATCC 700392 / 26695) (Campylobacter pylori)	37	P56058	P66142	RL28_HELPY	Helicobacter pylori (strain ATCC 700392 / 26695) (Campylobacter pylori)	62	P66142	1	14.5	33.9	0	6V39	3	W	1	0 : 0
P56058	RL36_HELPY	Helicobacter pylori (strain ATCC 700392 / 26695) (Campylobacter pylori)	37	P56058	P66185	RL31_HELPY	Helicobacter pylori (strain ATCC 700392 / 26695) (Campylobacter pylori)	67	P66185	1	14.9	28.4	0	8FMW	Ah	Ac	1	0 : 0
P56058	RL36_HELPY	Helicobacter pylori (strain ATCC 700392 / 26695) (Campylobacter pylori)	37	P56058	P66217	RL33_HELPY	Helicobacter pylori (strain ATCC 700392 / 26695) (Campylobacter pylori)	52	P66217	4	20.4	31.5	0	6O8W	6	3	1	0 : 0
P56058	RL36_HELPY	Helicobacter pylori (strain ATCC 700392 / 26695) (Campylobacter pylori)	37	P56058	P66246	RL34_HELPY	Helicobacter pylori (strain ATCC 700392 / 26695) (Campylobacter pylori)	44	P66246	20	20.5	38.6	0	1NKW	4	2	1	0 : 0
P56058	RL36_HELPY	Helicobacter pylori (strain ATCC 700392 / 26695) (Campylobacter pylori)	37	P56058	P66269	RL35_HELPY	Helicobacter pylori (strain ATCC 700392 / 26695) (Campylobacter pylori)	64	P66269	4	14.1	23.4	0	6V39	3	2	1	0 : 0
P56058	RL36_HELPY	Helicobacter pylori (strain ATCC 700392 / 26695) (Campylobacter pylori)	37	P56058	P66328	RS10_HELPY	Helicobacter pylori (strain ATCC 700392 / 26695) (Campylobacter pylori)	104	P66328	8	12.5	21.2	0	3J9W	B8	AJ	1	0 : 0
P56058	RL36_HELPY	Helicobacter pylori (strain ATCC 700392 / 26695) (Campylobacter pylori)	37	P56058	P66449	RS17_HELPY	Helicobacter pylori (strain ATCC 700392 / 26695) (Campylobacter pylori)	86	P66449	1	 9.3	16.3	0	7QG8	r	J	1	0 : 0
P56058	RL36_HELPY	Helicobacter pylori (strain ATCC 700392 / 26695) (Campylobacter pylori)	37	P56058	P66459	RS18_HELPY	Helicobacter pylori (strain ATCC 700392 / 26695) (Campylobacter pylori)	85	P66459	6	11.8	21.2	0	3J9W	B8	AR	1	0 : 0
P56058	RL36_HELPY	Helicobacter pylori (strain ATCC 700392 / 26695) (Campylobacter pylori)	37	P56058	P66572	RS5_HELPY	Helicobacter pylori (strain ATCC 700392 / 26695) (Campylobacter pylori)	147	P66572	12	 6.1	14.3	0	3J9W	B8	AE	1	0 : 0
P56058	RL36_HELPY	Helicobacter pylori (strain ATCC 700392 / 26695) (Campylobacter pylori)	37	P56058	P66609	RS7_HELPY	Helicobacter pylori (strain ATCC 700392 / 26695) (Campylobacter pylori)	155	P66609	9	 6.5	12.9	0	3J9W	B8	AG	1	0 : 0
P56058	RL36_HELPY	Helicobacter pylori (strain ATCC 700392 / 26695) (Campylobacter pylori)	37	P56058	P66637	RS9_HELPY	Helicobacter pylori (strain ATCC 700392 / 26695) (Campylobacter pylori)	129	P66637	3	 9.3	15.5	0	6Q97	f	n	1	0 : 0
P66052	RL11_HELPY	Helicobacter pylori (strain ATCC 700392 / 26695) (Campylobacter pylori)	141	P66052	P66185	RL31_HELPY	Helicobacter pylori (strain ATCC 700392 / 26695) (Campylobacter pylori)	67	P66185	1	15.5	21.8	0	8FMW	AK	Ac	1	0 : 0
P66052	RL11_HELPY	Helicobacter pylori (strain ATCC 700392 / 26695) (Campylobacter pylori)	141	P66052	P66217	RL33_HELPY	Helicobacter pylori (strain ATCC 700392 / 26695) (Campylobacter pylori)	52	P66217	2	12.1	19.1	0	3J7Z	I	1	1	0 : 0
P66052	RL11_HELPY	Helicobacter pylori (strain ATCC 700392 / 26695) (Campylobacter pylori)	141	P66052	P66246	RL34_HELPY	Helicobacter pylori (strain ATCC 700392 / 26695) (Campylobacter pylori)	44	P66246	8	 7.1	14.9	0	1NKW	G	2	1	0 : 0
P66052	RL11_HELPY	Helicobacter pylori (strain ATCC 700392 / 26695) (Campylobacter pylori)	141	P66052	P66328	RS10_HELPY	Helicobacter pylori (strain ATCC 700392 / 26695) (Campylobacter pylori)	104	P66328	6	17.8	33.6	0	4V4V	BG	AJ	1	0 : 0
P66052	RL11_HELPY	Helicobacter pylori (strain ATCC 700392 / 26695) (Campylobacter pylori)	141	P66052	P66449	RS17_HELPY	Helicobacter pylori (strain ATCC 700392 / 26695) (Campylobacter pylori)	86	P66449	2	12.8	32.6	0	1EG0	K	G	1	0 : 0
P66052	RL11_HELPY	Helicobacter pylori (strain ATCC 700392 / 26695) (Campylobacter pylori)	141	P66052	P66459	RS18_HELPY	Helicobacter pylori (strain ATCC 700392 / 26695) (Campylobacter pylori)	85	P66459	2	12.1	23.4	0	6DZI	J	r	1	0 : 0
P66052	RL11_HELPY	Helicobacter pylori (strain ATCC 700392 / 26695) (Campylobacter pylori)	141	P66052	P66572	RS5_HELPY	Helicobacter pylori (strain ATCC 700392 / 26695) (Campylobacter pylori)	147	P66572	7	17.1	34.8	0	1EG0	K	B	1	0 : 0
P66052	RL11_HELPY	Helicobacter pylori (strain ATCC 700392 / 26695) (Campylobacter pylori)	141	P66052	P66609	RS7_HELPY	Helicobacter pylori (strain ATCC 700392 / 26695) (Campylobacter pylori)	155	P66609	5	16.8	33.5	0	1EG0	K	D	1	0 : 0
P66052	RL11_HELPY	Helicobacter pylori (strain ATCC 700392 / 26695) (Campylobacter pylori)	141	P66052	P66637	RS9_HELPY	Helicobacter pylori (strain ATCC 700392 / 26695) (Campylobacter pylori)	129	P66637	2	19.4	34.0	0	4V4V	BG	AI	1	0 : 0
P66142	RL28_HELPY	Helicobacter pylori (strain ATCC 700392 / 26695) (Campylobacter pylori)	62	P66142	P66246	RL34_HELPY	Helicobacter pylori (strain ATCC 700392 / 26695) (Campylobacter pylori)	44	P66246	1	20.3	31.2	0	6V39	W	1	1	0 : 0
P66142	RL28_HELPY	Helicobacter pylori (strain ATCC 700392 / 26695) (Campylobacter pylori)	62	P66142	P66269	RL35_HELPY	Helicobacter pylori (strain ATCC 700392 / 26695) (Campylobacter pylori)	64	P66269	1	15.4	35.4	0	6V39	W	2	1	0 : 0
P66142	RL28_HELPY	Helicobacter pylori (strain ATCC 700392 / 26695) (Campylobacter pylori)	62	P66142	P66328	RS10_HELPY	Helicobacter pylori (strain ATCC 700392 / 26695) (Campylobacter pylori)	104	P66328	1	11.5	21.2	0	6V39	W	j	1	0 : 0
P66142	RL28_HELPY	Helicobacter pylori (strain ATCC 700392 / 26695) (Campylobacter pylori)	62	P66142	P66572	RS5_HELPY	Helicobacter pylori (strain ATCC 700392 / 26695) (Campylobacter pylori)	147	P66572	1	13.6	19.0	0	6V39	W	e	1	0 : 0
P66142	RL28_HELPY	Helicobacter pylori (strain ATCC 700392 / 26695) (Campylobacter pylori)	62	P66142	P66609	RS7_HELPY	Helicobacter pylori (strain ATCC 700392 / 26695) (Campylobacter pylori)	155	P66609	1	12.9	20.0	0	6V39	W	g	1	0 : 0
P66142	RL28_HELPY	Helicobacter pylori (strain ATCC 700392 / 26695) (Campylobacter pylori)	62	P66142	P66637	RS9_HELPY	Helicobacter pylori (strain ATCC 700392 / 26695) (Campylobacter pylori)	129	P66637	1	10.9	18.6	0	6V39	W	i	1	0 : 0
P66185	RL31_HELPY	Helicobacter pylori (strain ATCC 700392 / 26695) (Campylobacter pylori)	67	P66185	P66217	RL33_HELPY	Helicobacter pylori (strain ATCC 700392 / 26695) (Campylobacter pylori)	52	P66217	1	17.9	32.8	0	8FMW	Ac	Ae	1	0 : 0
P66185	RL31_HELPY	Helicobacter pylori (strain ATCC 700392 / 26695) (Campylobacter pylori)	67	P66185	P66246	RL34_HELPY	Helicobacter pylori (strain ATCC 700392 / 26695) (Campylobacter pylori)	44	P66246	2	16.4	28.4	0	1VVJ	R4	R7	1	0 : 0
P66185	RL31_HELPY	Helicobacter pylori (strain ATCC 700392 / 26695) (Campylobacter pylori)	67	P66185	P66328	RS10_HELPY	Helicobacter pylori (strain ATCC 700392 / 26695) (Campylobacter pylori)	104	P66328	2	21.0	25.7	0	4ZER	14	1j	1	0 : 0
P66185	RL31_HELPY	Helicobacter pylori (strain ATCC 700392 / 26695) (Campylobacter pylori)	67	P66185	P66572	RS5_HELPY	Helicobacter pylori (strain ATCC 700392 / 26695) (Campylobacter pylori)	147	P66572	2	12.9	21.1	0	4ZER	14	1e	1	0 : 0
P66185	RL31_HELPY	Helicobacter pylori (strain ATCC 700392 / 26695) (Campylobacter pylori)	67	P66185	P66609	RS7_HELPY	Helicobacter pylori (strain ATCC 700392 / 26695) (Campylobacter pylori)	155	P66609	1	11.0	21.3	0	8FMW	Ac	G	1	0 : 0
P66217	RL33_HELPY	Helicobacter pylori (strain ATCC 700392 / 26695) (Campylobacter pylori)	52	P66217	P66246	RL34_HELPY	Helicobacter pylori (strain ATCC 700392 / 26695) (Campylobacter pylori)	44	P66246	6	16.7	25.9	0	5LI0	5	6	1	0 : 0
P66217	RL33_HELPY	Helicobacter pylori (strain ATCC 700392 / 26695) (Campylobacter pylori)	52	P66217	P66328	RS10_HELPY	Helicobacter pylori (strain ATCC 700392 / 26695) (Campylobacter pylori)	104	P66328	7	15.4	29.8	0	5LI0	5	j	1	0 : 0
P66217	RL33_HELPY	Helicobacter pylori (strain ATCC 700392 / 26695) (Campylobacter pylori)	52	P66217	P66449	RS17_HELPY	Helicobacter pylori (strain ATCC 700392 / 26695) (Campylobacter pylori)	86	P66449	4	17.4	27.9	0	5LI0	5	q	1	0 : 0
P66217	RL33_HELPY	Helicobacter pylori (strain ATCC 700392 / 26695) (Campylobacter pylori)	52	P66217	P66459	RS18_HELPY	Helicobacter pylori (strain ATCC 700392 / 26695) (Campylobacter pylori)	85	P66459	6	14.1	24.7	0	5LI0	5	r	1	0 : 0
P66217	RL33_HELPY	Helicobacter pylori (strain ATCC 700392 / 26695) (Campylobacter pylori)	52	P66217	P66572	RS5_HELPY	Helicobacter pylori (strain ATCC 700392 / 26695) (Campylobacter pylori)	147	P66572	7	10.9	16.3	0	5LI0	5	e	1	0 : 0
P66217	RL33_HELPY	Helicobacter pylori (strain ATCC 700392 / 26695) (Campylobacter pylori)	52	P66217	P66609	RS7_HELPY	Helicobacter pylori (strain ATCC 700392 / 26695) (Campylobacter pylori)	155	P66609	6	 9.7	14.8	0	5LI0	5	g	1	0 : 0
P66246	RL34_HELPY	Helicobacter pylori (strain ATCC 700392 / 26695) (Campylobacter pylori)	44	P66246	P66269	RL35_HELPY	Helicobacter pylori (strain ATCC 700392 / 26695) (Campylobacter pylori)	64	P66269	5	15.6	23.4	0	6V39	1	2	1	0 : 0
P66246	RL34_HELPY	Helicobacter pylori (strain ATCC 700392 / 26695) (Campylobacter pylori)	44	P66246	P66328	RS10_HELPY	Helicobacter pylori (strain ATCC 700392 / 26695) (Campylobacter pylori)	104	P66328	13	12.5	20.2	0	5LI0	6	j	1	0 : 0
P66246	RL34_HELPY	Helicobacter pylori (strain ATCC 700392 / 26695) (Campylobacter pylori)	44	P66246	P66449	RS17_HELPY	Helicobacter pylori (strain ATCC 700392 / 26695) (Campylobacter pylori)	86	P66449	3	16.1	24.1	0	5LI0	6	q	1	0 : 0
P66246	RL34_HELPY	Helicobacter pylori (strain ATCC 700392 / 26695) (Campylobacter pylori)	44	P66246	P66459	RS18_HELPY	Helicobacter pylori (strain ATCC 700392 / 26695) (Campylobacter pylori)	85	P66459	8	16.5	28.2	0	5LI0	6	r	1	0 : 0
P66246	RL34_HELPY	Helicobacter pylori (strain ATCC 700392 / 26695) (Campylobacter pylori)	44	P66246	P66572	RS5_HELPY	Helicobacter pylori (strain ATCC 700392 / 26695) (Campylobacter pylori)	147	P66572	12	 9.5	15.6	0	5LI0	6	e	1	0 : 0
P66246	RL34_HELPY	Helicobacter pylori (strain ATCC 700392 / 26695) (Campylobacter pylori)	44	P66246	P66609	RS7_HELPY	Helicobacter pylori (strain ATCC 700392 / 26695) (Campylobacter pylori)	155	P66609	12	 7.7	15.5	0	5LI0	6	g	1	0 : 0
P66246	RL34_HELPY	Helicobacter pylori (strain ATCC 700392 / 26695) (Campylobacter pylori)	44	P66246	P66637	RS9_HELPY	Helicobacter pylori (strain ATCC 700392 / 26695) (Campylobacter pylori)	129	P66637	1	10.1	14.7	0	6V39	1	i	1	0 : 0
P66269	RL35_HELPY	Helicobacter pylori (strain ATCC 700392 / 26695) (Campylobacter pylori)	64	P66269	P66328	RS10_HELPY	Helicobacter pylori (strain ATCC 700392 / 26695) (Campylobacter pylori)	104	P66328	3	14.3	27.6	0	6V39	2	j	1	0 : 0
P66269	RL35_HELPY	Helicobacter pylori (strain ATCC 700392 / 26695) (Campylobacter pylori)	64	P66269	P66449	RS17_HELPY	Helicobacter pylori (strain ATCC 700392 / 26695) (Campylobacter pylori)	86	P66449	1	15.1	34.9	0	7JIL	e	v	1	0 : 0
P66269	RL35_HELPY	Helicobacter pylori (strain ATCC 700392 / 26695) (Campylobacter pylori)	64	P66269	P66459	RS18_HELPY	Helicobacter pylori (strain ATCC 700392 / 26695) (Campylobacter pylori)	85	P66459	1	15.3	30.6	0	7JIL	e	w	1	0 : 0
P66269	RL35_HELPY	Helicobacter pylori (strain ATCC 700392 / 26695) (Campylobacter pylori)	64	P66269	P66572	RS5_HELPY	Helicobacter pylori (strain ATCC 700392 / 26695) (Campylobacter pylori)	147	P66572	3	12.9	23.1	0	6V39	2	e	1	0 : 0
P66269	RL35_HELPY	Helicobacter pylori (strain ATCC 700392 / 26695) (Campylobacter pylori)	64	P66269	P66609	RS7_HELPY	Helicobacter pylori (strain ATCC 700392 / 26695) (Campylobacter pylori)	155	P66609	3	12.3	19.4	0	6V39	2	g	1	0 : 0
P66269	RL35_HELPY	Helicobacter pylori (strain ATCC 700392 / 26695) (Campylobacter pylori)	64	P66269	P66637	RS9_HELPY	Helicobacter pylori (strain ATCC 700392 / 26695) (Campylobacter pylori)	129	P66637	1	13.2	21.7	0	6V39	2	i	1	0 : 0
P66328	RS10_HELPY	Helicobacter pylori (strain ATCC 700392 / 26695) (Campylobacter pylori)	104	P66328	P66449	RS17_HELPY	Helicobacter pylori (strain ATCC 700392 / 26695) (Campylobacter pylori)	86	P66449	12	19.4	32.4	0	2YKR	J	Q	1	0 : 0
P66328	RS10_HELPY	Helicobacter pylori (strain ATCC 700392 / 26695) (Campylobacter pylori)	104	P66328	P66459	RS18_HELPY	Helicobacter pylori (strain ATCC 700392 / 26695) (Campylobacter pylori)	85	P66459	18	14.4	30.8	0	2YKR	J	R	1	0 : 0
P66328	RS10_HELPY	Helicobacter pylori (strain ATCC 700392 / 26695) (Campylobacter pylori)	104	P66328	P66572	RS5_HELPY	Helicobacter pylori (strain ATCC 700392 / 26695) (Campylobacter pylori)	147	P66572	32	10.9	26.5	0	1FJG	J	E	1	0 : 0
P66328	RS10_HELPY	Helicobacter pylori (strain ATCC 700392 / 26695) (Campylobacter pylori)	104	P66328	P66609	RS7_HELPY	Helicobacter pylori (strain ATCC 700392 / 26695) (Campylobacter pylori)	155	P66609	26	11.6	32.3	0	1FJG	J	G	1	0 : 0
P66328	RS10_HELPY	Helicobacter pylori (strain ATCC 700392 / 26695) (Campylobacter pylori)	104	P66328	P66637	RS9_HELPY	Helicobacter pylori (strain ATCC 700392 / 26695) (Campylobacter pylori)	129	P66637	7	15.5	28.7	1	2YKR	J	I	1	1 : 1
P66449	RS17_HELPY	Helicobacter pylori (strain ATCC 700392 / 26695) (Campylobacter pylori)	86	P66449	P66459	RS18_HELPY	Helicobacter pylori (strain ATCC 700392 / 26695) (Campylobacter pylori)	85	P66459	7	16.5	39.6	0	2YKR	Q	R	1	0 : 0
P66449	RS17_HELPY	Helicobacter pylori (strain ATCC 700392 / 26695) (Campylobacter pylori)	86	P66449	P66572	RS5_HELPY	Helicobacter pylori (strain ATCC 700392 / 26695) (Campylobacter pylori)	147	P66572	16	15.6	26.5	0	1EG0	G	B	1	0 : 0
P66449	RS17_HELPY	Helicobacter pylori (strain ATCC 700392 / 26695) (Campylobacter pylori)	86	P66449	P66609	RS7_HELPY	Helicobacter pylori (strain ATCC 700392 / 26695) (Campylobacter pylori)	155	P66609	12	15.4	28.8	0	1EG0	G	D	1	0 : 0
P66449	RS17_HELPY	Helicobacter pylori (strain ATCC 700392 / 26695) (Campylobacter pylori)	86	P66449	P66637	RS9_HELPY	Helicobacter pylori (strain ATCC 700392 / 26695) (Campylobacter pylori)	129	P66637	6	14.7	25.6	0	2YKR	Q	I	1	0 : 0
P66459	RS18_HELPY	Helicobacter pylori (strain ATCC 700392 / 26695) (Campylobacter pylori)	85	P66459	P66572	RS5_HELPY	Helicobacter pylori (strain ATCC 700392 / 26695) (Campylobacter pylori)	147	P66572	18	11.6	27.9	0	2YKR	R	E	1	0 : 0
P66459	RS18_HELPY	Helicobacter pylori (strain ATCC 700392 / 26695) (Campylobacter pylori)	85	P66459	P66609	RS7_HELPY	Helicobacter pylori (strain ATCC 700392 / 26695) (Campylobacter pylori)	155	P66609	17	14.6	29.3	0	2YKR	R	G	1	0 : 0
P66459	RS18_HELPY	Helicobacter pylori (strain ATCC 700392 / 26695) (Campylobacter pylori)	85	P66459	P66637	RS9_HELPY	Helicobacter pylori (strain ATCC 700392 / 26695) (Campylobacter pylori)	129	P66637	4	20.8	33.8	0	2YKR	R	I	1	0 : 0
P66572	RS5_HELPY	Helicobacter pylori (strain ATCC 700392 / 26695) (Campylobacter pylori)	147	P66572	P66609	RS7_HELPY	Helicobacter pylori (strain ATCC 700392 / 26695) (Campylobacter pylori)	155	P66609	29	17.5	33.8	0	1DV4	E	G	1	0 : 0
P66572	RS5_HELPY	Helicobacter pylori (strain ATCC 700392 / 26695) (Campylobacter pylori)	147	P66572	P66637	RS9_HELPY	Helicobacter pylori (strain ATCC 700392 / 26695) (Campylobacter pylori)	129	P66637	8	15.4	27.5	0	2YKR	E	I	1	0 : 0
P66609	RS7_HELPY	Helicobacter pylori (strain ATCC 700392 / 26695) (Campylobacter pylori)	155	P66609	P66637	RS9_HELPY	Helicobacter pylori (strain ATCC 700392 / 26695) (Campylobacter pylori)	129	P66637	9	13.7	31.1	1	2YKR	G	I	1	1 : 1
O25071	O25071_HELPY	Helicobacter pylori (strain ATCC 700392 / 26695) (Campylobacter pylori)	285	O25071	O25072	O25072_HELPY	Helicobacter pylori (strain ATCC 700392 / 26695) (Campylobacter pylori)	287	O25072	1	15.0	31.0	0	8Z1V	B	C	1	0 : 0
O25071	O25071_HELPY	Helicobacter pylori (strain ATCC 700392 / 26695) (Campylobacter pylori)	285	O25071	O25073	O25073_HELPY	Helicobacter pylori (strain ATCC 700392 / 26695) (Campylobacter pylori)	268	O25073	1	13.7	32.4	1	8Z1V	B	D	1	1 : 1
O25072	O25072_HELPY	Helicobacter pylori (strain ATCC 700392 / 26695) (Campylobacter pylori)	287	O25072	O25073	O25073_HELPY	Helicobacter pylori (strain ATCC 700392 / 26695) (Campylobacter pylori)	268	O25073	3	39.1	60.5	1	8Z1V	C	D	1	1 : 1
O25258	O25258_HELPY	Helicobacter pylori (strain ATCC 700392 / 26695) (Campylobacter pylori)	481	O25258	O25270	O25270_HELPY	Helicobacter pylori (strain ATCC 700392 / 26695) (Campylobacter pylori)	376	O25270	1	16.1	32.9	1	6X6S	AA	AM	1	1 : 1
O25260	O25260_HELPY	Helicobacter pylori (strain ATCC 700392 / 26695) (Campylobacter pylori)	748	O25260	O25261	O25261_HELPY	Helicobacter pylori (strain ATCC 700392 / 26695) (Campylobacter pylori)	199	O25261	1	 8.7	14.4	1	6JHO	C	A	1	1 : 1
O25262	O25262_HELPY	Helicobacter pylori (strain ATCC 700392 / 26695) (Campylobacter pylori)	1927	O25262	O25263	O25263_HELPY	Helicobacter pylori (strain ATCC 700392 / 26695) (Campylobacter pylori)	522	O25263	2	 9.7	15.7	1	6X6J	AY	AX	1	1 : 1
O25310	O25310_HELPY	Helicobacter pylori (strain ATCC 700392 / 26695) (Campylobacter pylori)	113	O25310	O25311	O25311_HELPY	Helicobacter pylori (strain ATCC 700392 / 26695) (Campylobacter pylori)	375	O25311	1	 9.3	17.3	0	8YS5	D	A	1	0 : 0
O25310	O25310_HELPY	Helicobacter pylori (strain ATCC 700392 / 26695) (Campylobacter pylori)	113	O25310	O25312	O25312_HELPY	Helicobacter pylori (strain ATCC 700392 / 26695) (Campylobacter pylori)	273	O25312	1	12.5	16.8	1	8YS5	D	C	1	1 : 1
O25310	O25310_HELPY	Helicobacter pylori (strain ATCC 700392 / 26695) (Campylobacter pylori)	113	O25310	O25313	O25313_HELPY	Helicobacter pylori (strain ATCC 700392 / 26695) (Campylobacter pylori)	186	O25313	1	12.8	26.2	1	8YS5	D	B	1	1 : 1
O25311	O25311_HELPY	Helicobacter pylori (strain ATCC 700392 / 26695) (Campylobacter pylori)	375	O25311	O25312	O25312_HELPY	Helicobacter pylori (strain ATCC 700392 / 26695) (Campylobacter pylori)	273	O25312	1	14.6	26.5	1	8YS5	A	C	1	1 : 1
O25311	O25311_HELPY	Helicobacter pylori (strain ATCC 700392 / 26695) (Campylobacter pylori)	375	O25311	O25313	O25313_HELPY	Helicobacter pylori (strain ATCC 700392 / 26695) (Campylobacter pylori)	186	O25313	1	13.6	22.9	1	8YS5	A	B	1	1 : 1
O25312	O25312_HELPY	Helicobacter pylori (strain ATCC 700392 / 26695) (Campylobacter pylori)	273	O25312	O25313	O25313_HELPY	Helicobacter pylori (strain ATCC 700392 / 26695) (Campylobacter pylori)	186	O25313	1	16.1	31.4	1	8YS5	C	B	1	1 : 1
O25402	O25402_HELPY	Helicobacter pylori (strain ATCC 700392 / 26695) (Campylobacter pylori)	713	O25402	O25403	O25403_HELPY	Helicobacter pylori (strain ATCC 700392 / 26695) (Campylobacter pylori)	765	O25403	3	16.1	32.2	1	5M45	B	A	1	1 : 1
O25402	O25402_HELPY	Helicobacter pylori (strain ATCC 700392 / 26695) (Campylobacter pylori)	713	O25402	O25404	O25404_HELPY	Helicobacter pylori (strain ATCC 700392 / 26695) (Campylobacter pylori)	168	O25404	3	 8.1	12.1	1	5M45	B	C	1	1 : 1
O25403	O25403_HELPY	Helicobacter pylori (strain ATCC 700392 / 26695) (Campylobacter pylori)	765	O25403	O25404	O25404_HELPY	Helicobacter pylori (strain ATCC 700392 / 26695) (Campylobacter pylori)	168	O25404	3	 8.0	13.1	1	5M45	A	C	1	1 : 1
O26068	O26068_HELPY	Helicobacter pylori (strain ATCC 700392 / 26695) (Campylobacter pylori)	312	O26068	O26069	O26069_HELPY	Helicobacter pylori (strain ATCC 700392 / 26695) (Campylobacter pylori)	308	O26069	1	29.2	51.4	1	5J1L	A	B	1	1 : 1
