Entry	Reviewed	Entry Name	Gene Names	Length	Organism	Interacts with	Subcellular location [CC]	3D
O08314	reviewed	TGT_HELPY	tgt HP_0281	371	Helicobacter pylori (strain ATCC 700392 / 26695) (Campylobacter pylori)			
O24915	reviewed	MQMTN_HELPY	mtnN mtn HP_0089	231	Helicobacter pylori (strain ATCC 700392 / 26695) (Campylobacter pylori)			X-ray crystallography (4)
O25001	reviewed	HCPA_HELPY	hcpA HP_0211	250	Helicobacter pylori (strain ATCC 700392 / 26695) (Campylobacter pylori)		SUBCELLULAR LOCATION: Secreted {ECO:0000269|PubMed:9596777}.	
O25067	reviewed	AMIE_HELPY	amiE HP_0294	339	Helicobacter pylori (strain ATCC 700392 / 26695) (Campylobacter pylori)			
O25080	reviewed	PGDAE_HELPY	pgdA HP_0310 C694_01565	293	Helicobacter pylori (strain ATCC 700392 / 26695) (Campylobacter pylori)			
O25119	reviewed	FLIG_HELPY	fliG C694_01785 HP_0352	343	Helicobacter pylori (strain ATCC 700392 / 26695) (Campylobacter pylori)		SUBCELLULAR LOCATION: Cell inner membrane {ECO:0000250|UniProtKB:P0ABZ1}; Peripheral membrane protein {ECO:0000250|UniProtKB:P0ABZ1}; Cytoplasmic side {ECO:0000250|UniProtKB:P0ABZ1}. Bacterial flagellum basal body {ECO:0000250|UniProtKB:P0ABZ1}.	X-ray crystallography (4)
O25503	reviewed	SPEE_HELPY	speE HP_0832	262	Helicobacter pylori (strain ATCC 700392 / 26695) (Campylobacter pylori)		SUBCELLULAR LOCATION: Cytoplasm {ECO:0000255|HAMAP-Rule:MF_00198}.	X-ray crystallography (3)
O25533	reviewed	COAX_HELPY	coaX coaA HP_0862	223	Helicobacter pylori (strain ATCC 700392 / 26695) (Campylobacter pylori)	O26009	SUBCELLULAR LOCATION: Cytoplasm {ECO:0000250}.	
O25560	reviewed	HYPB_HELPY	hypB HP_0900	242	Helicobacter pylori (strain ATCC 700392 / 26695) (Campylobacter pylori)			X-ray crystallography (1)
O25830	reviewed	DHPRS_HELPY	folP C694_06360 HP_1232	380	Helicobacter pylori (strain ATCC 700392 / 26695) (Campylobacter pylori)			
O25916	reviewed	DNAB_HELPY	dnaB HP_1362	488	Helicobacter pylori (strain ATCC 700392 / 26695) (Campylobacter pylori)	O25916		X-ray crystallography (3)
O26061	reviewed	THYX_HELPY	thyX HP_1533	208	Helicobacter pylori (strain ATCC 700392 / 26695) (Campylobacter pylori)			X-ray crystallography (1)
P0DUM4	reviewed	AAPA1_HELPY	aapA1 HP_1177.1	30	Helicobacter pylori (strain ATCC 700392 / 26695) (Campylobacter pylori)		SUBCELLULAR LOCATION: Cell inner membrane {ECO:0000305|PubMed:31476357, ECO:0000305|PubMed:33229580}.	NMR spectroscopy (2)
P14916	reviewed	URE23_HELPY	ureA hpuA HP_0073	238	Helicobacter pylori (strain ATCC 700392 / 26695) (Campylobacter pylori)	P69996	SUBCELLULAR LOCATION: Cytoplasm {ECO:0000255|HAMAP-Rule:MF_01955, ECO:0000269|PubMed:8641799}. Note=Also associates with the outer membrane upon autolysis of neighboring bacteria.	Electron microscopy (3); X-ray crystallography (2)
P42445	reviewed	RECA_HELPY	recA HP_0153	347	Helicobacter pylori (strain ATCC 700392 / 26695) (Campylobacter pylori)		SUBCELLULAR LOCATION: Cytoplasm {ECO:0000255|HAMAP-Rule:MF_00268}.	
P43313	reviewed	DPS_HELPY	dps napA HP_0243	144	Helicobacter pylori (strain ATCC 700392 / 26695) (Campylobacter pylori)		SUBCELLULAR LOCATION: Cytoplasm.	X-ray crystallography (1)
P56065	reviewed	PAND_HELPY	panD HP_0034	117	Helicobacter pylori (strain ATCC 700392 / 26695) (Campylobacter pylori)		SUBCELLULAR LOCATION: Cytoplasm {ECO:0000255|HAMAP-Rule:MF_00446}.	X-ray crystallography (2)
P56076	reviewed	TPIS_HELPY	tpiA tpi HP_0194	234	Helicobacter pylori (strain ATCC 700392 / 26695) (Campylobacter pylori)		SUBCELLULAR LOCATION: Cytoplasm {ECO:0000255|HAMAP-Rule:MF_00147}.	X-ray crystallography (1)
P69996	reviewed	URE1_HELPY	ureB hpuB HP_0072	569	Helicobacter pylori (strain ATCC 700392 / 26695) (Campylobacter pylori)	P14916	SUBCELLULAR LOCATION: Cytoplasm {ECO:0000255|HAMAP-Rule:MF_01953, ECO:0000269|PubMed:8641799}. Note=Also associates with the outer membrane upon autolysis of neighboring bacteria.	Electron microscopy (3); X-ray crystallography (2)
P96786	reviewed	FLID_HELPY	fliD HP_0752	685	Helicobacter pylori (strain ATCC 700392 / 26695) (Campylobacter pylori)		SUBCELLULAR LOCATION: Secreted. Bacterial flagellum.	X-ray crystallography (1)
Q09068	reviewed	UREI_HELPY	ureI HP_0071	195	Helicobacter pylori (strain ATCC 700392 / 26695) (Campylobacter pylori)	O34810; O26033	SUBCELLULAR LOCATION: Cell inner membrane; Multi-pass membrane protein.	
Q59465	reviewed	HMCT_HELPY	cadA HP_0791	686	Helicobacter pylori (strain ATCC 700392 / 26695) (Campylobacter pylori)		SUBCELLULAR LOCATION: Cell membrane; Multi-pass membrane protein.	
O05728	reviewed	VAPD_HELPY	vapD HP_0315	94	Helicobacter pylori (strain ATCC 700392 / 26695) (Campylobacter pylori)			X-ray crystallography (1)
O07678	reviewed	PRMA_HELPY	prmA hsm HP_1068	333	Helicobacter pylori (strain ATCC 700392 / 26695) (Campylobacter pylori)		SUBCELLULAR LOCATION: Cytoplasm {ECO:0000255|HAMAP-Rule:MF_00735}.	
O24866	reviewed	LPXE_HELPY	lpxE HP_0021 C694_00100	190	Helicobacter pylori (strain ATCC 700392 / 26695) (Campylobacter pylori)		SUBCELLULAR LOCATION: Cell inner membrane {ECO:0000305|PubMed:15489235, ECO:0000305|PubMed:16740959}; Multi-pass membrane protein {ECO:0000255}. Note=Activity depends on msbA function when expressed in E.coli, strongly suggesting this protein acts in the periplasm (MsbA flips the lipopolysaccharide precursor across the inner cell membrane). {ECO:0000269|PubMed:15489235}.	
O24872	reviewed	BIOD_HELPY	bioD HP_0029	218	Helicobacter pylori (strain ATCC 700392 / 26695) (Campylobacter pylori)		SUBCELLULAR LOCATION: Cytoplasm {ECO:0000255|HAMAP-Rule:MF_00336}.	X-ray crystallography (8)
O24973	reviewed	ARSR_HELPY	arsR HP_0166	225	Helicobacter pylori (strain ATCC 700392 / 26695) (Campylobacter pylori)			
O24990	reviewed	FABI_HELPY	fabI HP_0195	275	Helicobacter pylori (strain ATCC 700392 / 26695) (Campylobacter pylori)			X-ray crystallography (2)
O25011	reviewed	MSRAB_HELPY	msrAB msrA HP_0224	359	Helicobacter pylori (strain ATCC 700392 / 26695) (Campylobacter pylori)			X-ray crystallography (1)
O25087	reviewed	HUGZ_HELPY	hugZ HP_0318	251	Helicobacter pylori (strain ATCC 700392 / 26695) (Campylobacter pylori)		SUBCELLULAR LOCATION: Cytoplasm {ECO:0000269|PubMed:19091096}.	X-ray crystallography (1)
O25097	reviewed	ILVC_HELPY	ilvC HP_0330	330	Helicobacter pylori (strain ATCC 700392 / 26695) (Campylobacter pylori)			
O25116	reviewed	PYRG_HELPY	pyrG HP_0349	538	Helicobacter pylori (strain ATCC 700392 / 26695) (Campylobacter pylori)			
O25130	reviewed	PSEC_HELPY	pseC HP_0366	375	Helicobacter pylori (strain ATCC 700392 / 26695) (Campylobacter pylori)			X-ray crystallography (3)
O25153	reviewed	CHEAY_HELPY	cheAY HP_0392	803	Helicobacter pylori (strain ATCC 700392 / 26695) (Campylobacter pylori)	O25152; P71403		
O25338	reviewed	MUTS2_HELPY	mutS2 mutSB HP_0621	762	Helicobacter pylori (strain ATCC 700392 / 26695) (Campylobacter pylori)			
O25386	reviewed	XERH_HELPY	xerH HP_0675	362	Helicobacter pylori (strain ATCC 700392 / 26695) (Campylobacter pylori)		SUBCELLULAR LOCATION: Cytoplasm {ECO:0000255|HAMAP-Rule:MF_02054, ECO:0000305}.	X-ray crystallography (2)
O25393	reviewed	GLMU_HELPY	glmU HP_0683	433	Helicobacter pylori (strain ATCC 700392 / 26695) (Campylobacter pylori)		SUBCELLULAR LOCATION: Cytoplasm {ECO:0000255|HAMAP-Rule:MF_01631}.	
O25511	reviewed	PSEB_HELPY	pseB flaA1 HP_0840	333	Helicobacter pylori (strain ATCC 700392 / 26695) (Campylobacter pylori)			X-ray crystallography (5)
O25512	unreviewed	O25512_HELPY	coaBC HP_0841	425	Helicobacter pylori (strain ATCC 700392 / 26695) (Campylobacter pylori)			
O25529	reviewed	HLDE_HELPY	hldE rfaE waaE HP_0858	461	Helicobacter pylori (strain ATCC 700392 / 26695) (Campylobacter pylori)			
O25577	reviewed	CARB_HELPY	carB HP_0919	1085	Helicobacter pylori (strain ATCC 700392 / 26695) (Campylobacter pylori)			
O25608	reviewed	RDXA_HELPY	rdxA HP_0954	210	Helicobacter pylori (strain ATCC 700392 / 26695) (Campylobacter pylori)			X-ray crystallography (1)
O25656	reviewed	PPQQE_HELPY	pqqE HP_1012	444	Helicobacter pylori (strain ATCC 700392 / 26695) (Campylobacter pylori)		SUBCELLULAR LOCATION: Secreted {ECO:0000269|PubMed:17533641}.	
O25743	unreviewed	O25743_HELPY	HP_1118	567	Helicobacter pylori (strain ATCC 700392 / 26695) (Campylobacter pylori)			X-ray crystallography (5)
O25801	reviewed	DHAS_HELPY	asd HP_1189	346	Helicobacter pylori (strain ATCC 700392 / 26695) (Campylobacter pylori)			
O25806	reviewed	RPOBC_HELPY	rpoBC HP_1198	2890	Helicobacter pylori (strain ATCC 700392 / 26695) (Campylobacter pylori)	O25676		
O25835	reviewed	CARA_HELPY	carA HP_1237	375	Helicobacter pylori (strain ATCC 700392 / 26695) (Campylobacter pylori)			
O25836	reviewed	AMIF_HELPY	amiF HP_1238	334	Helicobacter pylori (strain ATCC 700392 / 26695) (Campylobacter pylori)			X-ray crystallography (4)
O25896	reviewed	NIKR_HELPY	HP_1338	148	Helicobacter pylori (strain ATCC 700392 / 26695) (Campylobacter pylori)	O25896		X-ray crystallography (12)
O25970	reviewed	RLMN_HELPY	rlmN HP_1428	357	Helicobacter pylori (strain ATCC 700392 / 26695) (Campylobacter pylori)		SUBCELLULAR LOCATION: Cytoplasm {ECO:0000255|HAMAP-Rule:MF_01849}.	
O26010	reviewed	COAD_HELPY	coaD kdtB HP_1475	157	Helicobacter pylori (strain ATCC 700392 / 26695) (Campylobacter pylori)		SUBCELLULAR LOCATION: Cytoplasm {ECO:0000255|HAMAP-Rule:MF_00151}.	X-ray crystallography (2)
O26027	reviewed	MURE_HELPY	murE HP_1494	447	Helicobacter pylori (strain ATCC 700392 / 26695) (Campylobacter pylori)		SUBCELLULAR LOCATION: Cytoplasm {ECO:0000255|HAMAP-Rule:MF_00208}.	
P0A0U4	reviewed	HYPA_HELPY	hypA HP_0869	117	Helicobacter pylori (strain ATCC 700392 / 26695) (Campylobacter pylori)			NMR spectroscopy (1)
P25177	reviewed	GLMM_HELPY	glmM ureC HP_0075	445	Helicobacter pylori (strain ATCC 700392 / 26695) (Campylobacter pylori)			
P42383	reviewed	CH60_HELPY	groEL groL hsp60 hspB mopA HP_0010	546	Helicobacter pylori (strain ATCC 700392 / 26695) (Campylobacter pylori)		SUBCELLULAR LOCATION: Cytoplasm {ECO:0000255|HAMAP-Rule:MF_00600}.	
P55989	reviewed	COPA_HELPY	copA HP_1072	745	Helicobacter pylori (strain ATCC 700392 / 26695) (Campylobacter pylori)		SUBCELLULAR LOCATION: Cell membrane; Multi-pass membrane protein.	
P55991	reviewed	TOP1_HELPY	topA HP_0116	736	Helicobacter pylori (strain ATCC 700392 / 26695) (Campylobacter pylori)	O26081		
P55995	reviewed	LON_HELPY	lon HP_1379	835	Helicobacter pylori (strain ATCC 700392 / 26695) (Campylobacter pylori)		SUBCELLULAR LOCATION: Cytoplasm {ECO:0000255|HAMAP-Rule:MF_01973}.	
P56029	reviewed	RL1_HELPY	rplA HP_1201	234	Helicobacter pylori (strain ATCC 700392 / 26695) (Campylobacter pylori)			NMR spectroscopy (7)
P56064	reviewed	DNAG_HELPY	dnaG HP_0012	559	Helicobacter pylori (strain ATCC 700392 / 26695) (Campylobacter pylori)			X-ray crystallography (1)
P56073	reviewed	AROK_HELPY	aroK HP_0157	162	Helicobacter pylori (strain ATCC 700392 / 26695) (Campylobacter pylori)		SUBCELLULAR LOCATION: Cytoplasm {ECO:0000250}.	X-ray crystallography (6)
P56081	reviewed	AROB_HELPY	aroB HP_0283	343	Helicobacter pylori (strain ATCC 700392 / 26695) (Campylobacter pylori)		SUBCELLULAR LOCATION: Cytoplasm {ECO:0000255|HAMAP-Rule:MF_00110}.	X-ray crystallography (1)
P56118	reviewed	RNC_HELPY	rnc HP_0662	239	Helicobacter pylori (strain ATCC 700392 / 26695) (Campylobacter pylori)		SUBCELLULAR LOCATION: Cytoplasm {ECO:0000255|HAMAP-Rule:MF_00104}.	
P56119	reviewed	AROE_HELPY	aroE HP_1249	263	Helicobacter pylori (strain ATCC 700392 / 26695) (Campylobacter pylori)			X-ray crystallography (10)
P56122	reviewed	AROC_HELPY	aroC	365	Helicobacter pylori (strain ATCC 700392 / 26695) (Campylobacter pylori)			X-ray crystallography (2)
P56138	reviewed	MNMG_HELPY	mnmG gidA HP_0213	621	Helicobacter pylori (strain ATCC 700392 / 26695) (Campylobacter pylori)		SUBCELLULAR LOCATION: Cytoplasm {ECO:0000255|HAMAP-Rule:MF_00129}.	
P56176	reviewed	NNR_HELPY	nnr HP_1363	466	Helicobacter pylori (strain ATCC 700392 / 26695) (Campylobacter pylori)			X-ray crystallography (1)
P56184	reviewed	KPRS_HELPY	prs prsA HP_0742	318	Helicobacter pylori (strain ATCC 700392 / 26695) (Campylobacter pylori)		SUBCELLULAR LOCATION: Cytoplasm {ECO:0000255|HAMAP-Rule:MF_00583}.	
P56185	reviewed	RNJ_HELPY	rnj HP_1430	689	Helicobacter pylori (strain ATCC 700392 / 26695) (Campylobacter pylori)		SUBCELLULAR LOCATION: Cytoplasm {ECO:0000255|HAMAP-Rule:MF_01491}. Note=The RNaseJ-RhpA complex co-localizes with 70S ribosomes and polysomes; remains associated with ribosomes in the absence of RhpA. {ECO:0000250|UniProtKB:B9XZG7}.	X-ray crystallography (1)
P56418	reviewed	ACNB_HELPY	acnB HP_0779	852	Helicobacter pylori (strain ATCC 700392 / 26695) (Campylobacter pylori)			
P56459	reviewed	SYDND_HELPY	aspS HP_0617	577	Helicobacter pylori (strain ATCC 700392 / 26695) (Campylobacter pylori)		SUBCELLULAR LOCATION: Cytoplasm {ECO:0000255|HAMAP-Rule:MF_00044}.	X-ray crystallography (1)
P71403	reviewed	CHEY1_HELPY	cheY1 HP_1067	124	Helicobacter pylori (strain ATCC 700392 / 26695) (Campylobacter pylori)	O25153	SUBCELLULAR LOCATION: Cytoplasm {ECO:0000305}.	X-ray crystallography (4)
P71408	reviewed	FTSH_HELPY	ftsH HP_1069	632	Helicobacter pylori (strain ATCC 700392 / 26695) (Campylobacter pylori)		SUBCELLULAR LOCATION: Cell inner membrane {ECO:0000305|PubMed:8892813}; Multi-pass membrane protein {ECO:0000305|PubMed:8892813}; Cytoplasmic side {ECO:0000305|PubMed:8892813}.	X-ray crystallography (2)
P94846	reviewed	UVRB_HELPY	uvrB HP_1114	658	Helicobacter pylori (strain ATCC 700392 / 26695) (Campylobacter pylori)		SUBCELLULAR LOCATION: Cytoplasm {ECO:0000255|HAMAP-Rule:MF_00204}.	
Q07911	reviewed	FLAB_HELPY	flaB HP_0115	514	Helicobacter pylori (strain ATCC 700392 / 26695) (Campylobacter pylori)	O25448	SUBCELLULAR LOCATION: Secreted. Bacterial flagellum.	X-ray crystallography (1)
Q09066	reviewed	UREG_HELPY	ureG HP_0068	199	Helicobacter pylori (strain ATCC 700392 / 26695) (Campylobacter pylori)	Q09064; Q09065; Q09066	SUBCELLULAR LOCATION: Cytoplasm {ECO:0000255|HAMAP-Rule:MF_01389}.	X-ray crystallography (1)
Q48252	reviewed	CAGE_HELPY	cagE cag23 picB HP_0544	983	Helicobacter pylori (strain ATCC 700392 / 26695) (Campylobacter pylori)		SUBCELLULAR LOCATION: Cell inner membrane {ECO:0000269|PubMed:26565397}; Peripheral membrane protein {ECO:0000269|PubMed:26565397}; Cytoplasmic side {ECO:0000269|PubMed:26565397}.	
Q48255	reviewed	AROQ_HELPY	aroQ HP_1038	167	Helicobacter pylori (strain ATCC 700392 / 26695) (Campylobacter pylori)			X-ray crystallography (10)
O06758	reviewed	FLHA_HELPY	flhA flbA HP_1041	733	Helicobacter pylori (strain ATCC 700392 / 26695) (Campylobacter pylori)	O25747	SUBCELLULAR LOCATION: Cell membrane {ECO:0000305}; Multi-pass membrane protein {ECO:0000305}.	X-ray crystallography (1)
O06913	reviewed	FRDA_HELPY	frdA HP_0192	714	Helicobacter pylori (strain ATCC 700392 / 26695) (Campylobacter pylori)		SUBCELLULAR LOCATION: Cell inner membrane {ECO:0000250|UniProtKB:P17412}; Peripheral membrane protein {ECO:0000250|UniProtKB:P17412}; Cytoplasmic side {ECO:0000250|UniProtKB:P17412}.	
O06914	reviewed	FRDB_HELPY	frdB HP_0191	245	Helicobacter pylori (strain ATCC 700392 / 26695) (Campylobacter pylori)			
O07025	reviewed	FLII_HELPY	fliI HP_1420	434	Helicobacter pylori (strain ATCC 700392 / 26695) (Campylobacter pylori)	O25120	SUBCELLULAR LOCATION: Cytoplasm {ECO:0000305}.	
O08315	reviewed	RIBA_HELPY	ribA HP_0802	192	Helicobacter pylori (strain ATCC 700392 / 26695) (Campylobacter pylori)			X-ray crystallography (1)
O24854	reviewed	RISB_HELPY	ribH ribE HP_0002	156	Helicobacter pylori (strain ATCC 700392 / 26695) (Campylobacter pylori)			
O24867	reviewed	EPTA_HELPY	eptA HP_0022 C694_00105	521	Helicobacter pylori (strain ATCC 700392 / 26695) (Campylobacter pylori)		SUBCELLULAR LOCATION: Cell inner membrane {ECO:0000250|UniProtKB:P36555}; Multi-pass membrane protein {ECO:0000250|UniProtKB:P36555}.	
O24886	unreviewed	O24886_HELPY	fcl HP_0045	310	Helicobacter pylori (strain ATCC 700392 / 26695) (Campylobacter pylori)			
O24913	reviewed	MQO_HELPY	mqo HP_0086	450	Helicobacter pylori (strain ATCC 700392 / 26695) (Campylobacter pylori)		SUBCELLULAR LOCATION: Cell membrane; Peripheral membrane protein.	
O24926	reviewed	QUEH_HELPY	queH HP_0100	368	Helicobacter pylori (strain ATCC 700392 / 26695) (Campylobacter pylori)	O34461		
O24958	reviewed	CCOP_HELPY	ccoP HP_0147	286	Helicobacter pylori (strain ATCC 700392 / 26695) (Campylobacter pylori)		SUBCELLULAR LOCATION: Cell inner membrane {ECO:0000250|UniProtKB:Q8KS19, ECO:0000255}; Multi-pass membrane protein {ECO:0000250|UniProtKB:Q8KS19, ECO:0000255}.	
O24968	reviewed	HCPD_HELPY	hcpD HP_0160	306	Helicobacter pylori (strain ATCC 700392 / 26695) (Campylobacter pylori)		SUBCELLULAR LOCATION: Secreted {ECO:0000250}.	
O24972	reviewed	ARSS_HELPY	arsS HP_0164/HP_0165	427	Helicobacter pylori (strain ATCC 700392 / 26695) (Campylobacter pylori)		SUBCELLULAR LOCATION: Membrane {ECO:0000255}; Multi-pass membrane protein {ECO:0000255}.	
O24976	reviewed	CHEZ_HELPY	cheZ HP_0170	253	Helicobacter pylori (strain ATCC 700392 / 26695) (Campylobacter pylori)		SUBCELLULAR LOCATION: Cytoplasm {ECO:0000269|PubMed:26061894}. Note=Localizes to the cell poles. {ECO:0000269|PubMed:26061894}.	
O24982	reviewed	LNT_HELPY	lnt HP_0180	425	Helicobacter pylori (strain ATCC 700392 / 26695) (Campylobacter pylori)		SUBCELLULAR LOCATION: Cell inner membrane {ECO:0000255|HAMAP-Rule:MF_01148}; Multi-pass membrane protein {ECO:0000255|HAMAP-Rule:MF_01148}.	
O24993	reviewed	PLSX_HELPY	plsX HP_0201	337	Helicobacter pylori (strain ATCC 700392 / 26695) (Campylobacter pylori)		SUBCELLULAR LOCATION: Cytoplasm {ECO:0000255|HAMAP-Rule:MF_00019}. Note=Associated with the membrane possibly through PlsY. {ECO:0000255|HAMAP-Rule:MF_00019}.	
O24994	reviewed	FABH_HELPY	fabH HP_0202	331	Helicobacter pylori (strain ATCC 700392 / 26695) (Campylobacter pylori)		SUBCELLULAR LOCATION: Cytoplasm {ECO:0000255|HAMAP-Rule:MF_01815}.	
O25002	reviewed	DAPE_HELPY	dapE HP_0212	383	Helicobacter pylori (strain ATCC 700392 / 26695) (Campylobacter pylori)			
O25004	reviewed	CDSA_HELPY	cdsA HP_0215	266	Helicobacter pylori (strain ATCC 700392 / 26695) (Campylobacter pylori)		SUBCELLULAR LOCATION: Cell inner membrane {ECO:0000250}; Multi-pass membrane protein {ECO:0000250}.	
O25008	reviewed	ISCS_HELPY	iscS HP_0220	387	Helicobacter pylori (strain ATCC 700392 / 26695) (Campylobacter pylori)	O25852	SUBCELLULAR LOCATION: Cytoplasm {ECO:0000255|HAMAP-Rule:MF_00331}.	X-ray crystallography (10)
O25021	reviewed	HCPE_HELPY	hcpE HP_0235	355	Helicobacter pylori (strain ATCC 700392 / 26695) (Campylobacter pylori)		SUBCELLULAR LOCATION: Secreted {ECO:0000305}.	
O25026	reviewed	FLGS_HELPY	flgS HP_0244	381	Helicobacter pylori (strain ATCC 700392 / 26695) (Campylobacter pylori)			
O25029	reviewed	RHPA_HELPY	rhpA HP_0247 C694_01250	492	Helicobacter pylori (strain ATCC 700392 / 26695) (Campylobacter pylori)		SUBCELLULAR LOCATION: Cytoplasm. Note=The RNaseJ-RhpA complex co-localizes with 70S ribosomes and polysomes; remains associated with ribosomes in the absence of RNase J. {ECO:0000250}.	
O25046	reviewed	ADDE_HELPY	HP_0267 C694_01350	409	Helicobacter pylori (strain ATCC 700392 / 26695) (Campylobacter pylori)			
O25074	reviewed	OBG_HELPY	obg HP_0303	360	Helicobacter pylori (strain ATCC 700392 / 26695) (Campylobacter pylori)		SUBCELLULAR LOCATION: Cytoplasm {ECO:0000255|HAMAP-Rule:MF_01454}.	
O25089	reviewed	CHPEP_HELPY	chePep HP_0322	505	Helicobacter pylori (strain ATCC 700392 / 26695) (Campylobacter pylori)		SUBCELLULAR LOCATION: Cytoplasm {ECO:0000269|PubMed:21791582, ECO:0000269|PubMed:26061894}. Note=Localizes to the cell poles. {ECO:0000269|PubMed:26061894}.	
O25093	reviewed	PSEFG_HELPY	HP_0326	517	Helicobacter pylori (strain ATCC 700392 / 26695) (Campylobacter pylori)			
O25095	reviewed	LPXK_HELPY	lpxK HP_0328	312	Helicobacter pylori (strain ATCC 700392 / 26695) (Campylobacter pylori)			
O25096	reviewed	NADE_HELPY	nadE HP_0329	260	Helicobacter pylori (strain ATCC 700392 / 26695) (Campylobacter pylori)			X-ray crystallography (2)
O25103	reviewed	HCPB_HELPY	hcpB HP_0336	138	Helicobacter pylori (strain ATCC 700392 / 26695) (Campylobacter pylori)			X-ray crystallography (1)
O25121	reviewed	DXS_HELPY	dxs HP_0354	618	Helicobacter pylori (strain ATCC 700392 / 26695) (Campylobacter pylori)			
O25122	reviewed	LEPA_HELPY	lepA HP_0355	602	Helicobacter pylori (strain ATCC 700392 / 26695) (Campylobacter pylori)		SUBCELLULAR LOCATION: Cell inner membrane {ECO:0000255|HAMAP-Rule:MF_00071}; Peripheral membrane protein {ECO:0000255|HAMAP-Rule:MF_00071}; Cytoplasmic side {ECO:0000255|HAMAP-Rule:MF_00071}.	
O25136	reviewed	DCD_HELPY	dcd HP_0372	188	Helicobacter pylori (strain ATCC 700392 / 26695) (Campylobacter pylori)			
O25142	unreviewed	O25142_HELPY	HP_0379	425	Helicobacter pylori (strain ATCC 700392 / 26695) (Campylobacter pylori)		SUBCELLULAR LOCATION: Membrane {ECO:0000256|PIRNR:PIRNR016150}; Peripheral membrane protein {ECO:0000256|PIRNR:PIRNR016150}. Cytoplasm {ECO:0000256|PIRNR:PIRNR016150}. Note=Predominantly localizes at the membrane. {ECO:0000256|PIRNR:PIRNR016150}.	
O25149	reviewed	PRIA_HELPY	priA HP_0387	619	Helicobacter pylori (strain ATCC 700392 / 26695) (Campylobacter pylori)			
O25151	reviewed	TPX_HELPY	tpx HP_0390	166	Helicobacter pylori (strain ATCC 700392 / 26695) (Campylobacter pylori)			
O25152	reviewed	CHEW_HELPY	cheW HP_0391	165	Helicobacter pylori (strain ATCC 700392 / 26695) (Campylobacter pylori)	O25153; O25606		
O25165	reviewed	GUAA_HELPY	guaA HP_0409	508	Helicobacter pylori (strain ATCC 700392 / 26695) (Campylobacter pylori)			
O25225	reviewed	BIPA_HELPY	bipA HP_0480	599	Helicobacter pylori (strain ATCC 700392 / 26695) (Campylobacter pylori)		SUBCELLULAR LOCATION: Cytoplasm {ECO:0000255|HAMAP-Rule:MF_00849}. Note=Binds to ribosomes. {ECO:0000255|HAMAP-Rule:MF_00849}.	
O25235	reviewed	MRAY_HELPY	mraY HP_0493	353	Helicobacter pylori (strain ATCC 700392 / 26695) (Campylobacter pylori)		SUBCELLULAR LOCATION: Cell inner membrane {ECO:0000255|HAMAP-Rule:MF_00038}; Multi-pass membrane protein {ECO:0000255|HAMAP-Rule:MF_00038}.	
O25236	reviewed	MURD_HELPY	murD HP_0494	422	Helicobacter pylori (strain ATCC 700392 / 26695) (Campylobacter pylori)		SUBCELLULAR LOCATION: Cytoplasm {ECO:0000255|HAMAP-Rule:MF_00639}.	
O25241	unreviewed	O25241_HELPY	HP_0499	355	Helicobacter pylori (strain ATCC 700392 / 26695) (Campylobacter pylori)		SUBCELLULAR LOCATION: Cell outer membrane {ECO:0000256|ARBA:ARBA00004571}; Multi-pass membrane protein {ECO:0000256|ARBA:ARBA00004571}. Membrane {ECO:0000256|ARBA:ARBA00004141}; Multi-pass membrane protein {ECO:0000256|ARBA:ARBA00004141}.	
O25242	reviewed	DPO3B_HELPY	dnaN HP_0500	374	Helicobacter pylori (strain ATCC 700392 / 26695) (Campylobacter pylori)	O25172	SUBCELLULAR LOCATION: Cytoplasm {ECO:0000250|UniProtKB:P0A988}.	X-ray crystallography (7)
O25249	reviewed	PGBA_HELPY	pgbA HP_0508	452	Helicobacter pylori (strain ATCC 700392 / 26695) (Campylobacter pylori)		SUBCELLULAR LOCATION: Cell surface {ECO:0000305}. Note=The plasminogen-binding region is localized on the surface the bacterium. {ECO:0000305}.	
O25253	reviewed	HSLV_HELPY	hslV HP_0515	180	Helicobacter pylori (strain ATCC 700392 / 26695) (Campylobacter pylori)		SUBCELLULAR LOCATION: Cytoplasm {ECO:0000255|HAMAP-Rule:MF_00248}.	
O25283	reviewed	ACCA_HELPY	accA HP_0557	312	Helicobacter pylori (strain ATCC 700392 / 26695) (Campylobacter pylori)		SUBCELLULAR LOCATION: Cytoplasm {ECO:0000255|HAMAP-Rule:MF_00823}.	
O25290	reviewed	DAPF_HELPY	dapF HP_0566	273	Helicobacter pylori (strain ATCC 700392 / 26695) (Campylobacter pylori)		SUBCELLULAR LOCATION: Cytoplasm {ECO:0000255|HAMAP-Rule:MF_00197}.	
O25294	reviewed	AMPA_HELPY	pepA HP_0570	496	Helicobacter pylori (strain ATCC 700392 / 26695) (Campylobacter pylori)		SUBCELLULAR LOCATION: Cytoplasm {ECO:0000250}.	X-ray crystallography (2)
O25296	reviewed	APT_HELPY	apt HP_0572	179	Helicobacter pylori (strain ATCC 700392 / 26695) (Campylobacter pylori)		SUBCELLULAR LOCATION: Cytoplasm {ECO:0000255|HAMAP-Rule:MF_00004}.	
O25307	unreviewed	O25307_HELPY	nth HP_0585	218	Helicobacter pylori (strain ATCC 700392 / 26695) (Campylobacter pylori)			
O25309	unreviewed	O25309_HELPY	mltG HP_0587	329	Helicobacter pylori (strain ATCC 700392 / 26695) (Campylobacter pylori)		SUBCELLULAR LOCATION: Cell inner membrane {ECO:0000256|HAMAP-Rule:MF_02065}; Single-pass membrane protein {ECO:0000256|HAMAP-Rule:MF_02065}.	
O25320	reviewed	BIOF_HELPY	HP_0598	373	Helicobacter pylori (strain ATCC 700392 / 26695) (Campylobacter pylori)			
O25325	reviewed	DCUP_HELPY	hemE HP_0604	339	Helicobacter pylori (strain ATCC 700392 / 26695) (Campylobacter pylori)		SUBCELLULAR LOCATION: Cytoplasm {ECO:0000255|HAMAP-Rule:MF_00218}.	
O25336	reviewed	DNLJ_HELPY	ligA lig HP_0615	656	Helicobacter pylori (strain ATCC 700392 / 26695) (Campylobacter pylori)			X-ray crystallography (1)
O25337	reviewed	CHEV2_HELPY	cheV2 HP_0616	313	Helicobacter pylori (strain ATCC 700392 / 26695) (Campylobacter pylori)			
O25340	reviewed	MURC_HELPY	murC HP_0623	449	Helicobacter pylori (strain ATCC 700392 / 26695) (Campylobacter pylori)		SUBCELLULAR LOCATION: Cytoplasm {ECO:0000255|HAMAP-Rule:MF_00046}.	
O25342	reviewed	ISPG_HELPY	ispG HP_0625	359	Helicobacter pylori (strain ATCC 700392 / 26695) (Campylobacter pylori)			
O25343	reviewed	DAPD_HELPY	dapD HP_0626	401	Helicobacter pylori (strain ATCC 700392 / 26695) (Campylobacter pylori)		SUBCELLULAR LOCATION: Cytoplasm {ECO:0000255|HAMAP-Rule:MF_02122}.	
O25356	reviewed	QUEC_HELPY	queC HP_0639	226	Helicobacter pylori (strain ATCC 700392 / 26695) (Campylobacter pylori)			
O25360	reviewed	SYE2_HELPY	gltX2 HP_0643	439	Helicobacter pylori (strain ATCC 700392 / 26695) (Campylobacter pylori)		SUBCELLULAR LOCATION: Cytoplasm {ECO:0000250}.	
O25366	unreviewed	O25366_HELPY	HP_0651	476	Helicobacter pylori (strain ATCC 700392 / 26695) (Campylobacter pylori)		SUBCELLULAR LOCATION: Membrane {ECO:0000256|PIRNR:PIRNR016150}; Peripheral membrane protein {ECO:0000256|PIRNR:PIRNR016150}. Cytoplasm {ECO:0000256|PIRNR:PIRNR016150}. Note=Predominantly localizes at the membrane. {ECO:0000256|PIRNR:PIRNR016150}.	
O25368	unreviewed	O25368_HELPY	mqnE HP_0654	360	Helicobacter pylori (strain ATCC 700392 / 26695) (Campylobacter pylori)			
O25370	unreviewed	O25370_HELPY	mqnC HP_0656	383	Helicobacter pylori (strain ATCC 700392 / 26695) (Campylobacter pylori)			
O25372	reviewed	GATB_HELPY	gatB HP_0658	474	Helicobacter pylori (strain ATCC 700392 / 26695) (Campylobacter pylori)			
O25376	reviewed	HEMN_HELPY	hemN HP_0665	457	Helicobacter pylori (strain ATCC 700392 / 26695) (Campylobacter pylori)		SUBCELLULAR LOCATION: Cytoplasm {ECO:0000250|UniProtKB:P32131}.	
O25396	reviewed	FEOB_HELPY	feoB HP_0687	642	Helicobacter pylori (strain ATCC 700392 / 26695) (Campylobacter pylori)		SUBCELLULAR LOCATION: Cell inner membrane {ECO:0000250|UniProtKB:P33650}; Multi-pass membrane protein {ECO:0000250|UniProtKB:P33650}.	
O25408	reviewed	FLGR_HELPY	flgR HP_0703	381	Helicobacter pylori (strain ATCC 700392 / 26695) (Campylobacter pylori)			
O25419	unreviewed	O25419_HELPY	dnaX HP_0717	578	Helicobacter pylori (strain ATCC 700392 / 26695) (Campylobacter pylori)			
O25434	reviewed	RIMO_HELPY	rimO HP_0734	439	Helicobacter pylori (strain ATCC 700392 / 26695) (Campylobacter pylori)		SUBCELLULAR LOCATION: Cytoplasm {ECO:0000255|HAMAP-Rule:MF_01865}.	
O25443	reviewed	TRMB_HELPY	trmB HP_0747	393	Helicobacter pylori (strain ATCC 700392 / 26695) (Campylobacter pylori)			
O25458	reviewed	FTSY_HELPY	ftsY HP_0763	293	Helicobacter pylori (strain ATCC 700392 / 26695) (Campylobacter pylori)		SUBCELLULAR LOCATION: Cell inner membrane; Peripheral membrane protein; Cytoplasmic side. Cytoplasm {ECO:0000255|HAMAP-Rule:MF_00920}.	
O25475	reviewed	SECA_HELPY	secA HP_0786	865	Helicobacter pylori (strain ATCC 700392 / 26695) (Campylobacter pylori)		SUBCELLULAR LOCATION: Cell inner membrane {ECO:0000255|HAMAP-Rule:MF_01382}; Peripheral membrane protein {ECO:0000255|HAMAP-Rule:MF_01382}; Cytoplasmic side {ECO:0000255|HAMAP-Rule:MF_01382}. Cytoplasm {ECO:0000255|HAMAP-Rule:MF_01382}. Note=Distribution is 50-50. {ECO:0000255|HAMAP-Rule:MF_01382}.	
O25484	reviewed	RIBB_HELPY	ribB HP_0804	344	Helicobacter pylori (strain ATCC 700392 / 26695) (Campylobacter pylori)			
O25502	reviewed	COAE_HELPY	coaE HP_0831	196	Helicobacter pylori (strain ATCC 700392 / 26695) (Campylobacter pylori)		SUBCELLULAR LOCATION: Cytoplasm {ECO:0000255|HAMAP-Rule:MF_00376}.	
O25514	reviewed	THIE_HELPY	thiE HP_0843	219	Helicobacter pylori (strain ATCC 700392 / 26695) (Campylobacter pylori)			
O25515	reviewed	THID_HELPY	thiD HP_0844	270	Helicobacter pylori (strain ATCC 700392 / 26695) (Campylobacter pylori)			
O25516	reviewed	THIM_HELPY	thiM HP_0845	259	Helicobacter pylori (strain ATCC 700392 / 26695) (Campylobacter pylori)			
O25526	reviewed	PATA_HELPY	patA HP_0855 C694_04380	527	Helicobacter pylori (strain ATCC 700392 / 26695) (Campylobacter pylori)		SUBCELLULAR LOCATION: Cell membrane {ECO:0000305}; Multi-pass membrane protein {ECO:0000305}.	
O25528	reviewed	GMHA_HELPY	gmhA HP_0857	192	Helicobacter pylori (strain ATCC 700392 / 26695) (Campylobacter pylori)		SUBCELLULAR LOCATION: Cytoplasm {ECO:0000255|HAMAP-Rule:MF_00067}.	
O25531	reviewed	GMHBB_HELPY	gmhB HP_0860	173	Helicobacter pylori (strain ATCC 700392 / 26695) (Campylobacter pylori)		SUBCELLULAR LOCATION: Cytoplasm {ECO:0000250}.	
O25536	reviewed	DUT_HELPY	dut HP_0865	145	Helicobacter pylori (strain ATCC 700392 / 26695) (Campylobacter pylori)			X-ray crystallography (1)
O25544	reviewed	RUVC_HELPY	ruvC HP_0877	157	Helicobacter pylori (strain ATCC 700392 / 26695) (Campylobacter pylori)	O25404	SUBCELLULAR LOCATION: Cytoplasm {ECO:0000255|HAMAP-Rule:MF_00034}.	
O25584	reviewed	SURE_HELPY	surE HP_0930	267	Helicobacter pylori (strain ATCC 700392 / 26695) (Campylobacter pylori)		SUBCELLULAR LOCATION: Cytoplasm {ECO:0000255|HAMAP-Rule:MF_00060}.	
O25587	reviewed	QUED_HELPY	queD HP_0933	200	Helicobacter pylori (strain ATCC 700392 / 26695) (Campylobacter pylori)			
O25588	unreviewed	O25588_HELPY	queE HP_0934	251	Helicobacter pylori (strain ATCC 700392 / 26695) (Campylobacter pylori)			
O25595	reviewed	ALR_HELPY	alr HP_0941	377	Helicobacter pylori (strain ATCC 700392 / 26695) (Campylobacter pylori)			
O25604	unreviewed	O25604_HELPY	accD HP_0950	289	Helicobacter pylori (strain ATCC 700392 / 26695) (Campylobacter pylori)		SUBCELLULAR LOCATION: Cytoplasm {ECO:0000256|HAMAP-Rule:MF_01395}.	
O25609	reviewed	LGT_HELPY	lgt HP_0955	284	Helicobacter pylori (strain ATCC 700392 / 26695) (Campylobacter pylori)		SUBCELLULAR LOCATION: Cell inner membrane {ECO:0000255|HAMAP-Rule:MF_01147}; Multi-pass membrane protein {ECO:0000255|HAMAP-Rule:MF_01147}.	
O25611	unreviewed	O25611_HELPY	HP_0957	393	Helicobacter pylori (strain ATCC 700392 / 26695) (Campylobacter pylori)		SUBCELLULAR LOCATION: Cell membrane {ECO:0000256|RuleBase:RU365103}.	
O25613	reviewed	GTPC1_HELPY	HP_0959	243	Helicobacter pylori (strain ATCC 700392 / 26695) (Campylobacter pylori)			
O25614	reviewed	GPDA_HELPY	gpsA HP_0961	312	Helicobacter pylori (strain ATCC 700392 / 26695) (Campylobacter pylori)		SUBCELLULAR LOCATION: Cytoplasm {ECO:0000255|HAMAP-Rule:MF_00394}.	
O25626	reviewed	GATC_HELPY	gatC HP_0975	93	Helicobacter pylori (strain ATCC 700392 / 26695) (Campylobacter pylori)			
O25627	reviewed	BIOA_HELPY	bioA HP_0976	436	Helicobacter pylori (strain ATCC 700392 / 26695) (Campylobacter pylori)		SUBCELLULAR LOCATION: Cytoplasm {ECO:0000255|HAMAP-Rule:MF_00834}.	
O25654	reviewed	PPK1_HELPY	ppk HP_1010	675	Helicobacter pylori (strain ATCC 700392 / 26695) (Campylobacter pylori)			
O25655	reviewed	PYRD_HELPY	pyrD HP_1011	351	Helicobacter pylori (strain ATCC 700392 / 26695) (Campylobacter pylori)		SUBCELLULAR LOCATION: Cell membrane {ECO:0000250}; Peripheral membrane protein {ECO:0000250}.	
O25657	reviewed	DAPA_HELPY	dapA HP_1013	300	Helicobacter pylori (strain ATCC 700392 / 26695) (Campylobacter pylori)		SUBCELLULAR LOCATION: Cytoplasm {ECO:0000255|HAMAP-Rule:MF_00418}.	
O25664	reviewed	ISPDF_HELPY	ispDF HP_1020	406	Helicobacter pylori (strain ATCC 700392 / 26695) (Campylobacter pylori)			X-ray crystallography (2)
O25678	reviewed	YLXH_HELPY	ylxH HP_1034	294	Helicobacter pylori (strain ATCC 700392 / 26695) (Campylobacter pylori)			
O25679	reviewed	FLHF_HELPY	flhF HP_1035	459	Helicobacter pylori (strain ATCC 700392 / 26695) (Campylobacter pylori)		SUBCELLULAR LOCATION: Cell membrane {ECO:0000250}; Peripheral membrane protein {ECO:0000250}; Cytoplasmic side {ECO:0000250}.	
O25681	reviewed	AMPEP_HELPY	HP_1037 C694_05365	357	Helicobacter pylori (strain ATCC 700392 / 26695) (Campylobacter pylori)			
O25683	reviewed	CNPDE_HELPY	HP_1042	348	Helicobacter pylori (strain ATCC 700392 / 26695) (Campylobacter pylori)			
O25686	reviewed	ACSA_HELPY	acsA acs HP_1045	662	Helicobacter pylori (strain ATCC 700392 / 26695) (Campylobacter pylori)			
O25692	reviewed	LPXC_HELPY	lpxC HP_1052	295	Helicobacter pylori (strain ATCC 700392 / 26695) (Campylobacter pylori)			
O25698	reviewed	PANB_HELPY	panB HP_1058	270	Helicobacter pylori (strain ATCC 700392 / 26695) (Campylobacter pylori)		SUBCELLULAR LOCATION: Cytoplasm {ECO:0000255|HAMAP-Rule:MF_00156}.	
O25699	reviewed	RUVB_HELPY	ruvB HP_1059	336	Helicobacter pylori (strain ATCC 700392 / 26695) (Campylobacter pylori)		SUBCELLULAR LOCATION: Cytoplasm {ECO:0000255|HAMAP-Rule:MF_00016}.	
O25711	reviewed	ATGTP_HELPY	HP_1079 C694_05575	370	Helicobacter pylori (strain ATCC 700392 / 26695) (Campylobacter pylori)			
O25716	reviewed	PYRB_HELPY	pyrB HP_1084	307	Helicobacter pylori (strain ATCC 700392 / 26695) (Campylobacter pylori)			
O25719	unreviewed	O25719_HELPY	HP_1087	280	Helicobacter pylori (strain ATCC 700392 / 26695) (Campylobacter pylori)			
O25722	reviewed	FTSK_HELPY	ftsK HP_1090	858	Helicobacter pylori (strain ATCC 700392 / 26695) (Campylobacter pylori)		SUBCELLULAR LOCATION: Cell inner membrane {ECO:0000250}; Multi-pass membrane protein {ECO:0000250}. Note=Located at the septum. {ECO:0000250}.	
O25728	reviewed	HCPC_HELPY	hcpC HP_1098	290	Helicobacter pylori (strain ATCC 700392 / 26695) (Campylobacter pylori)		SUBCELLULAR LOCATION: Secreted {ECO:0000305}.	X-ray crystallography (1)
O25730	reviewed	6PGL_HELPY	pgl devB HP_1102	227	Helicobacter pylori (strain ATCC 700392 / 26695) (Campylobacter pylori)			
O25748	reviewed	SLYD_HELPY	slyD HP_1123	185	Helicobacter pylori (strain ATCC 700392 / 26695) (Campylobacter pylori)		SUBCELLULAR LOCATION: Cytoplasm {ECO:0000250}.	NMR spectroscopy (1)
O25770	reviewed	MURG_HELPY	murG HP_1155	353	Helicobacter pylori (strain ATCC 700392 / 26695) (Campylobacter pylori)		SUBCELLULAR LOCATION: Cell inner membrane {ECO:0000255|HAMAP-Rule:MF_00033}; Peripheral membrane protein {ECO:0000255|HAMAP-Rule:MF_00033}; Cytoplasmic side {ECO:0000255|HAMAP-Rule:MF_00033}.	
O25781	reviewed	G6PI_HELPY	pgi HP_1166	545	Helicobacter pylori (strain ATCC 700392 / 26695) (Campylobacter pylori)		SUBCELLULAR LOCATION: Cytoplasm {ECO:0000255|HAMAP-Rule:MF_00473}.	
O25792	reviewed	NUPC_HELPY	nupC HP_1180	418	Helicobacter pylori (strain ATCC 700392 / 26695) (Campylobacter pylori)		SUBCELLULAR LOCATION: Cell inner membrane {ECO:0000305}; Multi-pass membrane protein {ECO:0000255}.	
O25812	reviewed	PNP_HELPY	pnp HP_1213	688	Helicobacter pylori (strain ATCC 700392 / 26695) (Campylobacter pylori)		SUBCELLULAR LOCATION: Cytoplasm {ECO:0000255|HAMAP-Rule:MF_01595}.	
O25817	reviewed	PUR2_HELPY	purD HP_1218	424	Helicobacter pylori (strain ATCC 700392 / 26695) (Campylobacter pylori)			
O25823	reviewed	FLUC_HELPY	fluC crcB HP_1225	130	Helicobacter pylori (strain ATCC 700392 / 26695) (Campylobacter pylori)		SUBCELLULAR LOCATION: Cell inner membrane {ECO:0000255|HAMAP-Rule:MF_00454}; Multi-pass membrane protein {ECO:0000255|HAMAP-Rule:MF_00454}.	
O25825	reviewed	CY553_HELPY	HP_1227	96	Helicobacter pylori (strain ATCC 700392 / 26695) (Campylobacter pylori)		SUBCELLULAR LOCATION: Periplasm.	
O25827	reviewed	AK_HELPY	lysC HP_1229	405	Helicobacter pylori (strain ATCC 700392 / 26695) (Campylobacter pylori)			
O25849	reviewed	NPD_HELPY	cobB HP_1259	229	Helicobacter pylori (strain ATCC 700392 / 26695) (Campylobacter pylori)		SUBCELLULAR LOCATION: Cytoplasm {ECO:0000255|HAMAP-Rule:MF_01121}.	
O25851	reviewed	NUOB_HELPY	nuoB HP_1261	159	Helicobacter pylori (strain ATCC 700392 / 26695) (Campylobacter pylori)		SUBCELLULAR LOCATION: Cell inner membrane {ECO:0000255|HAMAP-Rule:MF_01356}; Peripheral membrane protein {ECO:0000255|HAMAP-Rule:MF_01356}; Cytoplasmic side {ECO:0000255|HAMAP-Rule:MF_01356}.	
O25857	reviewed	NUOH_HELPY	nuoH HP_1267	329	Helicobacter pylori (strain ATCC 700392 / 26695) (Campylobacter pylori)		SUBCELLULAR LOCATION: Cell inner membrane {ECO:0000255|HAMAP-Rule:MF_01350}; Multi-pass membrane protein {ECO:0000255|HAMAP-Rule:MF_01350}.	
O25858	reviewed	NUOI_HELPY	nuoI HP_1268	220	Helicobacter pylori (strain ATCC 700392 / 26695) (Campylobacter pylori)		SUBCELLULAR LOCATION: Cell inner membrane {ECO:0000255|HAMAP-Rule:MF_01351}; Peripheral membrane protein {ECO:0000255|HAMAP-Rule:MF_01351}.	
O25860	reviewed	NUOK_HELPY	nuoK HP_1270	100	Helicobacter pylori (strain ATCC 700392 / 26695) (Campylobacter pylori)		SUBCELLULAR LOCATION: Cell inner membrane {ECO:0000255|HAMAP-Rule:MF_01456}; Multi-pass membrane protein {ECO:0000255|HAMAP-Rule:MF_01456}.	
O25863	unreviewed	O25863_HELPY	nuoN HP_1273	490	Helicobacter pylori (strain ATCC 700392 / 26695) (Campylobacter pylori)		SUBCELLULAR LOCATION: Cell inner membrane {ECO:0000256|HAMAP-Rule:MF_00445}; Multi-pass membrane protein {ECO:0000256|HAMAP-Rule:MF_00445}. Membrane {ECO:0000256|ARBA:ARBA00004141, ECO:0000256|RuleBase:RU000320}; Multi-pass membrane protein {ECO:0000256|ARBA:ARBA00004141, ECO:0000256|RuleBase:RU000320}.	
O25867	reviewed	TRPC_HELPY	trpC HP_1279	452	Helicobacter pylori (strain ATCC 700392 / 26695) (Campylobacter pylori)			
O25868	reviewed	TRPG_HELPY	trpG HP_1281	194	Helicobacter pylori (strain ATCC 700392 / 26695) (Campylobacter pylori)			
O25869	reviewed	TRPE_HELPY	trpE HP_1282	500	Helicobacter pylori (strain ATCC 700392 / 26695) (Campylobacter pylori)			
O25883	reviewed	FUMC_HELPY	fumC HP_1325	463	Helicobacter pylori (strain ATCC 700392 / 26695) (Campylobacter pylori)		SUBCELLULAR LOCATION: Cytoplasm {ECO:0000255|HAMAP-Rule:MF_00743}.	
O25890	reviewed	DNAJ_HELPY	dnaJ HP_1332	369	Helicobacter pylori (strain ATCC 700392 / 26695) (Campylobacter pylori)		SUBCELLULAR LOCATION: Cytoplasm {ECO:0000255|HAMAP-Rule:MF_01152}.	
O25893	reviewed	MNMA_HELPY	mnmA trmU HP_1335	342	Helicobacter pylori (strain ATCC 700392 / 26695) (Campylobacter pylori)		SUBCELLULAR LOCATION: Cytoplasm {ECO:0000255|HAMAP-Rule:MF_00144}.	
O25899	reviewed	TONB_HELPY	tonB HP_1341	285	Helicobacter pylori (strain ATCC 700392 / 26695) (Campylobacter pylori)		SUBCELLULAR LOCATION: Cell inner membrane {ECO:0000250}; Single-pass membrane protein {ECO:0000250}; Periplasmic side {ECO:0000250}.	NMR spectroscopy (2)
O25901	reviewed	CORA_HELPY	corA HP_1344	318	Helicobacter pylori (strain ATCC 700392 / 26695) (Campylobacter pylori)		SUBCELLULAR LOCATION: Cell inner membrane {ECO:0000305|PubMed:12065537}; Multi-pass membrane protein {ECO:0000250|UniProtKB:Q9WZ31}.	
O25903	reviewed	PLSC_HELPY	plsC HP_1348	240	Helicobacter pylori (strain ATCC 700392 / 26695) (Campylobacter pylori)		SUBCELLULAR LOCATION: Cell inner membrane {ECO:0000305}; Peripheral membrane protein {ECO:0000305}.	
O25909	reviewed	NADC_HELPY	nadC HP_1355	273	Helicobacter pylori (strain ATCC 700392 / 26695) (Campylobacter pylori)			X-ray crystallography (3)
O25910	reviewed	NADA_HELPY	nadA HP_1356	336	Helicobacter pylori (strain ATCC 700392 / 26695) (Campylobacter pylori)		SUBCELLULAR LOCATION: Cytoplasm {ECO:0000255|HAMAP-Rule:MF_00569}.	
O25911	reviewed	PSD_HELPY	psd HP_1357	267	Helicobacter pylori (strain ATCC 700392 / 26695) (Campylobacter pylori)		SUBCELLULAR LOCATION: Cell membrane {ECO:0000255|HAMAP-Rule:MF_00662}; Peripheral membrane protein {ECO:0000255|HAMAP-Rule:MF_00662}.	
O25917	reviewed	CRDS_HELPY	crdS HP_1364	397	Helicobacter pylori (strain ATCC 700392 / 26695) (Campylobacter pylori)		SUBCELLULAR LOCATION: Membrane {ECO:0000255}; Multi-pass membrane protein {ECO:0000255}.	
O25918	reviewed	CRDR_HELPY	crdR HP_1365	213	Helicobacter pylori (strain ATCC 700392 / 26695) (Campylobacter pylori)			
O25926	reviewed	CLPX_HELPY	clpX HP_1374	446	Helicobacter pylori (strain ATCC 700392 / 26695) (Campylobacter pylori)			X-ray crystallography (1)
O25927	reviewed	LPXA_HELPY	lpxA HP_1375	270	Helicobacter pylori (strain ATCC 700392 / 26695) (Campylobacter pylori)		SUBCELLULAR LOCATION: Cytoplasm {ECO:0000255|HAMAP-Rule:MF_00387}.	X-ray crystallography (1)
O25936	reviewed	F16PA_HELPY	fbp HP_1385	290	Helicobacter pylori (strain ATCC 700392 / 26695) (Campylobacter pylori)		SUBCELLULAR LOCATION: Cytoplasm {ECO:0000255|HAMAP-Rule:MF_01855}.	
O25944	reviewed	NADK_HELPY	nadK HP_1394	284	Helicobacter pylori (strain ATCC 700392 / 26695) (Campylobacter pylori)		SUBCELLULAR LOCATION: Cytoplasm {ECO:0000255|HAMAP-Rule:MF_00361}.	
O25956	reviewed	BIOB_HELPY	bioB HP_1406	282	Helicobacter pylori (strain ATCC 700392 / 26695) (Campylobacter pylori)			
O25959	reviewed	QUEF_HELPY	queF HP_1413	148	Helicobacter pylori (strain ATCC 700392 / 26695) (Campylobacter pylori)		SUBCELLULAR LOCATION: Cytoplasm {ECO:0000255|HAMAP-Rule:MF_00818}.	
O25961	reviewed	MIAA_HELPY	miaA HP_1415	311	Helicobacter pylori (strain ATCC 700392 / 26695) (Campylobacter pylori)			
O25963	reviewed	MURB_HELPY	murB HP_1418	259	Helicobacter pylori (strain ATCC 700392 / 26695) (Campylobacter pylori)		SUBCELLULAR LOCATION: Cytoplasm {ECO:0000250}.	
O25972	reviewed	RSMA_HELPY	rsmA ksgA HP_1431	271	Helicobacter pylori (strain ATCC 700392 / 26695) (Campylobacter pylori)		SUBCELLULAR LOCATION: Cytoplasm {ECO:0000255|HAMAP-Rule:MF_00607}.	
O25984	reviewed	ISPE_HELPY	ispE HP_1443	268	Helicobacter pylori (strain ATCC 700392 / 26695) (Campylobacter pylori)			
O25985	reviewed	SSRP_HELPY	smpB HP_1444	152	Helicobacter pylori (strain ATCC 700392 / 26695) (Campylobacter pylori)		SUBCELLULAR LOCATION: Cytoplasm {ECO:0000255|HAMAP-Rule:MF_00023}. Note=The tmRNA-SmpB complex associates with stalled 70S ribosomes. {ECO:0000255|HAMAP-Rule:MF_00023}.	
O25991	reviewed	MNME_HELPY	mnmE thdF trmE HP_1452	461	Helicobacter pylori (strain ATCC 700392 / 26695) (Campylobacter pylori)		SUBCELLULAR LOCATION: Cytoplasm {ECO:0000255|HAMAP-Rule:MF_00379}.	
O26004	reviewed	ILVE_HELPY	ilvE HP_1468	340	Helicobacter pylori (strain ATCC 700392 / 26695) (Campylobacter pylori)			
O26009	reviewed	KTHY_HELPY	tmk HP_1474	191	Helicobacter pylori (strain ATCC 700392 / 26695) (Campylobacter pylori)	O25533		
O26013	unreviewed	O26013_HELPY	HP_1478	682	Helicobacter pylori (strain ATCC 700392 / 26695) (Campylobacter pylori)	O26013		
O26017	unreviewed	O26017_HELPY	menG HP_1483	246	Helicobacter pylori (strain ATCC 700392 / 26695) (Campylobacter pylori)			
O26018	reviewed	HEMJ_HELPY	HP_1484	148	Helicobacter pylori (strain ATCC 700392 / 26695) (Campylobacter pylori)		SUBCELLULAR LOCATION: Cell membrane {ECO:0000250|UniProtKB:P72793}; Multi-pass membrane protein {ECO:0000255}.	
O26039	reviewed	PLSY_HELPY	plsY HP_1509	220	Helicobacter pylori (strain ATCC 700392 / 26695) (Campylobacter pylori)		SUBCELLULAR LOCATION: Cell inner membrane {ECO:0000255|HAMAP-Rule:MF_01043}; Multi-pass membrane protein {ECO:0000255|HAMAP-Rule:MF_01043}.	
O26043	reviewed	SELA_HELPY	selA HP_1513	386	Helicobacter pylori (strain ATCC 700392 / 26695) (Campylobacter pylori)		SUBCELLULAR LOCATION: Cytoplasm {ECO:0000255|HAMAP-Rule:MF_00423}.	
O26051	reviewed	RECG_HELPY	recG HP_1523	623	Helicobacter pylori (strain ATCC 700392 / 26695) (Campylobacter pylori)			
O26057	reviewed	DNAA_HELPY	dnaA HP_1529	457	Helicobacter pylori (strain ATCC 700392 / 26695) (Campylobacter pylori)	O25828	SUBCELLULAR LOCATION: Cytoplasm {ECO:0000250}.	X-ray crystallography (1)
O26060	reviewed	GLMS_HELPY	glmS HP_1532	597	Helicobacter pylori (strain ATCC 700392 / 26695) (Campylobacter pylori)		SUBCELLULAR LOCATION: Cytoplasm {ECO:0000255|HAMAP-Rule:MF_00164}.	
O26066	reviewed	MFD_HELPY	mfd HP_1541	999	Helicobacter pylori (strain ATCC 700392 / 26695) (Campylobacter pylori)		SUBCELLULAR LOCATION: Cytoplasm {ECO:0000255|HAMAP-Rule:MF_00969}.	
O26091	reviewed	RLPA_HELPY	rlpA HP_1571	315	Helicobacter pylori (strain ATCC 700392 / 26695) (Campylobacter pylori)		SUBCELLULAR LOCATION: Cell membrane {ECO:0000255|HAMAP-Rule:MF_02071}; Lipid-anchor {ECO:0000255|HAMAP-Rule:MF_02071}.	
O26096	reviewed	METN_HELPY	metN HP_1576	327	Helicobacter pylori (strain ATCC 700392 / 26695) (Campylobacter pylori)		SUBCELLULAR LOCATION: Cell inner membrane {ECO:0000255|HAMAP-Rule:MF_01719}; Peripheral membrane protein {ECO:0000255|HAMAP-Rule:MF_01719}.	
O26102	reviewed	PDXJ_HELPY	pdxJ HP_1582	262	Helicobacter pylori (strain ATCC 700392 / 26695) (Campylobacter pylori)		SUBCELLULAR LOCATION: Cytoplasm {ECO:0000255|HAMAP-Rule:MF_00279}.	
O26103	reviewed	PDXA_HELPY	pdxA HP_1583	307	Helicobacter pylori (strain ATCC 700392 / 26695) (Campylobacter pylori)		SUBCELLULAR LOCATION: Cytoplasm {ECO:0000255|HAMAP-Rule:MF_02086}.	
P0A0R3	reviewed	CH10_HELPY	groES groS hsp10 hspA mopB HP_0011	118	Helicobacter pylori (strain ATCC 700392 / 26695) (Campylobacter pylori)	P0A0R3	SUBCELLULAR LOCATION: Cytoplasm {ECO:0000255|HAMAP-Rule:MF_00580}.	
P0A0S1	reviewed	FLAA_HELPY	flaA HP_0601	510	Helicobacter pylori (strain ATCC 700392 / 26695) (Campylobacter pylori)		SUBCELLULAR LOCATION: Secreted. Bacterial flagellum.	
P0A0V0	reviewed	LPP20_HELPY	lpp20 HP_1456	175	Helicobacter pylori (strain ATCC 700392 / 26695) (Campylobacter pylori)		SUBCELLULAR LOCATION: Cell outer membrane {ECO:0000305}; Lipid-anchor {ECO:0000305}.	
P0A0V6	reviewed	HPN_HELPY	hpn HP_1427	60	Helicobacter pylori (strain ATCC 700392 / 26695) (Campylobacter pylori)	O25772		
P0A0X4	reviewed	RS12_HELPY	rpsL HP_1197	135	Helicobacter pylori (strain ATCC 700392 / 26695) (Campylobacter pylori)	O25687		
P0DUM5	reviewed	AAPA3_HELPY	aapA3 HP_1432.1	30	Helicobacter pylori (strain ATCC 700392 / 26695) (Campylobacter pylori)		SUBCELLULAR LOCATION: Cell inner membrane {ECO:0000250|UniProtKB:P0DUM4}.	
P21762	reviewed	AHPC_HELPY	ahpC tsaA HP_1563	198	Helicobacter pylori (strain ATCC 700392 / 26695) (Campylobacter pylori)		SUBCELLULAR LOCATION: Cytoplasm {ECO:0000250|UniProtKB:P0AE08}.	
P25178	reviewed	LSPA_HELPY	lspA ureD HP_0074	157	Helicobacter pylori (strain ATCC 700392 / 26695) (Campylobacter pylori)		SUBCELLULAR LOCATION: Cell inner membrane {ECO:0000255|HAMAP-Rule:MF_00161}; Multi-pass membrane protein {ECO:0000255|HAMAP-Rule:MF_00161}.	
P41259	reviewed	SYC_HELPY	cysS HP_0886	465	Helicobacter pylori (strain ATCC 700392 / 26695) (Campylobacter pylori)		SUBCELLULAR LOCATION: Cytoplasm {ECO:0000250}.	
P43312	reviewed	SODF_HELPY	sodB HP_0389	213	Helicobacter pylori (strain ATCC 700392 / 26695) (Campylobacter pylori)			X-ray crystallography (1)
P48285	reviewed	ENO_HELPY	eno HP_0154	426	Helicobacter pylori (strain ATCC 700392 / 26695) (Campylobacter pylori)		SUBCELLULAR LOCATION: Cytoplasm {ECO:0000255|HAMAP-Rule:MF_00318}. Secreted {ECO:0000255|HAMAP-Rule:MF_00318}. Cell surface {ECO:0000255|HAMAP-Rule:MF_00318}. Note=Fractions of enolase are present in both the cytoplasm and on the cell surface. {ECO:0000255|HAMAP-Rule:MF_00318}.	
P48370	reviewed	GYRA_HELPY	gyrA HP_0701	827	Helicobacter pylori (strain ATCC 700392 / 26695) (Campylobacter pylori)		SUBCELLULAR LOCATION: Cytoplasm {ECO:0000255|HAMAP-Rule:MF_01897}.	
P52093	reviewed	FTN_HELPY	ftnA pfr HP_0653	167	Helicobacter pylori (strain ATCC 700392 / 26695) (Campylobacter pylori)		SUBCELLULAR LOCATION: Cytoplasm {ECO:0000269|PubMed:8419304}.	X-ray crystallography (1)
P55971	reviewed	G3P_HELPY	gapA gap HP_0921	332	Helicobacter pylori (strain ATCC 700392 / 26695) (Campylobacter pylori)		SUBCELLULAR LOCATION: Cytoplasm {ECO:0000305}.	
P55979	reviewed	BCP_HELPY	bcp HP_0136	152	Helicobacter pylori (strain ATCC 700392 / 26695) (Campylobacter pylori)			
P55980	reviewed	CAGA_HELPY	cagA cag26 cai HP_0547	1186	Helicobacter pylori (strain ATCC 700392 / 26695) (Campylobacter pylori)	P94842; Q7KZI7		X-ray crystallography (7)
P55981	reviewed	VACA_HELPY	vacA HP_0887	1290	Helicobacter pylori (strain ATCC 700392 / 26695) (Campylobacter pylori)		SUBCELLULAR LOCATION: [Vacuolating cytotoxin autotransporter]: Periplasm {ECO:0000250}.; SUBCELLULAR LOCATION: [Vacuolating cytotoxin]: Secreted. Cell surface.; SUBCELLULAR LOCATION: [Vacuolating cytotoxin translocator]: Cell outer membrane {ECO:0000250}; Multi-pass membrane protein {ECO:0000250}. Note=The cleaved C-terminal fragment (autotransporter domain) is localized in the outer membrane. {ECO:0000250}.	
P55982	reviewed	RIR1_HELPY	nrdA HP_0680	788	Helicobacter pylori (strain ATCC 700392 / 26695) (Campylobacter pylori)			
P55983	reviewed	RIR2_HELPY	nrdB HP_0364	341	Helicobacter pylori (strain ATCC 700392 / 26695) (Campylobacter pylori)			
P55984	reviewed	ISPT_HELPY	uppS HP_1221	234	Helicobacter pylori (strain ATCC 700392 / 26695) (Campylobacter pylori)			X-ray crystallography (2)
P55985	reviewed	TRUD_HELPY	truD HP_0926	381	Helicobacter pylori (strain ATCC 700392 / 26695) (Campylobacter pylori)			
P55987	reviewed	ATPA_HELPY	atpA HP_1134	503	Helicobacter pylori (strain ATCC 700392 / 26695) (Campylobacter pylori)		SUBCELLULAR LOCATION: Cell inner membrane {ECO:0000255|HAMAP-Rule:MF_01346}; Peripheral membrane protein {ECO:0000255|HAMAP-Rule:MF_01346}.	
P55988	reviewed	ATPB_HELPY	atpD HP_1132	469	Helicobacter pylori (strain ATCC 700392 / 26695) (Campylobacter pylori)		SUBCELLULAR LOCATION: Cell inner membrane {ECO:0000255|HAMAP-Rule:MF_01347}; Peripheral membrane protein {ECO:0000255|HAMAP-Rule:MF_01347}.	
P55990	reviewed	DHE4_HELPY	gdhA HP_0380	448	Helicobacter pylori (strain ATCC 700392 / 26695) (Campylobacter pylori)			
P55992	reviewed	GYRB_HELPY	gyrB HP_0501	773	Helicobacter pylori (strain ATCC 700392 / 26695) (Campylobacter pylori)		SUBCELLULAR LOCATION: Cytoplasm {ECO:0000255|HAMAP-Rule:MF_01898}.	
P55994	reviewed	DNAK_HELPY	dnaK HP_0109	620	Helicobacter pylori (strain ATCC 700392 / 26695) (Campylobacter pylori)			
P55996	reviewed	TSAD_HELPY	tsaD gcp HP_1584	340	Helicobacter pylori (strain ATCC 700392 / 26695) (Campylobacter pylori)		SUBCELLULAR LOCATION: Cytoplasm {ECO:0000255|HAMAP-Rule:MF_01445}.	
P56000	reviewed	SYV_HELPY	valS HP_1153	874	Helicobacter pylori (strain ATCC 700392 / 26695) (Campylobacter pylori)		SUBCELLULAR LOCATION: Cytoplasm {ECO:0000255|HAMAP-Rule:MF_02004}.	
P56001	reviewed	RPOA_HELPY	rpoA HP_1293	344	Helicobacter pylori (strain ATCC 700392 / 26695) (Campylobacter pylori)			
P56003	reviewed	EFTU_HELPY	tuf tufA HP_1205	399	Helicobacter pylori (strain ATCC 700392 / 26695) (Campylobacter pylori)		SUBCELLULAR LOCATION: Cytoplasm {ECO:0000255|HAMAP-Rule:MF_00118}.	
P56005	reviewed	SRP54_HELPY	ffh HP_1152	448	Helicobacter pylori (strain ATCC 700392 / 26695) (Campylobacter pylori)		SUBCELLULAR LOCATION: Cytoplasm {ECO:0000255|HAMAP-Rule:MF_00306}. Note=The SRP-RNC complex is targeted to the cytoplasmic membrane. {ECO:0000255|HAMAP-Rule:MF_00306}.	
P56007	reviewed	SCOB_HELPY	scoB HP_0692	207	Helicobacter pylori (strain ATCC 700392 / 26695) (Campylobacter pylori)	P56006		X-ray crystallography (1)
P56059	reviewed	ERA_HELPY	era HP_0517	301	Helicobacter pylori (strain ATCC 700392 / 26695) (Campylobacter pylori)		SUBCELLULAR LOCATION: Cytoplasm. Cell inner membrane {ECO:0000255|HAMAP-Rule:MF_00367}; Peripheral membrane protein {ECO:0000255|HAMAP-Rule:MF_00367}.	
P56061	reviewed	PANC_HELPY	panC HP_0006	276	Helicobacter pylori (strain ATCC 700392 / 26695) (Campylobacter pylori)		SUBCELLULAR LOCATION: Cytoplasm {ECO:0000255|HAMAP-Rule:MF_00158}.	
P56063	reviewed	IDH_HELPY	icd HP_0027	425	Helicobacter pylori (strain ATCC 700392 / 26695) (Campylobacter pylori)			
P56067	reviewed	CYSM_HELPY	cysM cysK HP_0107	306	Helicobacter pylori (strain ATCC 700392 / 26695) (Campylobacter pylori)			X-ray crystallography (1)
P56068	reviewed	MURI_HELPY	murI glr HP_0549	255	Helicobacter pylori (strain ATCC 700392 / 26695) (Campylobacter pylori)			
P56069	reviewed	METB_HELPY	metB HP_0106	380	Helicobacter pylori (strain ATCC 700392 / 26695) (Campylobacter pylori)		SUBCELLULAR LOCATION: Cytoplasm {ECO:0000250}.	X-ray crystallography (1)
P56070	reviewed	PPSA_HELPY	ppsA HP_0121	812	Helicobacter pylori (strain ATCC 700392 / 26695) (Campylobacter pylori)			
P56071	reviewed	SYT_HELPY	thrS HP_0123	612	Helicobacter pylori (strain ATCC 700392 / 26695) (Campylobacter pylori)		SUBCELLULAR LOCATION: Cytoplasm {ECO:0000255|HAMAP-Rule:MF_00184}.	
P56074	reviewed	HEM2_HELPY	hemB HP_0163	323	Helicobacter pylori (strain ATCC 700392 / 26695) (Campylobacter pylori)			
P56075	reviewed	NDK_HELPY	ndk HP_0198	137	Helicobacter pylori (strain ATCC 700392 / 26695) (Campylobacter pylori)		SUBCELLULAR LOCATION: Cytoplasm {ECO:0000255|HAMAP-Rule:MF_00451}.	
P56084	reviewed	ATPE_HELPY	atpC HP_1131	123	Helicobacter pylori (strain ATCC 700392 / 26695) (Campylobacter pylori)		SUBCELLULAR LOCATION: Cell inner membrane {ECO:0000250}; Peripheral membrane protein {ECO:0000250}.	
P56087	reviewed	ATPL_HELPY	atpE HP_1212	105	Helicobacter pylori (strain ATCC 700392 / 26695) (Campylobacter pylori)		SUBCELLULAR LOCATION: Cell inner membrane {ECO:0000255|HAMAP-Rule:MF_01396}; Multi-pass membrane protein {ECO:0000255|HAMAP-Rule:MF_01396}.	
P56088	reviewed	IMDH_HELPY	guaB HP_0829	481	Helicobacter pylori (strain ATCC 700392 / 26695) (Campylobacter pylori)			
P56089	reviewed	GLYA_HELPY	glyA HP_0183	416	Helicobacter pylori (strain ATCC 700392 / 26695) (Campylobacter pylori)		SUBCELLULAR LOCATION: Cytoplasm {ECO:0000255|HAMAP-Rule:MF_00051}.	X-ray crystallography (1)
P56096	reviewed	FTSW_HELPY	ftsW HP_1560	388	Helicobacter pylori (strain ATCC 700392 / 26695) (Campylobacter pylori)		SUBCELLULAR LOCATION: Cell inner membrane {ECO:0000250}; Multi-pass membrane protein {ECO:0000255}. Note=Localizes to the division septum. {ECO:0000250}.	
P56098	reviewed	RODA_HELPY	mrdB rodA HP_0743	381	Helicobacter pylori (strain ATCC 700392 / 26695) (Campylobacter pylori)		SUBCELLULAR LOCATION: Cell inner membrane {ECO:0000255|HAMAP-Rule:MF_02079}; Multi-pass membrane protein {ECO:0000255|HAMAP-Rule:MF_02079}.	
P56102	reviewed	MAP1_HELPY	map HP_1299	253	Helicobacter pylori (strain ATCC 700392 / 26695) (Campylobacter pylori)			
P56104	reviewed	KAD_HELPY	adk HP_0618	191	Helicobacter pylori (strain ATCC 700392 / 26695) (Campylobacter pylori)		SUBCELLULAR LOCATION: Cytoplasm {ECO:0000255|HAMAP-Rule:MF_00235}.	
P56105	reviewed	DPO1_HELPY	polA HP_1470	891	Helicobacter pylori (strain ATCC 700392 / 26695) (Campylobacter pylori)			
P56106	reviewed	PYRH_HELPY	pyrH HP_0777	240	Helicobacter pylori (strain ATCC 700392 / 26695) (Campylobacter pylori)		SUBCELLULAR LOCATION: Cytoplasm {ECO:0000255|HAMAP-Rule:MF_01220}.	X-ray crystallography (2)
P56107	reviewed	HEMH_HELPY	hemH HP_0376	334	Helicobacter pylori (strain ATCC 700392 / 26695) (Campylobacter pylori)		SUBCELLULAR LOCATION: Cytoplasm {ECO:0000255|HAMAP-Rule:MF_00323}.	
P56109	reviewed	ALF_HELPY	fba HP_0176	307	Helicobacter pylori (strain ATCC 700392 / 26695) (Campylobacter pylori)			X-ray crystallography (14)
P56110	reviewed	G6PD_HELPY	zwf HP_1101	425	Helicobacter pylori (strain ATCC 700392 / 26695) (Campylobacter pylori)			
P56111	reviewed	EDD_HELPY	edd HP_1100	608	Helicobacter pylori (strain ATCC 700392 / 26695) (Campylobacter pylori)			
P56115	reviewed	GSA_HELPY	hemL HP_0306	430	Helicobacter pylori (strain ATCC 700392 / 26695) (Campylobacter pylori)		SUBCELLULAR LOCATION: Cytoplasm {ECO:0000305}.	
P56116	reviewed	HTPG_HELPY	htpG HP_0210	621	Helicobacter pylori (strain ATCC 700392 / 26695) (Campylobacter pylori)		SUBCELLULAR LOCATION: Cytoplasm {ECO:0000255|HAMAP-Rule:MF_00505}.	
P56120	reviewed	RNH_HELPY	rnhA HP_0661	143	Helicobacter pylori (strain ATCC 700392 / 26695) (Campylobacter pylori)		SUBCELLULAR LOCATION: Cytoplasm {ECO:0000305}.	
P56121	reviewed	RNH2_HELPY	rnhB HP_1323	209	Helicobacter pylori (strain ATCC 700392 / 26695) (Campylobacter pylori)		SUBCELLULAR LOCATION: Cytoplasm {ECO:0000305}.	
P56123	reviewed	RNR_HELPY	rnr vacB HP_1248	644	Helicobacter pylori (strain ATCC 700392 / 26695) (Campylobacter pylori)		SUBCELLULAR LOCATION: Cytoplasm {ECO:0000255|HAMAP-Rule:MF_01895}.	
P56125	reviewed	HEM1_HELPY	hemA HP_0239	449	Helicobacter pylori (strain ATCC 700392 / 26695) (Campylobacter pylori)			
P56126	reviewed	SYK_HELPY	lysS HP_0182	501	Helicobacter pylori (strain ATCC 700392 / 26695) (Campylobacter pylori)		SUBCELLULAR LOCATION: Cytoplasm {ECO:0000250}.	
P56127	reviewed	SYM_HELPY	metG HP_0417	650	Helicobacter pylori (strain ATCC 700392 / 26695) (Campylobacter pylori)		SUBCELLULAR LOCATION: Cytoplasm {ECO:0000250}.	
P56129	reviewed	DCDA_HELPY	lysA HP_0290	405	Helicobacter pylori (strain ATCC 700392 / 26695) (Campylobacter pylori)			
P56131	reviewed	MIAB_HELPY	miaB HP_0269	437	Helicobacter pylori (strain ATCC 700392 / 26695) (Campylobacter pylori)		SUBCELLULAR LOCATION: Cytoplasm {ECO:0000255|HAMAP-Rule:MF_01864}.	
P56133	reviewed	PIMT_HELPY	pcm HP_0363	209	Helicobacter pylori (strain ATCC 700392 / 26695) (Campylobacter pylori)		SUBCELLULAR LOCATION: Cytoplasm {ECO:0000250}.	
P56137	reviewed	PURA_HELPY	purA HP_0255	411	Helicobacter pylori (strain ATCC 700392 / 26695) (Campylobacter pylori)		SUBCELLULAR LOCATION: Cytoplasm {ECO:0000255|HAMAP-Rule:MF_00011}.	X-ray crystallography (2)
P56139	reviewed	DXR_HELPY	dxr HP_0216	368	Helicobacter pylori (strain ATCC 700392 / 26695) (Campylobacter pylori)			
P56140	reviewed	HEM3_HELPY	hemC HP_0237	306	Helicobacter pylori (strain ATCC 700392 / 26695) (Campylobacter pylori)			
P56144	reviewed	TRUA_HELPY	truA hisT HP_0361	242	Helicobacter pylori (strain ATCC 700392 / 26695) (Campylobacter pylori)			
P56145	reviewed	SYFB_HELPY	pheT HP_0402	764	Helicobacter pylori (strain ATCC 700392 / 26695) (Campylobacter pylori)		SUBCELLULAR LOCATION: Cytoplasm {ECO:0000250}.	
P56146	reviewed	SYFA_HELPY	pheS HP_0403	328	Helicobacter pylori (strain ATCC 700392 / 26695) (Campylobacter pylori)		SUBCELLULAR LOCATION: Cytoplasm {ECO:0000250}.	
P56148	reviewed	RADA_HELPY	radA sms HP_0223	448	Helicobacter pylori (strain ATCC 700392 / 26695) (Campylobacter pylori)			
P56149	reviewed	ASPA_HELPY	aspA HP_0649	468	Helicobacter pylori (strain ATCC 700392 / 26695) (Campylobacter pylori)			
P56153	reviewed	IPYR_HELPY	ppa HP_0620	173	Helicobacter pylori (strain ATCC 700392 / 26695) (Campylobacter pylori)		SUBCELLULAR LOCATION: Cytoplasm {ECO:0000255|HAMAP-Rule:MF_00209}.	X-ray crystallography (3)
P56155	reviewed	PYRF_HELPY	pyrF HP_0005	227	Helicobacter pylori (strain ATCC 700392 / 26695) (Campylobacter pylori)			
P56156	reviewed	CLPP_HELPY	clpP HP_0794	196	Helicobacter pylori (strain ATCC 700392 / 26695) (Campylobacter pylori)		SUBCELLULAR LOCATION: Cytoplasm {ECO:0000255|HAMAP-Rule:MF_00444}.	X-ray crystallography (4)
P56162	reviewed	PYRE_HELPY	pyrE HP_1257	201	Helicobacter pylori (strain ATCC 700392 / 26695) (Campylobacter pylori)			X-ray crystallography (1)
P56188	reviewed	RPE_HELPY	rpe HP_1386	217	Helicobacter pylori (strain ATCC 700392 / 26695) (Campylobacter pylori)			
P56189	reviewed	MURA_HELPY	murA murZ HP_0648	422	Helicobacter pylori (strain ATCC 700392 / 26695) (Campylobacter pylori)		SUBCELLULAR LOCATION: Cytoplasm {ECO:0000255|HAMAP-Rule:MF_00111}.	
P56191	reviewed	DDL_HELPY	ddl ddlA HP_0738	347	Helicobacter pylori (strain ATCC 700392 / 26695) (Campylobacter pylori)		SUBCELLULAR LOCATION: Cytoplasm {ECO:0000255|HAMAP-Rule:MF_00047}.	X-ray crystallography (1)
P56195	reviewed	DEOB_HELPY	deoB HP_1179	413	Helicobacter pylori (strain ATCC 700392 / 26695) (Campylobacter pylori)		SUBCELLULAR LOCATION: Cytoplasm {ECO:0000255|HAMAP-Rule:MF_00740}.	
P56196	reviewed	GPMI_HELPY	gpmI pgm HP_0974	491	Helicobacter pylori (strain ATCC 700392 / 26695) (Campylobacter pylori)			
P56197	reviewed	AROA_HELPY	aroA HP_0401	429	Helicobacter pylori (strain ATCC 700392 / 26695) (Campylobacter pylori)		SUBCELLULAR LOCATION: Cytoplasm {ECO:0000255|HAMAP-Rule:MF_00210}.	
P56396	reviewed	SYW_HELPY	trpS HP_1253	326	Helicobacter pylori (strain ATCC 700392 / 26695) (Campylobacter pylori)		SUBCELLULAR LOCATION: Cytoplasm {ECO:0000255|HAMAP-Rule:MF_00140}.	
P56411	reviewed	KDGL_HELPY	dgkA HP_0700	128	Helicobacter pylori (strain ATCC 700392 / 26695) (Campylobacter pylori)		SUBCELLULAR LOCATION: Cell inner membrane {ECO:0000250|UniProtKB:P0ABN1}; Multi-pass membrane protein {ECO:0000250|UniProtKB:P0ABN1}.	
P56414	reviewed	MOAA_HELPY	moaA HP_0768	321	Helicobacter pylori (strain ATCC 700392 / 26695) (Campylobacter pylori)			
P56415	reviewed	MOBA_HELPY	mobA HP_0769	201	Helicobacter pylori (strain ATCC 700392 / 26695) (Campylobacter pylori)		SUBCELLULAR LOCATION: Cytoplasm {ECO:0000255|HAMAP-Rule:MF_00316}.	
P56417	reviewed	SYY_HELPY	tyrS HP_0774	402	Helicobacter pylori (strain ATCC 700392 / 26695) (Campylobacter pylori)		SUBCELLULAR LOCATION: Cytoplasm {ECO:0000255|HAMAP-Rule:MF_02007}.	
P56420	reviewed	TIG_HELPY	tig HP_0795	451	Helicobacter pylori (strain ATCC 700392 / 26695) (Campylobacter pylori)		SUBCELLULAR LOCATION: Cytoplasm. Note=About half TF is bound to the ribosome near the polypeptide exit tunnel while the other half is free in the cytoplasm. {ECO:0000250}.	
P56422	reviewed	MOAE_HELPY	moaE HP_0800	145	Helicobacter pylori (strain ATCC 700392 / 26695) (Campylobacter pylori)	O25482		X-ray crystallography (1)
P56427	reviewed	MOTB_HELPY	motB HP_0816	257	Helicobacter pylori (strain ATCC 700392 / 26695) (Campylobacter pylori)	P56427	SUBCELLULAR LOCATION: Cell inner membrane {ECO:0000250}; Single-pass type II membrane protein {ECO:0000305}.	X-ray crystallography (9)
P56428	reviewed	UVRC_HELPY	uvrC HP_0821	594	Helicobacter pylori (strain ATCC 700392 / 26695) (Campylobacter pylori)	P56428	SUBCELLULAR LOCATION: Cytoplasm {ECO:0000255|HAMAP-Rule:MF_00203}.	
P56429	reviewed	DHOM_HELPY	hom HP_0822	421	Helicobacter pylori (strain ATCC 700392 / 26695) (Campylobacter pylori)			
P56431	reviewed	TRXB_HELPY	trxB HP_0825	311	Helicobacter pylori (strain ATCC 700392 / 26695) (Campylobacter pylori)		SUBCELLULAR LOCATION: Cytoplasm {ECO:0000250}.	X-ray crystallography (3)
P56452	reviewed	SYA_HELPY	alaS HP_1241	847	Helicobacter pylori (strain ATCC 700392 / 26695) (Campylobacter pylori)		SUBCELLULAR LOCATION: Cytoplasm {ECO:0000255|HAMAP-Rule:MF_00036}.	
P56456	reviewed	SYI_HELPY	ileS HP_1422	920	Helicobacter pylori (strain ATCC 700392 / 26695) (Campylobacter pylori)		SUBCELLULAR LOCATION: Cytoplasm {ECO:0000255|HAMAP-Rule:MF_02002}.	X-ray crystallography (6)
P56458	reviewed	SYS_HELPY	serS HP_1480	415	Helicobacter pylori (strain ATCC 700392 / 26695) (Campylobacter pylori)		SUBCELLULAR LOCATION: Cytoplasm {ECO:0000255|HAMAP-Rule:MF_00176}.	
P56460	reviewed	METK_HELPY	metK HP_0197	385	Helicobacter pylori (strain ATCC 700392 / 26695) (Campylobacter pylori)		SUBCELLULAR LOCATION: Cytoplasm {ECO:0000255|HAMAP-Rule:MF_00086}.	
P56462	reviewed	GCH1_HELPY	folE HP_0928	180	Helicobacter pylori (strain ATCC 700392 / 26695) (Campylobacter pylori)			
P56463	reviewed	DEOD_HELPY	deoD HP_1178	233	Helicobacter pylori (strain ATCC 700392 / 26695) (Campylobacter pylori)			X-ray crystallography (13)
P56465	reviewed	PYRC_HELPY	pyrC HP_0581	339	Helicobacter pylori (strain ATCC 700392 / 26695) (Campylobacter pylori)			
P56466	reviewed	RHO_HELPY	rho HP_0550	438	Helicobacter pylori (strain ATCC 700392 / 26695) (Campylobacter pylori)			
P56467	reviewed	FOLD_HELPY	folD HP_0577	290	Helicobacter pylori (strain ATCC 700392 / 26695) (Campylobacter pylori)			
P56468	reviewed	PUR8_HELPY	purB HP_1112	440	Helicobacter pylori (strain ATCC 700392 / 26695) (Campylobacter pylori)			
P56474	reviewed	UVRA_HELPY	uvrA HP_0705	935	Helicobacter pylori (strain ATCC 700392 / 26695) (Campylobacter pylori)		SUBCELLULAR LOCATION: Cytoplasm {ECO:0000255|HAMAP-Rule:MF_00205}.	
P56737	reviewed	TRPD_HELPY	trpD HP_1280	335	Helicobacter pylori (strain ATCC 700392 / 26695) (Campylobacter pylori)			
P60325	reviewed	RPOZ_HELPY	rpoZ HP_0776	74	Helicobacter pylori (strain ATCC 700392 / 26695) (Campylobacter pylori)			
P65185	reviewed	ISPH_HELPY	ispH lytB HP_0400	274	Helicobacter pylori (strain ATCC 700392 / 26695) (Campylobacter pylori)			
P71404	reviewed	CLPB_HELPY	clpB HP_0264	856	Helicobacter pylori (strain ATCC 700392 / 26695) (Campylobacter pylori)		SUBCELLULAR LOCATION: Cytoplasm {ECO:0000305}.	
P77872	reviewed	CATA_HELPY	katA HP_0875	505	Helicobacter pylori (strain ATCC 700392 / 26695) (Campylobacter pylori)	O25542	SUBCELLULAR LOCATION: Cytoplasm {ECO:0000305}.	X-ray crystallography (4)
P94842	reviewed	YBGC_HELPY	ybgC HP_0496	133	Helicobacter pylori (strain ATCC 700392 / 26695) (Campylobacter pylori)	P55980		X-ray crystallography (1)
P94844	reviewed	DAPB_HELPY	dapB HP_0510	254	Helicobacter pylori (strain ATCC 700392 / 26695) (Campylobacter pylori)	O25114	SUBCELLULAR LOCATION: Cytoplasm {ECO:0000255|HAMAP-Rule:MF_00102}.	
P94845	reviewed	GLN1B_HELPY	glnA HP_0512	481	Helicobacter pylori (strain ATCC 700392 / 26695) (Campylobacter pylori)		SUBCELLULAR LOCATION: Cytoplasm {ECO:0000250|UniProtKB:P9WN39}.	X-ray crystallography (2)
P96551	reviewed	SYE1_HELPY	gltX1 HP_0476	463	Helicobacter pylori (strain ATCC 700392 / 26695) (Campylobacter pylori)		SUBCELLULAR LOCATION: Cytoplasm {ECO:0000255|HAMAP-Rule:MF_00022}.	
P97245	reviewed	CAGT_HELPY	cagT cag12 HP_0532	280	Helicobacter pylori (strain ATCC 700392 / 26695) (Campylobacter pylori)	O25258	SUBCELLULAR LOCATION: Cell membrane {ECO:0000305}; Lipid-anchor {ECO:0000305}.	Electron microscopy (1)
Q09065	reviewed	UREF_HELPY	ureF HP_0069	254	Helicobacter pylori (strain ATCC 700392 / 26695) (Campylobacter pylori)	Q09066; Q09067	SUBCELLULAR LOCATION: Cytoplasm {ECO:0000255|HAMAP-Rule:MF_01385}.	Electron microscopy (1); X-ray crystallography (5)
Q48260	reviewed	MOAC_HELPY	moaC HP_0798	158	Helicobacter pylori (strain ATCC 700392 / 26695) (Campylobacter pylori)			
Q48269	reviewed	PSS_HELPY	pssA ptr HP_1071	237	Helicobacter pylori (strain ATCC 700392 / 26695) (Campylobacter pylori)		SUBCELLULAR LOCATION: Cell membrane; Multi-pass membrane protein.	
Q48271	reviewed	COPP_HELPY	copP HP_1073	66	Helicobacter pylori (strain ATCC 700392 / 26695) (Campylobacter pylori)	P56039		NMR spectroscopy (1)
O05730	reviewed	VDLC_HELPY	vdlC HP_0890	284	Helicobacter pylori (strain ATCC 700392 / 26695) (Campylobacter pylori)			
O05731	reviewed	Y889_HELPY	HP_0889	326	Helicobacter pylori (strain ATCC 700392 / 26695) (Campylobacter pylori)		SUBCELLULAR LOCATION: Cell inner membrane; Multi-pass membrane protein.	
O05732	reviewed	Y888_HELPY	HP_0888	255	Helicobacter pylori (strain ATCC 700392 / 26695) (Campylobacter pylori)		SUBCELLULAR LOCATION: Cell inner membrane {ECO:0000305}; Peripheral membrane protein {ECO:0000305}.	
O06912	reviewed	FRDC_HELPY	frdC HP_0193	255	Helicobacter pylori (strain ATCC 700392 / 26695) (Campylobacter pylori)		SUBCELLULAR LOCATION: Cell inner membrane {ECO:0000255}; Multi-pass membrane protein {ECO:0000250|UniProtKB:P17413}.	
O07680	reviewed	Y1070_HELPY	HP_1070	84	Helicobacter pylori (strain ATCC 700392 / 26695) (Campylobacter pylori)			
O24853	reviewed	NUSB_HELPY	nusB HP_0001	138	Helicobacter pylori (strain ATCC 700392 / 26695) (Campylobacter pylori)			
O24855	reviewed	CYNT_HELPY	cynT HP_0004	221	Helicobacter pylori (strain ATCC 700392 / 26695) (Campylobacter pylori)			
O24864	reviewed	CHEV1_HELPY	cheV1 HP_0019	321	Helicobacter pylori (strain ATCC 700392 / 26695) (Campylobacter pylori)			
O24875	unreviewed	O24875_HELPY	HP_0033	741	Helicobacter pylori (strain ATCC 700392 / 26695) (Campylobacter pylori)			
O24876	reviewed	Y035_HELPY	HP_0035	97	Helicobacter pylori (strain ATCC 700392 / 26695) (Campylobacter pylori)		SUBCELLULAR LOCATION: Cytoplasm, nucleoid {ECO:0000255|HAMAP-Rule:MF_00274}.	X-ray crystallography (1)
O24884	unreviewed	O24884_HELPY	HP_0043	470	Helicobacter pylori (strain ATCC 700392 / 26695) (Campylobacter pylori)			X-ray crystallography (1)
O24885	unreviewed	O24885_HELPY	gmd HP_0044	381	Helicobacter pylori (strain ATCC 700392 / 26695) (Campylobacter pylori)			
O24889	unreviewed	O24889_HELPY	HP_0048	769	Helicobacter pylori (strain ATCC 700392 / 26695) (Campylobacter pylori)			
O24891	unreviewed	O24891_HELPY	HP_0050	232	Helicobacter pylori (strain ATCC 700392 / 26695) (Campylobacter pylori)			X-ray crystallography (2)
O24892	unreviewed	O24892_HELPY	HP_0051	355	Helicobacter pylori (strain ATCC 700392 / 26695) (Campylobacter pylori)			
O24895	unreviewed	O24895_HELPY	HP_0054	823	Helicobacter pylori (strain ATCC 700392 / 26695) (Campylobacter pylori)			
O24896	unreviewed	O24896_HELPY	HP_0055	496	Helicobacter pylori (strain ATCC 700392 / 26695) (Campylobacter pylori)		SUBCELLULAR LOCATION: Cell membrane {ECO:0000256|RuleBase:RU366012}; Multi-pass membrane protein {ECO:0000256|RuleBase:RU366012}. Membrane {ECO:0000256|ARBA:ARBA00004141}; Multi-pass membrane protein {ECO:0000256|ARBA:ARBA00004141}.	
O24897	unreviewed	O24897_HELPY	HP_0056	1185	Helicobacter pylori (strain ATCC 700392 / 26695) (Campylobacter pylori)			
O24916	unreviewed	O24916_HELPY	HP_0090	309	Helicobacter pylori (strain ATCC 700392 / 26695) (Campylobacter pylori)			
O24917	unreviewed	O24917_HELPY	HP_0091	277	Helicobacter pylori (strain ATCC 700392 / 26695) (Campylobacter pylori)			
O24918	unreviewed	O24918_HELPY	HP_0092	277	Helicobacter pylori (strain ATCC 700392 / 26695) (Campylobacter pylori)			
O24924	reviewed	THRC_HELPY	thrC HP_0098	486	Helicobacter pylori (strain ATCC 700392 / 26695) (Campylobacter pylori)			
O24931	reviewed	LUXS_HELPY	luxS HP_0105	155	Helicobacter pylori (strain ATCC 700392 / 26695) (Campylobacter pylori)			
O24933	reviewed	HRCA_HELPY	hrcA HP_0111	266	Helicobacter pylori (strain ATCC 700392 / 26695) (Campylobacter pylori)			
O24947	unreviewed	O24947_HELPY	HP_0134	449	Helicobacter pylori (strain ATCC 700392 / 26695) (Campylobacter pylori)			
O24952	unreviewed	O24952_HELPY	HP_0140	549	Helicobacter pylori (strain ATCC 700392 / 26695) (Campylobacter pylori)		SUBCELLULAR LOCATION: Cell membrane {ECO:0000256|RuleBase:RU365092}; Multi-pass membrane protein {ECO:0000256|RuleBase:RU365092}. Membrane {ECO:0000256|ARBA:ARBA00004141}; Multi-pass membrane protein {ECO:0000256|ARBA:ARBA00004141}.	
O24953	unreviewed	O24953_HELPY	HP_0141	551	Helicobacter pylori (strain ATCC 700392 / 26695) (Campylobacter pylori)		SUBCELLULAR LOCATION: Cell membrane {ECO:0000256|RuleBase:RU365092}; Multi-pass membrane protein {ECO:0000256|RuleBase:RU365092}. Membrane {ECO:0000256|ARBA:ARBA00004141}; Multi-pass membrane protein {ECO:0000256|ARBA:ARBA00004141}.	
O24954	unreviewed	O24954_HELPY	HP_0142	328	Helicobacter pylori (strain ATCC 700392 / 26695) (Campylobacter pylori)			
O24955	unreviewed	O24955_HELPY	HP_0144	488	Helicobacter pylori (strain ATCC 700392 / 26695) (Campylobacter pylori)		SUBCELLULAR LOCATION: Membrane {ECO:0000256|ARBA:ARBA00004141}; Multi-pass membrane protein {ECO:0000256|ARBA:ARBA00004141}.	
O24963	unreviewed	O24963_HELPY	mqnD HP_0152	287	Helicobacter pylori (strain ATCC 700392 / 26695) (Campylobacter pylori)			
O24977	unreviewed	O24977_HELPY	HP_0172	391	Helicobacter pylori (strain ATCC 700392 / 26695) (Campylobacter pylori)			
O24978	unreviewed	O24978_HELPY	HP_0173	255	Helicobacter pylori (strain ATCC 700392 / 26695) (Campylobacter pylori)		SUBCELLULAR LOCATION: Cell membrane {ECO:0000256|RuleBase:RU362071}; Multi-pass membrane protein {ECO:0000256|RuleBase:RU362071}. Bacterial flagellum basal body {ECO:0000256|RuleBase:RU362071}. Membrane {ECO:0000256|ARBA:ARBA00004141}; Multi-pass membrane protein {ECO:0000256|ARBA:ARBA00004141}.	
O24980	reviewed	PSEI_HELPY	pseI HP_0178	340	Helicobacter pylori (strain ATCC 700392 / 26695) (Campylobacter pylori)			
O24991	reviewed	LPXD_HELPY	lpxD HP_0196	336	Helicobacter pylori (strain ATCC 700392 / 26695) (Campylobacter pylori)			
O24999	reviewed	APBC_HELPY	mrp HP_0207	368	Helicobacter pylori (strain ATCC 700392 / 26695) (Campylobacter pylori)			
O25009	unreviewed	O25009_HELPY	HP_0221	326	Helicobacter pylori (strain ATCC 700392 / 26695) (Campylobacter pylori)			
O25016	reviewed	KDSB_HELPY	kdsB HP_0230	243	Helicobacter pylori (strain ATCC 700392 / 26695) (Campylobacter pylori)		SUBCELLULAR LOCATION: Cytoplasm {ECO:0000255|HAMAP-Rule:MF_00057}.	
O25018	reviewed	Y232_HELPY	HP_0232	215	Helicobacter pylori (strain ATCC 700392 / 26695) (Campylobacter pylori)		SUBCELLULAR LOCATION: Cell membrane {ECO:0000255|HAMAP-Rule:MF_01421}; Lipid-anchor {ECO:0000255|HAMAP-Rule:MF_01421}.	
O25028	reviewed	FLGI_HELPY	flgI HP_0246	342	Helicobacter pylori (strain ATCC 700392 / 26695) (Campylobacter pylori)		SUBCELLULAR LOCATION: Periplasm {ECO:0000250}. Bacterial flagellum basal body {ECO:0000250}.	
O25037	unreviewed	O25037_HELPY	HP_0256	142	Helicobacter pylori (strain ATCC 700392 / 26695) (Campylobacter pylori)		SUBCELLULAR LOCATION: Cell membrane {ECO:0000256|ARBA:ARBA00004413}; Peripheral membrane protein {ECO:0000256|ARBA:ARBA00004413}; Cytoplasmic side {ECO:0000256|ARBA:ARBA00004413}. Membrane {ECO:0000256|ARBA:ARBA00004287}; Peripheral membrane protein {ECO:0000256|ARBA:ARBA00004287}; Cytoplasmic side {ECO:0000256|ARBA:ARBA00004287}.	
O25039	reviewed	EX7L_HELPY	xseA HP_0259	420	Helicobacter pylori (strain ATCC 700392 / 26695) (Campylobacter pylori)		SUBCELLULAR LOCATION: Cytoplasm {ECO:0000255|HAMAP-Rule:MF_00378}.	
O25042	reviewed	T2TA_HELPY	hpyAIR HP_0262	193	Helicobacter pylori (strain ATCC 700392 / 26695) (Campylobacter pylori)			
O25043	unreviewed	O25043_HELPY	HP_0263	252	Helicobacter pylori (strain ATCC 700392 / 26695) (Campylobacter pylori)			
O25045	reviewed	PYRX_HELPY	pyrC' HP_0266	378	Helicobacter pylori (strain ATCC 700392 / 26695) (Campylobacter pylori)			
O25056	unreviewed	O25056_HELPY	HP_0279	340	Helicobacter pylori (strain ATCC 700392 / 26695) (Campylobacter pylori)		SUBCELLULAR LOCATION: Cell inner membrane {ECO:0000256|ARBA:ARBA00004515}; Peripheral membrane protein {ECO:0000256|ARBA:ARBA00004515}; Cytoplasmic side {ECO:0000256|ARBA:ARBA00004515}. Membrane {ECO:0000256|ARBA:ARBA00004287}; Peripheral membrane protein {ECO:0000256|ARBA:ARBA00004287}; Cytoplasmic side {ECO:0000256|ARBA:ARBA00004287}.	
O25060	unreviewed	O25060_HELPY	HP_0286	550	Helicobacter pylori (strain ATCC 700392 / 26695) (Campylobacter pylori)			
O25088	reviewed	TATA_HELPY	tatA HP_0320	79	Helicobacter pylori (strain ATCC 700392 / 26695) (Campylobacter pylori)		SUBCELLULAR LOCATION: Cell inner membrane {ECO:0000255|HAMAP-Rule:MF_00236}; Single-pass membrane protein {ECO:0000255|HAMAP-Rule:MF_00236}.	
O25092	reviewed	FLGH_HELPY	flgH HP_0325	237	Helicobacter pylori (strain ATCC 700392 / 26695) (Campylobacter pylori)		SUBCELLULAR LOCATION: Cell outer membrane {ECO:0000250}. Bacterial flagellum basal body {ECO:0000250}.	
O25094	reviewed	PSEH_HELPY	pseH HP_0327	180	Helicobacter pylori (strain ATCC 700392 / 26695) (Campylobacter pylori)			X-ray crystallography (1)
O25098	reviewed	MIND_HELPY	minD HP_0331	268	Helicobacter pylori (strain ATCC 700392 / 26695) (Campylobacter pylori)		SUBCELLULAR LOCATION: Cell membrane {ECO:0000250}; Peripheral membrane protein {ECO:0000250}.	
O25099	reviewed	MINE_HELPY	minE HP_0332	77	Helicobacter pylori (strain ATCC 700392 / 26695) (Campylobacter pylori)			X-ray crystallography (2)
O25101	reviewed	YQGF_HELPY	HP_0334	134	Helicobacter pylori (strain ATCC 700392 / 26695) (Campylobacter pylori)		SUBCELLULAR LOCATION: Cytoplasm {ECO:0000255|HAMAP-Rule:MF_00651}.	
O25106	unreviewed	O25106_HELPY	HP_0339	116	Helicobacter pylori (strain ATCC 700392 / 26695) (Campylobacter pylori)			
O25114	reviewed	Y347_HELPY	HP_0347	298	Helicobacter pylori (strain ATCC 700392 / 26695) (Campylobacter pylori)	P94844		
O25118	unreviewed	O25118_HELPY	HP_0351	567	Helicobacter pylori (strain ATCC 700392 / 26695) (Campylobacter pylori)		SUBCELLULAR LOCATION: Bacterial flagellum basal body {ECO:0000256|ARBA:ARBA00004117, ECO:0000256|PIRNR:PIRNR004862}. Membrane {ECO:0000256|ARBA:ARBA00004141}; Multi-pass membrane protein {ECO:0000256|ARBA:ARBA00004141}.	X-ray crystallography (1)
O25120	unreviewed	O25120_HELPY	HP_0353	258	Helicobacter pylori (strain ATCC 700392 / 26695) (Campylobacter pylori)	O07025; O25120		
O25127	unreviewed	O25127_HELPY	HP_0360	344	Helicobacter pylori (strain ATCC 700392 / 26695) (Campylobacter pylori)			
O25134	unreviewed	O25134_HELPY	HP_0370	458	Helicobacter pylori (strain ATCC 700392 / 26695) (Campylobacter pylori)			
O25135	unreviewed	O25135_HELPY	HP_0371	156	Helicobacter pylori (strain ATCC 700392 / 26695) (Campylobacter pylori)	O25330		
O25138	reviewed	RSME_HELPY	rsmE HP_0374	226	Helicobacter pylori (strain ATCC 700392 / 26695) (Campylobacter pylori)		SUBCELLULAR LOCATION: Cytoplasm {ECO:0000250}.	
O25144	unreviewed	O25144_HELPY	HP_0382	407	Helicobacter pylori (strain ATCC 700392 / 26695) (Campylobacter pylori)			
O25150	reviewed	CMOA_HELPY	cmoA HP_0388	243	Helicobacter pylori (strain ATCC 700392 / 26695) (Campylobacter pylori)			
O25154	reviewed	CHEV3_HELPY	cheV3 HP_0393	311	Helicobacter pylori (strain ATCC 700392 / 26695) (Campylobacter pylori)			
O25158	unreviewed	O25158_HELPY	HP_0397	524	Helicobacter pylori (strain ATCC 700392 / 26695) (Campylobacter pylori)			
O25166	unreviewed	O25166_HELPY	HP_0410	249	Helicobacter pylori (strain ATCC 700392 / 26695) (Campylobacter pylori)		SUBCELLULAR LOCATION: Cell outer membrane {ECO:0000256|ARBA:ARBA00004459}; Lipid-anchor {ECO:0000256|ARBA:ARBA00004459}. Membrane {ECO:0000256|ARBA:ARBA00004635}; Lipid-anchor {ECO:0000256|ARBA:ARBA00004635}.	X-ray crystallography (1)
O25173	reviewed	CMOB_HELPY	cmoB HP_0419	261	Helicobacter pylori (strain ATCC 700392 / 26695) (Campylobacter pylori)			
O25176	unreviewed	O25176_HELPY	HP_0422	615	Helicobacter pylori (strain ATCC 700392 / 26695) (Campylobacter pylori)			
O25188	unreviewed	O25188_HELPY	HP_0440	677	Helicobacter pylori (strain ATCC 700392 / 26695) (Campylobacter pylori)			
O25210	unreviewed	O25210_HELPY	HP_0463	487	Helicobacter pylori (strain ATCC 700392 / 26695) (Campylobacter pylori)			
O25211	unreviewed	O25211_HELPY	HP_0464	1055	Helicobacter pylori (strain ATCC 700392 / 26695) (Campylobacter pylori)			
O25219	unreviewed	O25219_HELPY	HP_0473	246	Helicobacter pylori (strain ATCC 700392 / 26695) (Campylobacter pylori)			
O25220	unreviewed	O25220_HELPY	HP_0474	224	Helicobacter pylori (strain ATCC 700392 / 26695) (Campylobacter pylori)		SUBCELLULAR LOCATION: Cell membrane {ECO:0000256|RuleBase:RU363032}; Multi-pass membrane protein {ECO:0000256|RuleBase:RU363032}. Membrane {ECO:0000256|ARBA:ARBA00004141}; Multi-pass membrane protein {ECO:0000256|ARBA:ARBA00004141}.	
O25223	unreviewed	O25223_HELPY	HP_0478	545	Helicobacter pylori (strain ATCC 700392 / 26695) (Campylobacter pylori)			
O25226	unreviewed	O25226_HELPY	HP_0481	211	Helicobacter pylori (strain ATCC 700392 / 26695) (Campylobacter pylori)			
O25229	unreviewed	O25229_HELPY	HP_0485	314	Helicobacter pylori (strain ATCC 700392 / 26695) (Campylobacter pylori)			
O25234	unreviewed	O25234_HELPY	HP_0492	278	Helicobacter pylori (strain ATCC 700392 / 26695) (Campylobacter pylori)		SUBCELLULAR LOCATION: Cell outer membrane {ECO:0000256|ARBA:ARBA00004459}; Lipid-anchor {ECO:0000256|ARBA:ARBA00004459}. Membrane {ECO:0000256|ARBA:ARBA00004635}; Lipid-anchor {ECO:0000256|ARBA:ARBA00004635}.	X-ray crystallography (1)
O25248	unreviewed	O25248_HELPY	HP_0507	212	Helicobacter pylori (strain ATCC 700392 / 26695) (Campylobacter pylori)			
O25254	reviewed	HSLU_HELPY	hslU HP_0516	443	Helicobacter pylori (strain ATCC 700392 / 26695) (Campylobacter pylori)		SUBCELLULAR LOCATION: Cytoplasm {ECO:0000255|HAMAP-Rule:MF_00249}.	
O25284	unreviewed	O25284_HELPY	HP_0558	412	Helicobacter pylori (strain ATCC 700392 / 26695) (Campylobacter pylori)			
O25286	unreviewed	O25286_HELPY	HP_0561	247	Helicobacter pylori (strain ATCC 700392 / 26695) (Campylobacter pylori)			X-ray crystallography (2)
O25293	unreviewed	O25293_HELPY	ychF HP_0569	366	Helicobacter pylori (strain ATCC 700392 / 26695) (Campylobacter pylori)			
O25300	reviewed	LEP_HELPY	lepB HP_0576	290	Helicobacter pylori (strain ATCC 700392 / 26695) (Campylobacter pylori)		SUBCELLULAR LOCATION: Cell membrane {ECO:0000305}; Single-pass type II membrane protein {ECO:0000305}.	
O25304	unreviewed	O25304_HELPY	HP_0582	324	Helicobacter pylori (strain ATCC 700392 / 26695) (Campylobacter pylori)		SUBCELLULAR LOCATION: Cell inner membrane {ECO:0000256|ARBA:ARBA00004383}; Single-pass membrane protein {ECO:0000256|ARBA:ARBA00004383}; Periplasmic side {ECO:0000256|ARBA:ARBA00004383}.	
O25305	unreviewed	O25305_HELPY	HP_0583	293	Helicobacter pylori (strain ATCC 700392 / 26695) (Campylobacter pylori)			
O25306	unreviewed	O25306_HELPY	HP_0584	123	Helicobacter pylori (strain ATCC 700392 / 26695) (Campylobacter pylori)		SUBCELLULAR LOCATION: Membrane {ECO:0000256|ARBA:ARBA00004287}; Peripheral membrane protein {ECO:0000256|ARBA:ARBA00004287}; Cytoplasmic side {ECO:0000256|ARBA:ARBA00004287}.	X-ray crystallography (1)
O25319	unreviewed	O25319_HELPY	HP_0597	659	Helicobacter pylori (strain ATCC 700392 / 26695) (Campylobacter pylori)			
O25326	unreviewed	O25326_HELPY	HP_0605	477	Helicobacter pylori (strain ATCC 700392 / 26695) (Campylobacter pylori)			
O25345	unreviewed	O25345_HELPY	HP_0628	225	Helicobacter pylori (strain ATCC 700392 / 26695) (Campylobacter pylori)		SUBCELLULAR LOCATION: Secreted {ECO:0000256|RuleBase:RU366075}.	
O25348	unreviewed	O25348_HELPY	HP_0631	384	Helicobacter pylori (strain ATCC 700392 / 26695) (Campylobacter pylori)			
O25363	unreviewed	O25363_HELPY	HP_0646	273	Helicobacter pylori (strain ATCC 700392 / 26695) (Campylobacter pylori)			X-ray crystallography (2)
O25367	unreviewed	O25367_HELPY	HP_0652	207	Helicobacter pylori (strain ATCC 700392 / 26695) (Campylobacter pylori)			X-ray crystallography (1)
O25369	reviewed	BAMA_HELPY	bamA HP_0655	916	Helicobacter pylori (strain ATCC 700392 / 26695) (Campylobacter pylori)		SUBCELLULAR LOCATION: Cell outer membrane {ECO:0000255|HAMAP-Rule:MF_01430}.	
O25371	reviewed	YMXG_HELPY	ymxG HP_0657	432	Helicobacter pylori (strain ATCC 700392 / 26695) (Campylobacter pylori)		SUBCELLULAR LOCATION: Secreted {ECO:0000269|PubMed:17533641}.	
O25377	unreviewed	O25377_HELPY	HP_0666	433	Helicobacter pylori (strain ATCC 700392 / 26695) (Campylobacter pylori)			
O25383	unreviewed	O25383_HELPY	HP_0672	390	Helicobacter pylori (strain ATCC 700392 / 26695) (Campylobacter pylori)			
O25387	unreviewed	O25387_HELPY	HP_0676	168	Helicobacter pylori (strain ATCC 700392 / 26695) (Campylobacter pylori)		SUBCELLULAR LOCATION: Cytoplasm {ECO:0000256|HAMAP-Rule:MF_00772}.	
O25394	unreviewed	O25394_HELPY	HP_0685	153	Helicobacter pylori (strain ATCC 700392 / 26695) (Campylobacter pylori)		SUBCELLULAR LOCATION: Bacterial flagellum basal body {ECO:0000256|ARBA:ARBA00004117}. Membrane {ECO:0000256|ARBA:ARBA00004141}; Multi-pass membrane protein {ECO:0000256|ARBA:ARBA00004141}.	
O25411	reviewed	RSMH_HELPY	rsmH mraW HP_0707	308	Helicobacter pylori (strain ATCC 700392 / 26695) (Campylobacter pylori)		SUBCELLULAR LOCATION: Cytoplasm {ECO:0000255|HAMAP-Rule:MF_01007}.	
O25418	unreviewed	O25418_HELPY	HP_0716	133	Helicobacter pylori (strain ATCC 700392 / 26695) (Campylobacter pylori)		SUBCELLULAR LOCATION: Cytoplasm {ECO:0000256|ARBA:ARBA00004496}.	
O25424	reviewed	ASPG_HELPY	ansA asn HP_0723	330	Helicobacter pylori (strain ATCC 700392 / 26695) (Campylobacter pylori)		SUBCELLULAR LOCATION: Cytoplasm {ECO:0000305}.	
O25425	reviewed	DCUA_HELPY	dcuA HP_0724	443	Helicobacter pylori (strain ATCC 700392 / 26695) (Campylobacter pylori)		SUBCELLULAR LOCATION: Cell inner membrane {ECO:0000250|UniProtKB:P0ABN5}; Multi-pass membrane protein {ECO:0000255}.	
O25427	reviewed	DUS_HELPY	dus HP_0727	328	Helicobacter pylori (strain ATCC 700392 / 26695) (Campylobacter pylori)			
O25428	reviewed	TILS_HELPY	tilS HP_0728	336	Helicobacter pylori (strain ATCC 700392 / 26695) (Campylobacter pylori)		SUBCELLULAR LOCATION: Cytoplasm {ECO:0000255|HAMAP-Rule:MF_01161}.	
O25436	reviewed	Y736_HELPY	HP_0736	369	Helicobacter pylori (strain ATCC 700392 / 26695) (Campylobacter pylori)			
O25441	reviewed	Y745_HELPY	HP_0745	327	Helicobacter pylori (strain ATCC 700392 / 26695) (Campylobacter pylori)			
O25448	unreviewed	O25448_HELPY	HP_0753	126	Helicobacter pylori (strain ATCC 700392 / 26695) (Campylobacter pylori)	Q07911; O25709	SUBCELLULAR LOCATION: Cytoplasm, cytosol {ECO:0000256|ARBA:ARBA00004514, ECO:0000256|PIRNR:PIRNR039090}.	X-ray crystallography (2)
O25455	reviewed	RNY_HELPY	rny HP_0760	529	Helicobacter pylori (strain ATCC 700392 / 26695) (Campylobacter pylori)		SUBCELLULAR LOCATION: Cell membrane {ECO:0000255|HAMAP-Rule:MF_00335}; Single-pass membrane protein {ECO:0000255|HAMAP-Rule:MF_00335}.	
O25468	unreviewed	O25468_HELPY	mqnA HP_0778	227	Helicobacter pylori (strain ATCC 700392 / 26695) (Campylobacter pylori)			
O25474	reviewed	LOLA_HELPY	lolA HP_0785	184	Helicobacter pylori (strain ATCC 700392 / 26695) (Campylobacter pylori)		SUBCELLULAR LOCATION: Periplasm {ECO:0000250}.	
O25488	reviewed	ACPS_HELPY	acpS HP_0808	119	Helicobacter pylori (strain ATCC 700392 / 26695) (Campylobacter pylori)		SUBCELLULAR LOCATION: Cytoplasm {ECO:0000255|HAMAP-Rule:MF_00101}.	X-ray crystallography (1)
O25489	unreviewed	O25489_HELPY	HP_0809	183	Helicobacter pylori (strain ATCC 700392 / 26695) (Campylobacter pylori)		SUBCELLULAR LOCATION: Cell membrane {ECO:0000256|RuleBase:RU364125}. Membrane {ECO:0000256|ARBA:ARBA00004167}; Single-pass membrane protein {ECO:0000256|ARBA:ARBA00004167}.	
O25496	unreviewed	O25496_HELPY	HP_0818	553	Helicobacter pylori (strain ATCC 700392 / 26695) (Campylobacter pylori)		SUBCELLULAR LOCATION: Cell membrane {ECO:0000256|RuleBase:RU363032}; Multi-pass membrane protein {ECO:0000256|RuleBase:RU363032}. Membrane {ECO:0000256|ARBA:ARBA00004141}; Multi-pass membrane protein {ECO:0000256|ARBA:ARBA00004141}.	
O25505	reviewed	DER_HELPY	der engA HP_0834	458	Helicobacter pylori (strain ATCC 700392 / 26695) (Campylobacter pylori)			
O25506	reviewed	DBH_HELPY	hup HP_0835	94	Helicobacter pylori (strain ATCC 700392 / 26695) (Campylobacter pylori)			
O25517	unreviewed	O25517_HELPY	HP_0846	866	Helicobacter pylori (strain ATCC 700392 / 26695) (Campylobacter pylori)			
O25521	unreviewed	O25521_HELPY	HP_0850	527	Helicobacter pylori (strain ATCC 700392 / 26695) (Campylobacter pylori)	O25519		
O25525	reviewed	GUAC_HELPY	guaC HP_0854	327	Helicobacter pylori (strain ATCC 700392 / 26695) (Campylobacter pylori)			
O25534	reviewed	PGBB_HELPY	pgbB HP_0863	542	Helicobacter pylori (strain ATCC 700392 / 26695) (Campylobacter pylori)		SUBCELLULAR LOCATION: Cell surface {ECO:0000305}. Note=The plasminogen-binding region is localized on the surface the bacterium. {ECO:0000305}.	
O25537	reviewed	LPXB_HELPY	lpxB HP_0867	360	Helicobacter pylori (strain ATCC 700392 / 26695) (Campylobacter pylori)			
O25549	reviewed	RUVA_HELPY	ruvA HP_0883	183	Helicobacter pylori (strain ATCC 700392 / 26695) (Campylobacter pylori)		SUBCELLULAR LOCATION: Cytoplasm {ECO:0000255|HAMAP-Rule:MF_00031}.	
O25551	reviewed	MURJ_HELPY	murJ mviN HP_0885	461	Helicobacter pylori (strain ATCC 700392 / 26695) (Campylobacter pylori)		SUBCELLULAR LOCATION: Cell inner membrane {ECO:0000255|HAMAP-Rule:MF_02078}; Multi-pass membrane protein {ECO:0000255|HAMAP-Rule:MF_02078}.	
O25565	unreviewed	O25565_HELPY	HP_0907	301	Helicobacter pylori (strain ATCC 700392 / 26695) (Campylobacter pylori)			X-ray crystallography (2)
O25568	unreviewed	O25568_HELPY	HP_0910	379	Helicobacter pylori (strain ATCC 700392 / 26695) (Campylobacter pylori)			
O25569	unreviewed	O25569_HELPY	HP_0911	675	Helicobacter pylori (strain ATCC 700392 / 26695) (Campylobacter pylori)			
O25581	reviewed	Y924_HELPY	HP_0924	68	Helicobacter pylori (strain ATCC 700392 / 26695) (Campylobacter pylori)			X-ray crystallography (2)
O25582	reviewed	HTPX_HELPY	htpX HP_0927	310	Helicobacter pylori (strain ATCC 700392 / 26695) (Campylobacter pylori)		SUBCELLULAR LOCATION: Cell inner membrane {ECO:0000255|HAMAP-Rule:MF_00188}; Multi-pass membrane protein {ECO:0000255|HAMAP-Rule:MF_00188}.	
O25597	reviewed	DADA_HELPY	dadA HP_0943	410	Helicobacter pylori (strain ATCC 700392 / 26695) (Campylobacter pylori)		SUBCELLULAR LOCATION: Cell inner membrane {ECO:0000250|UniProtKB:A3KEZ1}; Peripheral membrane protein {ECO:0000305}.	
O25603	reviewed	RLMH_HELPY	rlmH HP_0949	150	Helicobacter pylori (strain ATCC 700392 / 26695) (Campylobacter pylori)		SUBCELLULAR LOCATION: Cytoplasm {ECO:0000255|HAMAP-Rule:MF_00658}.	
O25610	reviewed	Y956_HELPY	HP_0956	242	Helicobacter pylori (strain ATCC 700392 / 26695) (Campylobacter pylori)			
O25615	unreviewed	O25615_HELPY	acpP HP_0962	153	Helicobacter pylori (strain ATCC 700392 / 26695) (Campylobacter pylori)		SUBCELLULAR LOCATION: Cytoplasm {ECO:0000256|HAMAP-Rule:MF_01217}.	
O25620	reviewed	VAD2_HELPY	HP_0967	95	Helicobacter pylori (strain ATCC 700392 / 26695) (Campylobacter pylori)			
O25629	reviewed	FTSA_HELPY	ftsA HP_0978	492	Helicobacter pylori (strain ATCC 700392 / 26695) (Campylobacter pylori)		SUBCELLULAR LOCATION: Cell inner membrane {ECO:0000255|HAMAP-Rule:MF_02033}; Peripheral membrane protein {ECO:0000255|HAMAP-Rule:MF_02033}; Cytoplasmic side {ECO:0000255|HAMAP-Rule:MF_02033}. Note=Localizes to the Z ring in an FtsZ-dependent manner. Targeted to the membrane through a conserved C-terminal amphipathic helix. {ECO:0000255|HAMAP-Rule:MF_02033}.	
O25660	unreviewed	O25660_HELPY	HP_1016	200	Helicobacter pylori (strain ATCC 700392 / 26695) (Campylobacter pylori)		SUBCELLULAR LOCATION: Cell membrane {ECO:0000256|ARBA:ARBA00004651}; Multi-pass membrane protein {ECO:0000256|ARBA:ARBA00004651}. Membrane {ECO:0000256|ARBA:ARBA00004141}; Multi-pass membrane protein {ECO:0000256|ARBA:ARBA00004141}.	
O25669	unreviewed	O25669_HELPY	HP_1025	123	Helicobacter pylori (strain ATCC 700392 / 26695) (Campylobacter pylori)	O25668; O25669		
O25670	unreviewed	O25670_HELPY	HP_1026	391	Helicobacter pylori (strain ATCC 700392 / 26695) (Campylobacter pylori)			
O25671	reviewed	FUR_HELPY	fur HP_1027	150	Helicobacter pylori (strain ATCC 700392 / 26695) (Campylobacter pylori)		SUBCELLULAR LOCATION: Cytoplasm {ECO:0000250}.	X-ray crystallography (1)
O25675	unreviewed	O25675_HELPY	HP_1031	354	Helicobacter pylori (strain ATCC 700392 / 26695) (Campylobacter pylori)		SUBCELLULAR LOCATION: Bacterial flagellum basal body {ECO:0000256|ARBA:ARBA00004117}. Membrane {ECO:0000256|ARBA:ARBA00004170}; Peripheral membrane protein {ECO:0000256|ARBA:ARBA00004170}.	X-ray crystallography (3)
O25676	unreviewed	O25676_HELPY	HP_1032	255	Helicobacter pylori (strain ATCC 700392 / 26695) (Campylobacter pylori)	O25747; O25806		
O25680	reviewed	HPPK_HELPY	folK HP_1036	163	Helicobacter pylori (strain ATCC 700392 / 26695) (Campylobacter pylori)			
O25685	reviewed	Y1044_HELPY	HP_1044	370	Helicobacter pylori (strain ATCC 700392 / 26695) (Campylobacter pylori)			
O25687	reviewed	RIMP_HELPY	rimP HP_1046	146	Helicobacter pylori (strain ATCC 700392 / 26695) (Campylobacter pylori)	P0A0X4	SUBCELLULAR LOCATION: Cytoplasm {ECO:0000255|HAMAP-Rule:MF_01077}.	
O25688	reviewed	RBFA_HELPY	rbfA HP_1047	111	Helicobacter pylori (strain ATCC 700392 / 26695) (Campylobacter pylori)		SUBCELLULAR LOCATION: Cytoplasm {ECO:0000255|HAMAP-Rule:MF_00003}.	
O25690	reviewed	KHSE_HELPY	thrB HP_1050	293	Helicobacter pylori (strain ATCC 700392 / 26695) (Campylobacter pylori)		SUBCELLULAR LOCATION: Cytoplasm {ECO:0000255|HAMAP-Rule:MF_00384}.	
O25693	reviewed	MINC_HELPY	minC HP_1053	195	Helicobacter pylori (strain ATCC 700392 / 26695) (Campylobacter pylori)			
O25700	reviewed	TATB_HELPY	tatB HP_1060	160	Helicobacter pylori (strain ATCC 700392 / 26695) (Campylobacter pylori)		SUBCELLULAR LOCATION: Cell inner membrane {ECO:0000255|HAMAP-Rule:MF_00237}; Single-pass membrane protein {ECO:0000255|HAMAP-Rule:MF_00237}.	
O25701	reviewed	TATC_HELPY	tatC HP_1061	253	Helicobacter pylori (strain ATCC 700392 / 26695) (Campylobacter pylori)		SUBCELLULAR LOCATION: Cell inner membrane {ECO:0000255|HAMAP-Rule:MF_00902}; Multi-pass membrane protein {ECO:0000255|HAMAP-Rule:MF_00902}.	
O25702	reviewed	QUEA_HELPY	queA HP_1062	345	Helicobacter pylori (strain ATCC 700392 / 26695) (Campylobacter pylori)		SUBCELLULAR LOCATION: Cytoplasm {ECO:0000255|HAMAP-Rule:MF_00113}.	
O25703	reviewed	RSMG_HELPY	rsmG HP_1063	178	Helicobacter pylori (strain ATCC 700392 / 26695) (Campylobacter pylori)		SUBCELLULAR LOCATION: Cytoplasm {ECO:0000255|HAMAP-Rule:MF_00074}.	
O25720	unreviewed	O25720_HELPY	HP_1088	641	Helicobacter pylori (strain ATCC 700392 / 26695) (Campylobacter pylori)			
O25731	reviewed	GLK_HELPY	glk HP_1103	336	Helicobacter pylori (strain ATCC 700392 / 26695) (Campylobacter pylori)		SUBCELLULAR LOCATION: Cytoplasm {ECO:0000255|HAMAP-Rule:MF_00524}.	
O25742	unreviewed	O25742_HELPY	HP_1117	256	Helicobacter pylori (strain ATCC 700392 / 26695) (Campylobacter pylori)			
O25744	unreviewed	O25744_HELPY	HP_1119	606	Helicobacter pylori (strain ATCC 700392 / 26695) (Campylobacter pylori)		SUBCELLULAR LOCATION: Bacterial flagellum {ECO:0000256|ARBA:ARBA00004365}. Secreted {ECO:0000256|ARBA:ARBA00004613}.	
O25746	unreviewed	O25746_HELPY	HP_1121	312	Helicobacter pylori (strain ATCC 700392 / 26695) (Campylobacter pylori)			
O25751	reviewed	TOLB_HELPY	tolB HP_1126	417	Helicobacter pylori (strain ATCC 700392 / 26695) (Campylobacter pylori)		SUBCELLULAR LOCATION: Periplasm {ECO:0000255|HAMAP-Rule:MF_00671}.	
O25754	reviewed	EXDL1_HELPY	HP_1129	133	Helicobacter pylori (strain ATCC 700392 / 26695) (Campylobacter pylori)		SUBCELLULAR LOCATION: Cell inner membrane {ECO:0000305}; Single-pass type II membrane protein {ECO:0000305}.	
O25757	unreviewed	O25757_HELPY	HP_1137	144	Helicobacter pylori (strain ATCC 700392 / 26695) (Campylobacter pylori)		SUBCELLULAR LOCATION: Membrane {ECO:0000256|ARBA:ARBA00004167}; Single-pass membrane protein {ECO:0000256|ARBA:ARBA00004167}.	
O25758	reviewed	PARB_HELPY	parB HP_1138	290	Helicobacter pylori (strain ATCC 700392 / 26695) (Campylobacter pylori)			X-ray crystallography (1)
O25766	reviewed	TRMD_HELPY	trmD HP_1148	229	Helicobacter pylori (strain ATCC 700392 / 26695) (Campylobacter pylori)		SUBCELLULAR LOCATION: Cytoplasm {ECO:0000305}.	
O25767	reviewed	RIMM_HELPY	rimM HP_1149	184	Helicobacter pylori (strain ATCC 700392 / 26695) (Campylobacter pylori)		SUBCELLULAR LOCATION: Cytoplasm {ECO:0000255|HAMAP-Rule:MF_00014}.	
O25769	reviewed	FLIW1_HELPY	fliW1 HP_1154	135	Helicobacter pylori (strain ATCC 700392 / 26695) (Campylobacter pylori)		SUBCELLULAR LOCATION: Cytoplasm {ECO:0000255|HAMAP-Rule:MF_01185}.	
O25773	reviewed	P5CR_HELPY	proC HP_1158	257	Helicobacter pylori (strain ATCC 700392 / 26695) (Campylobacter pylori)		SUBCELLULAR LOCATION: Cytoplasm {ECO:0000255|HAMAP-Rule:MF_01925}.	
O25774	unreviewed	O25774_HELPY	HP_1159	177	Helicobacter pylori (strain ATCC 700392 / 26695) (Campylobacter pylori)			X-ray crystallography (1)
O25775	reviewed	YBEY_HELPY	ybeY HP_1160	140	Helicobacter pylori (strain ATCC 700392 / 26695) (Campylobacter pylori)		SUBCELLULAR LOCATION: Cytoplasm {ECO:0000255|HAMAP-Rule:MF_00009}.	
O25776	reviewed	FLAV_HELPY	fldA HP_1161	164	Helicobacter pylori (strain ATCC 700392 / 26695) (Campylobacter pylori)			X-ray crystallography (2)
O25788	reviewed	GLUP_HELPY	gluP HP_1174	407	Helicobacter pylori (strain ATCC 700392 / 26695) (Campylobacter pylori)		SUBCELLULAR LOCATION: Cell inner membrane {ECO:0000305}; Multi-pass membrane protein {ECO:0000305}.	
O25796	unreviewed	O25796_HELPY	HP_1184	459	Helicobacter pylori (strain ATCC 700392 / 26695) (Campylobacter pylori)		SUBCELLULAR LOCATION: Cell membrane {ECO:0000256|ARBA:ARBA00004651}; Multi-pass membrane protein {ECO:0000256|ARBA:ARBA00004651}. Membrane {ECO:0000256|ARBA:ARBA00004141}; Multi-pass membrane protein {ECO:0000256|ARBA:ARBA00004141}.	
O25797	reviewed	SOTB_HELPY	sotB HP_1185	391	Helicobacter pylori (strain ATCC 700392 / 26695) (Campylobacter pylori)		SUBCELLULAR LOCATION: Cell inner membrane {ECO:0000255|HAMAP-Rule:MF_00517}; Multi-pass membrane protein {ECO:0000255|HAMAP-Rule:MF_00517}.	
O25802	unreviewed	O25802_HELPY	HP_1191	349	Helicobacter pylori (strain ATCC 700392 / 26695) (Campylobacter pylori)			
O25809	unreviewed	O25809_HELPY	HP_1208	329	Helicobacter pylori (strain ATCC 700392 / 26695) (Campylobacter pylori)			
O25820	unreviewed	O25820_HELPY	HP_1222	948	Helicobacter pylori (strain ATCC 700392 / 26695) (Campylobacter pylori)			
O25822	unreviewed	O25822_HELPY	HP_1224	226	Helicobacter pylori (strain ATCC 700392 / 26695) (Campylobacter pylori)			X-ray crystallography (1)
O25824	unreviewed	O25824_HELPY	HP_1226	352	Helicobacter pylori (strain ATCC 700392 / 26695) (Campylobacter pylori)		SUBCELLULAR LOCATION: Cytoplasm {ECO:0000256|RuleBase:RU364116}.	
O25826	reviewed	RPPH_HELPY	rppH nudH HP_1228	155	Helicobacter pylori (strain ATCC 700392 / 26695) (Campylobacter pylori)			
O25828	unreviewed	O25828_HELPY	HP_1230	180	Helicobacter pylori (strain ATCC 700392 / 26695) (Campylobacter pylori)	O26057; O25828		X-ray crystallography (2)
O25832	reviewed	Y1234_HELPY	HP_1234	298	Helicobacter pylori (strain ATCC 700392 / 26695) (Campylobacter pylori)		SUBCELLULAR LOCATION: Cell membrane {ECO:0000305}; Multi-pass membrane protein {ECO:0000305}.	
O25838	reviewed	NTPP_HELPY	HP_1240	190	Helicobacter pylori (strain ATCC 700392 / 26695) (Campylobacter pylori)		SUBCELLULAR LOCATION: Cytoplasm {ECO:0000255|HAMAP-Rule:MF_00528}.	
O25841	reviewed	SSB_HELPY	ssb HP_1245	179	Helicobacter pylori (strain ATCC 700392 / 26695) (Campylobacter pylori)	O25365		X-ray crystallography (1)
O25842	reviewed	Y1247_HELPY	HP_1247	340	Helicobacter pylori (strain ATCC 700392 / 26695) (Campylobacter pylori)	O25829		
O25847	reviewed	SECG_HELPY	secG HP_1255	199	Helicobacter pylori (strain ATCC 700392 / 26695) (Campylobacter pylori)		SUBCELLULAR LOCATION: Cell membrane {ECO:0000250}; Multi-pass membrane protein {ECO:0000250}.	
O25850	unreviewed	O25850_HELPY	HP_1260	133	Helicobacter pylori (strain ATCC 700392 / 26695) (Campylobacter pylori)		SUBCELLULAR LOCATION: Cell membrane {ECO:0000256|RuleBase:RU003639}; Multi-pass membrane protein {ECO:0000256|RuleBase:RU003639}.	
O25852	unreviewed	O25852_HELPY	HP_1262	266	Helicobacter pylori (strain ATCC 700392 / 26695) (Campylobacter pylori)	O25214; O25008		
O25853	reviewed	NUOD_HELPY	nuoD HP_1263	409	Helicobacter pylori (strain ATCC 700392 / 26695) (Campylobacter pylori)		SUBCELLULAR LOCATION: Cell inner membrane {ECO:0000255|HAMAP-Rule:MF_01358}; Peripheral membrane protein {ECO:0000255|HAMAP-Rule:MF_01358}; Cytoplasmic side {ECO:0000255|HAMAP-Rule:MF_01358}.	
O25859	unreviewed	O25859_HELPY	HP_1269	182	Helicobacter pylori (strain ATCC 700392 / 26695) (Campylobacter pylori)		SUBCELLULAR LOCATION: Cell membrane {ECO:0000256|RuleBase:RU004429}; Multi-pass membrane protein {ECO:0000256|RuleBase:RU004429}.	
O25874	unreviewed	O25874_HELPY	HP_1287	217	Helicobacter pylori (strain ATCC 700392 / 26695) (Campylobacter pylori)			
O25879	reviewed	SECY_HELPY	secY HP_1300	420	Helicobacter pylori (strain ATCC 700392 / 26695) (Campylobacter pylori)		SUBCELLULAR LOCATION: Cell inner membrane {ECO:0000255|HAMAP-Rule:MF_01465}; Multi-pass membrane protein {ECO:0000255|HAMAP-Rule:MF_01465}.	
O25885	unreviewed	O25885_HELPY	HP_1327	412	Helicobacter pylori (strain ATCC 700392 / 26695) (Campylobacter pylori)			
O25895	reviewed	NADD_HELPY	nadD HP_1337	174	Helicobacter pylori (strain ATCC 700392 / 26695) (Campylobacter pylori)			
O25897	reviewed	EXBB_HELPY	exbB HP_1339	145	Helicobacter pylori (strain ATCC 700392 / 26695) (Campylobacter pylori)		SUBCELLULAR LOCATION: Cell inner membrane; Multi-pass membrane protein.	
O25898	reviewed	EXBD_HELPY	exbD HP_1340	129	Helicobacter pylori (strain ATCC 700392 / 26695) (Campylobacter pylori)		SUBCELLULAR LOCATION: Cell inner membrane {ECO:0000305}; Single-pass type II membrane protein {ECO:0000305}.	
O25902	unreviewed	O25902_HELPY	HP_1346	330	Helicobacter pylori (strain ATCC 700392 / 26695) (Campylobacter pylori)			
O25907	unreviewed	O25907_HELPY	HP_1352	359	Helicobacter pylori (strain ATCC 700392 / 26695) (Campylobacter pylori)			
O25920	unreviewed	O25920_HELPY	HP_1367	260	Helicobacter pylori (strain ATCC 700392 / 26695) (Campylobacter pylori)			
O25921	unreviewed	O25921_HELPY	HP_1368	287	Helicobacter pylori (strain ATCC 700392 / 26695) (Campylobacter pylori)			
O25925	unreviewed	O25925_HELPY	mreB HP_1373	347	Helicobacter pylori (strain ATCC 700392 / 26695) (Campylobacter pylori)		SUBCELLULAR LOCATION: Cytoplasm {ECO:0000256|HAMAP-Rule:MF_02207}. Note=Membrane-associated. {ECO:0000256|HAMAP-Rule:MF_02207}.	
O25928	reviewed	FABZ_HELPY	fabZ HP_1376	159	Helicobacter pylori (strain ATCC 700392 / 26695) (Campylobacter pylori)		SUBCELLULAR LOCATION: Cytoplasm {ECO:0000255|HAMAP-Rule:MF_00406}.	X-ray crystallography (4)
O25929	reviewed	FLIW2_HELPY	fliW2 HP_1377	129	Helicobacter pylori (strain ATCC 700392 / 26695) (Campylobacter pylori)		SUBCELLULAR LOCATION: Cytoplasm {ECO:0000255|HAMAP-Rule:MF_01185}.	
O25930	reviewed	BAMD_HELPY	bamD HP_1378	220	Helicobacter pylori (strain ATCC 700392 / 26695) (Campylobacter pylori)		SUBCELLULAR LOCATION: Cell outer membrane {ECO:0000255|HAMAP-Rule:MF_00922}; Lipid-anchor {ECO:0000255|HAMAP-Rule:MF_00922}.	
O25943	reviewed	RECN_HELPY	recN HP_1393	524	Helicobacter pylori (strain ATCC 700392 / 26695) (Campylobacter pylori)			
O25949	unreviewed	O25949_HELPY	HP_1399	322	Helicobacter pylori (strain ATCC 700392 / 26695) (Campylobacter pylori)			X-ray crystallography (1)
O25952	unreviewed	O25952_HELPY	HP_1402	993	Helicobacter pylori (strain ATCC 700392 / 26695) (Campylobacter pylori)			
O25953	unreviewed	O25953_HELPY	HP_1403	817	Helicobacter pylori (strain ATCC 700392 / 26695) (Campylobacter pylori)			
O25960	unreviewed	O25960_HELPY	rsfS HP_1414	113	Helicobacter pylori (strain ATCC 700392 / 26695) (Campylobacter pylori)		SUBCELLULAR LOCATION: Cytoplasm {ECO:0000256|HAMAP-Rule:MF_01477}.	
O25971	reviewed	Y1429_HELPY	HP_1429	329	Helicobacter pylori (strain ATCC 700392 / 26695) (Campylobacter pylori)			
O25975	unreviewed	O25975_HELPY	purU HP_1434	293	Helicobacter pylori (strain ATCC 700392 / 26695) (Campylobacter pylori)			
O25982	reviewed	PPIA_HELPY	ppiA HP_1441	163	Helicobacter pylori (strain ATCC 700392 / 26695) (Campylobacter pylori)			
O25983	reviewed	CSRA_HELPY	csrA HP_1442	76	Helicobacter pylori (strain ATCC 700392 / 26695) (Campylobacter pylori)		SUBCELLULAR LOCATION: Cytoplasm {ECO:0000255|HAMAP-Rule:MF_00167}.	
O25986	reviewed	EXBL2_HELPY	HP_1445	150	Helicobacter pylori (strain ATCC 700392 / 26695) (Campylobacter pylori)		SUBCELLULAR LOCATION: Cell inner membrane {ECO:0000305}; Multi-pass membrane protein {ECO:0000305}.	
O25989	reviewed	YIDC_HELPY	yidC HP_1450	547	Helicobacter pylori (strain ATCC 700392 / 26695) (Campylobacter pylori)		SUBCELLULAR LOCATION: Cell inner membrane {ECO:0000255|HAMAP-Rule:MF_01810}; Multi-pass membrane protein {ECO:0000255|HAMAP-Rule:MF_01810}.	
O25990	unreviewed	O25990_HELPY	HP_1451	264	Helicobacter pylori (strain ATCC 700392 / 26695) (Campylobacter pylori)	O25768; Q7BK04; Q6VRM0		X-ray crystallography (1)
O25997	unreviewed	O25997_HELPY	HP_1461	350	Helicobacter pylori (strain ATCC 700392 / 26695) (Campylobacter pylori)		SUBCELLULAR LOCATION: Periplasm {ECO:0000256|ARBA:ARBA00004418}.	
O26007	unreviewed	O26007_HELPY	HP_1472	679	Helicobacter pylori (strain ATCC 700392 / 26695) (Campylobacter pylori)			
O26011	reviewed	UBIX_HELPY	ubiX HP_1476	187	Helicobacter pylori (strain ATCC 700392 / 26695) (Campylobacter pylori)			
O26012	unreviewed	O26012_HELPY	HP_1477	218	Helicobacter pylori (strain ATCC 700392 / 26695) (Campylobacter pylori)		SUBCELLULAR LOCATION: Periplasm {ECO:0000256|RuleBase:RU362063}.	
O26014	unreviewed	O26014_HELPY	HP_1479	844	Helicobacter pylori (strain ATCC 700392 / 26695) (Campylobacter pylori)			
O26016	reviewed	EX7S_HELPY	xseB HP_1482	86	Helicobacter pylori (strain ATCC 700392 / 26695) (Campylobacter pylori)		SUBCELLULAR LOCATION: Cytoplasm {ECO:0000255|HAMAP-Rule:MF_00337}.	
O26024	reviewed	Y1491_HELPY	HP_1491	533	Helicobacter pylori (strain ATCC 700392 / 26695) (Campylobacter pylori)		SUBCELLULAR LOCATION: Cell membrane {ECO:0000305}; Multi-pass membrane protein {ECO:0000305}.	
O26033	unreviewed	O26033_HELPY	HP_1503	788	Helicobacter pylori (strain ATCC 700392 / 26695) (Campylobacter pylori)	Q09068	SUBCELLULAR LOCATION: Cell membrane {ECO:0000256|RuleBase:RU362081}.	
O26035	unreviewed	O26035_HELPY	HP_1505	344	Helicobacter pylori (strain ATCC 700392 / 26695) (Campylobacter pylori)			
O26036	unreviewed	O26036_HELPY	HP_1506	408	Helicobacter pylori (strain ATCC 700392 / 26695) (Campylobacter pylori)		SUBCELLULAR LOCATION: Cell inner membrane {ECO:0000256|HAMAP-Rule:MF_02062}; Multi-pass membrane protein {ECO:0000256|HAMAP-Rule:MF_02062}.	
O26046	unreviewed	O26046_HELPY	HP_1517	1279	Helicobacter pylori (strain ATCC 700392 / 26695) (Campylobacter pylori)			
O26054	unreviewed	O26054_HELPY	HP_1526	250	Helicobacter pylori (strain ATCC 700392 / 26695) (Campylobacter pylori)			X-ray crystallography (1)
O26070	unreviewed	O26070_HELPY	HP_1545	394	Helicobacter pylori (strain ATCC 700392 / 26695) (Campylobacter pylori)			X-ray crystallography (1)
O26073	reviewed	SECF_HELPY	secF HP_1549	323	Helicobacter pylori (strain ATCC 700392 / 26695) (Campylobacter pylori)		SUBCELLULAR LOCATION: Cell inner membrane {ECO:0000255|HAMAP-Rule:MF_01464}; Multi-pass membrane protein {ECO:0000255|HAMAP-Rule:MF_01464}.	
O26074	reviewed	SECD_HELPY	secD HP_1550	525	Helicobacter pylori (strain ATCC 700392 / 26695) (Campylobacter pylori)		SUBCELLULAR LOCATION: Cell inner membrane {ECO:0000255|HAMAP-Rule:MF_01463}; Multi-pass membrane protein {ECO:0000255|HAMAP-Rule:MF_01463}.	
O26075	reviewed	YAJC_HELPY	yajC HP_1551	127	Helicobacter pylori (strain ATCC 700392 / 26695) (Campylobacter pylori)		SUBCELLULAR LOCATION: Cell inner membrane {ECO:0000250|UniProtKB:P0ADZ7}; Single-pass membrane protein {ECO:0000250|UniProtKB:P0ADZ7}.	
O26076	reviewed	NHAA_HELPY	nhaA HP_1552	438	Helicobacter pylori (strain ATCC 700392 / 26695) (Campylobacter pylori)		SUBCELLULAR LOCATION: Cell inner membrane {ECO:0000255|HAMAP-Rule:MF_01844}; Multi-pass membrane protein {ECO:0000255|HAMAP-Rule:MF_01844}.	
O26077	unreviewed	O26077_HELPY	HP_1553	945	Helicobacter pylori (strain ATCC 700392 / 26695) (Campylobacter pylori)			
O26081	unreviewed	O26081_HELPY	HP_1559	140	Helicobacter pylori (strain ATCC 700392 / 26695) (Campylobacter pylori)	O25546; P55991	SUBCELLULAR LOCATION: Bacterial flagellum basal body {ECO:0000256|PIRNR:PIRNR002889}.	
O26087	reviewed	ENGB_HELPY	engB HP_1567	208	Helicobacter pylori (strain ATCC 700392 / 26695) (Campylobacter pylori)			
O26090	unreviewed	O26090_HELPY	HP_1570	164	Helicobacter pylori (strain ATCC 700392 / 26695) (Campylobacter pylori)			
O26094	unreviewed	O26094_HELPY	HP_1574	206	Helicobacter pylori (strain ATCC 700392 / 26695) (Campylobacter pylori)			
O26101	unreviewed	O26101_HELPY	HP_1581	336	Helicobacter pylori (strain ATCC 700392 / 26695) (Campylobacter pylori)		SUBCELLULAR LOCATION: Membrane {ECO:0000256|ARBA:ARBA00004141}; Multi-pass membrane protein {ECO:0000256|ARBA:ARBA00004141}.	
P0A0Q7	reviewed	VDLD_HELPY	vdlD HP_0891	174	Helicobacter pylori (strain ATCC 700392 / 26695) (Campylobacter pylori)			
P0A0S3	reviewed	FLIQ_HELPY	fliQ HP_1419	88	Helicobacter pylori (strain ATCC 700392 / 26695) (Campylobacter pylori)		SUBCELLULAR LOCATION: Cell membrane {ECO:0000305}; Multi-pass membrane protein {ECO:0000305}. Bacterial flagellum basal body {ECO:0000250}.	
P50610	reviewed	FLGE_HELPY	flgE HP_0870	718	Helicobacter pylori (strain ATCC 700392 / 26695) (Campylobacter pylori)		SUBCELLULAR LOCATION: Bacterial flagellum basal body.	
P55834	reviewed	RL7_HELPY	rplL HP_1199	125	Helicobacter pylori (strain ATCC 700392 / 26695) (Campylobacter pylori)	P56036		
P55969	reviewed	HPAA_HELPY	hpaA HP_0797	260	Helicobacter pylori (strain ATCC 700392 / 26695) (Campylobacter pylori)		SUBCELLULAR LOCATION: Cell outer membrane {ECO:0000305}; Lipid-anchor {ECO:0000305}.	X-ray crystallography (1)
P55970	reviewed	GRPE_HELPY	grpE HP_0110	189	Helicobacter pylori (strain ATCC 700392 / 26695) (Campylobacter pylori)		SUBCELLULAR LOCATION: Cytoplasm {ECO:0000255|HAMAP-Rule:MF_01151}.	
P55972	reviewed	IF2_HELPY	infB HP_1048	944	Helicobacter pylori (strain ATCC 700392 / 26695) (Campylobacter pylori)		SUBCELLULAR LOCATION: Cytoplasm {ECO:0000250}.	
P55973	reviewed	IF3_HELPY	infC HP_0124	203	Helicobacter pylori (strain ATCC 700392 / 26695) (Campylobacter pylori)		SUBCELLULAR LOCATION: Cytoplasm {ECO:0000255|HAMAP-Rule:MF_00080}.	
P55975	reviewed	EFTS_HELPY	tsf HP_1555	355	Helicobacter pylori (strain ATCC 700392 / 26695) (Campylobacter pylori)		SUBCELLULAR LOCATION: Cytoplasm {ECO:0000250}.	
P55976	reviewed	NUSG_HELPY	nusG HP_1203	176	Helicobacter pylori (strain ATCC 700392 / 26695) (Campylobacter pylori)			
P55977	reviewed	NUSA_HELPY	nusA HP_1514	395	Helicobacter pylori (strain ATCC 700392 / 26695) (Campylobacter pylori)		SUBCELLULAR LOCATION: Cytoplasm {ECO:0000255|HAMAP-Rule:MF_00945}.	
P55986	reviewed	Y1459_HELPY	HP_1459	262	Helicobacter pylori (strain ATCC 700392 / 26695) (Campylobacter pylori)			
P55993	reviewed	RPOD_HELPY	rpoD HP_0088	671	Helicobacter pylori (strain ATCC 700392 / 26695) (Campylobacter pylori)	O34754	SUBCELLULAR LOCATION: Cytoplasm {ECO:0000255|HAMAP-Rule:MF_00963}.	
P55997	reviewed	RNPA_HELPY	rnpA HP_1448	161	Helicobacter pylori (strain ATCC 700392 / 26695) (Campylobacter pylori)			
P55998	reviewed	RF1_HELPY	prfA HP_0077	352	Helicobacter pylori (strain ATCC 700392 / 26695) (Campylobacter pylori)		SUBCELLULAR LOCATION: Cytoplasm {ECO:0000250}.	
P55999	reviewed	RF2_HELPY	prfB HP_0171	363	Helicobacter pylori (strain ATCC 700392 / 26695) (Campylobacter pylori)		SUBCELLULAR LOCATION: Cytoplasm {ECO:0000250}.	
P56002	reviewed	EFG_HELPY	fusA HP_1195	692	Helicobacter pylori (strain ATCC 700392 / 26695) (Campylobacter pylori)		SUBCELLULAR LOCATION: Cytoplasm {ECO:0000250}.	
P56004	reviewed	EFP_HELPY	efp HP_0177	187	Helicobacter pylori (strain ATCC 700392 / 26695) (Campylobacter pylori)		SUBCELLULAR LOCATION: Cytoplasm {ECO:0000250}.	
P56006	reviewed	SCOA_HELPY	scoA HP_0691	232	Helicobacter pylori (strain ATCC 700392 / 26695) (Campylobacter pylori)	P56007		X-ray crystallography (1)
P56008	reviewed	RS1_HELPY	rpsA HP_0399	556	Helicobacter pylori (strain ATCC 700392 / 26695) (Campylobacter pylori)			
P56009	reviewed	RS2_HELPY	rpsB HP_1554	264	Helicobacter pylori (strain ATCC 700392 / 26695) (Campylobacter pylori)			
P56010	reviewed	RS3_HELPY	rpsC HP_1313	234	Helicobacter pylori (strain ATCC 700392 / 26695) (Campylobacter pylori)			
P56011	reviewed	RS4_HELPY	rpsD HP_1294	208	Helicobacter pylori (strain ATCC 700392 / 26695) (Campylobacter pylori)			
P56013	reviewed	RS6_HELPY	rpsF HP_1246	142	Helicobacter pylori (strain ATCC 700392 / 26695) (Campylobacter pylori)	P66459		
P56018	reviewed	RS11_HELPY	rpsK HP_1295	131	Helicobacter pylori (strain ATCC 700392 / 26695) (Campylobacter pylori)			
P56020	reviewed	RS13_HELPY	rpsM HP_1296	120	Helicobacter pylori (strain ATCC 700392 / 26695) (Campylobacter pylori)			
P56021	reviewed	RS14Z_HELPY	rpsZ rpsN HP_1306	61	Helicobacter pylori (strain ATCC 700392 / 26695) (Campylobacter pylori)			
P56022	reviewed	RS15_HELPY	rpsO HP_1040	90	Helicobacter pylori (strain ATCC 700392 / 26695) (Campylobacter pylori)			
P56023	reviewed	RS16_HELPY	rpsP HP_1151	76	Helicobacter pylori (strain ATCC 700392 / 26695) (Campylobacter pylori)			
P56026	reviewed	RS19_HELPY	rpsS HP_1315	93	Helicobacter pylori (strain ATCC 700392 / 26695) (Campylobacter pylori)			
P56027	reviewed	RS20_HELPY	rpsT HP_0076	89	Helicobacter pylori (strain ATCC 700392 / 26695) (Campylobacter pylori)			
P56028	reviewed	RS21_HELPY	rpsU HP_0562	70	Helicobacter pylori (strain ATCC 700392 / 26695) (Campylobacter pylori)			
P56030	reviewed	RL2_HELPY	rplB HP_1316	276	Helicobacter pylori (strain ATCC 700392 / 26695) (Campylobacter pylori)			
P56031	reviewed	RL3_HELPY	rplC HP_1319	191	Helicobacter pylori (strain ATCC 700392 / 26695) (Campylobacter pylori)			
P56032	reviewed	RL4_HELPY	rplD HP_1318	215	Helicobacter pylori (strain ATCC 700392 / 26695) (Campylobacter pylori)			
P56033	reviewed	RL5_HELPY	rplE HP_1307	181	Helicobacter pylori (strain ATCC 700392 / 26695) (Campylobacter pylori)			
P56034	reviewed	RL6_HELPY	rplF HP_1304	178	Helicobacter pylori (strain ATCC 700392 / 26695) (Campylobacter pylori)			
P56035	reviewed	RL9_HELPY	rplI HP_0514	149	Helicobacter pylori (strain ATCC 700392 / 26695) (Campylobacter pylori)			
P56036	reviewed	RL10_HELPY	rplJ HP_1200	164	Helicobacter pylori (strain ATCC 700392 / 26695) (Campylobacter pylori)	P55834		
P56038	reviewed	RL13_HELPY	rplM HP_0084	141	Helicobacter pylori (strain ATCC 700392 / 26695) (Campylobacter pylori)			
P56039	reviewed	RL14_HELPY	rplN HP_1309	122	Helicobacter pylori (strain ATCC 700392 / 26695) (Campylobacter pylori)	Q48271		
P56040	reviewed	RL15_HELPY	rplO HP_1301	133	Helicobacter pylori (strain ATCC 700392 / 26695) (Campylobacter pylori)			
P56041	reviewed	RL16_HELPY	rplP HP_1312	141	Helicobacter pylori (strain ATCC 700392 / 26695) (Campylobacter pylori)			
P56042	reviewed	RL17_HELPY	rplQ HP_1292	116	Helicobacter pylori (strain ATCC 700392 / 26695) (Campylobacter pylori)			
P56043	reviewed	RL18_HELPY	rplR HP_1303	119	Helicobacter pylori (strain ATCC 700392 / 26695) (Campylobacter pylori)			
P56044	reviewed	RL19_HELPY	rplS HP_1147	118	Helicobacter pylori (strain ATCC 700392 / 26695) (Campylobacter pylori)			
P56045	reviewed	RL20_HELPY	rplT HP_0126	116	Helicobacter pylori (strain ATCC 700392 / 26695) (Campylobacter pylori)			
P56046	reviewed	RL21_HELPY	rplU HP_0296	104	Helicobacter pylori (strain ATCC 700392 / 26695) (Campylobacter pylori)			
P56047	reviewed	RL22_HELPY	rplV HP_1314	122	Helicobacter pylori (strain ATCC 700392 / 26695) (Campylobacter pylori)			
P56049	reviewed	RL24_HELPY	rplX HP_1308	73	Helicobacter pylori (strain ATCC 700392 / 26695) (Campylobacter pylori)			
P56050	reviewed	RL27_HELPY	rpmA HP_0297	88	Helicobacter pylori (strain ATCC 700392 / 26695) (Campylobacter pylori)			
P56052	reviewed	RL29_HELPY	rpmC HP_1311	66	Helicobacter pylori (strain ATCC 700392 / 26695) (Campylobacter pylori)			
P56054	reviewed	RL32_HELPY	rpmF HP_0200	48	Helicobacter pylori (strain ATCC 700392 / 26695) (Campylobacter pylori)			
P56058	reviewed	RL36_HELPY	rpmJ HP_1297	37	Helicobacter pylori (strain ATCC 700392 / 26695) (Campylobacter pylori)			
P56060	reviewed	KDSA_HELPY	kdsA HP_0003	276	Helicobacter pylori (strain ATCC 700392 / 26695) (Campylobacter pylori)		SUBCELLULAR LOCATION: Cytoplasm {ECO:0000250}.	X-ray crystallography (4)
P56062	reviewed	CISY_HELPY	gltA HP_0026	426	Helicobacter pylori (strain ATCC 700392 / 26695) (Campylobacter pylori)			
P56066	reviewed	CLPS_HELPY	clpS HP_0032	91	Helicobacter pylori (strain ATCC 700392 / 26695) (Campylobacter pylori)			
P56072	reviewed	SDHL_HELPY	sdaA HP_0132	455	Helicobacter pylori (strain ATCC 700392 / 26695) (Campylobacter pylori)			
P56077	reviewed	PTH_HELPY	pth HP_1497	186	Helicobacter pylori (strain ATCC 700392 / 26695) (Campylobacter pylori)		SUBCELLULAR LOCATION: Cytoplasm {ECO:0000255|HAMAP-Rule:MF_00083}.	
P56078	reviewed	RL25_HELPY	rplY ctc HP_1496	178	Helicobacter pylori (strain ATCC 700392 / 26695) (Campylobacter pylori)			
P56080	reviewed	Y117_HELPY	HP_0117	308	Helicobacter pylori (strain ATCC 700392 / 26695) (Campylobacter pylori)			
P56082	reviewed	ATPG_HELPY	atpG HP_1133	301	Helicobacter pylori (strain ATCC 700392 / 26695) (Campylobacter pylori)		SUBCELLULAR LOCATION: Cell inner membrane {ECO:0000255|HAMAP-Rule:MF_00815}; Peripheral membrane protein {ECO:0000255|HAMAP-Rule:MF_00815}.	
P56085	reviewed	ATP6_HELPY	atpB HP_0828	226	Helicobacter pylori (strain ATCC 700392 / 26695) (Campylobacter pylori)		SUBCELLULAR LOCATION: Cell inner membrane {ECO:0000255|HAMAP-Rule:MF_01393}; Multi-pass membrane protein {ECO:0000255|HAMAP-Rule:MF_01393}.	
P56086	reviewed	ATPF_HELPY	atpF HP_1136	171	Helicobacter pylori (strain ATCC 700392 / 26695) (Campylobacter pylori)		SUBCELLULAR LOCATION: Cell inner membrane {ECO:0000255|HAMAP-Rule:MF_01398}; Single-pass membrane protein {ECO:0000255|HAMAP-Rule:MF_01398}.	
P56097	reviewed	FTSZ_HELPY	ftsZ HP_0979	385	Helicobacter pylori (strain ATCC 700392 / 26695) (Campylobacter pylori)		SUBCELLULAR LOCATION: Cytoplasm {ECO:0000255|HAMAP-Rule:MF_00909}. Note=Assembles at midcell at the inner surface of the cytoplasmic membrane. {ECO:0000255|HAMAP-Rule:MF_00909}.	
P56103	reviewed	KGUA_HELPY	gmk HP_0321	206	Helicobacter pylori (strain ATCC 700392 / 26695) (Campylobacter pylori)		SUBCELLULAR LOCATION: Cytoplasm {ECO:0000250}.	
P56108	reviewed	TAL_HELPY	tal HP_1495	316	Helicobacter pylori (strain ATCC 700392 / 26695) (Campylobacter pylori)		SUBCELLULAR LOCATION: Cytoplasm {ECO:0000250}.	
P56112	reviewed	Y175_HELPY	HP_0175	299	Helicobacter pylori (strain ATCC 700392 / 26695) (Campylobacter pylori)			X-ray crystallography (2)
P56113	reviewed	TRHP_HELPY	trhP HP_0169	422	Helicobacter pylori (strain ATCC 700392 / 26695) (Campylobacter pylori)			
P56114	reviewed	GATA_HELPY	gatA HP_0830	453	Helicobacter pylori (strain ATCC 700392 / 26695) (Campylobacter pylori)			
P56117	reviewed	Y190_HELPY	HP_0190	502	Helicobacter pylori (strain ATCC 700392 / 26695) (Campylobacter pylori)		SUBCELLULAR LOCATION: Cell membrane {ECO:0000305}; Single-pass membrane protein {ECO:0000305}.	
P56124	reviewed	SYP_HELPY	proS HP_0238	577	Helicobacter pylori (strain ATCC 700392 / 26695) (Campylobacter pylori)		SUBCELLULAR LOCATION: Cytoplasm {ECO:0000255|HAMAP-Rule:MF_01569}.	
P56128	reviewed	SYR_HELPY	argS HP_0319	541	Helicobacter pylori (strain ATCC 700392 / 26695) (Campylobacter pylori)		SUBCELLULAR LOCATION: Cytoplasm {ECO:0000250}.	
P56130	reviewed	Y285_HELPY	HP_0285	418	Helicobacter pylori (strain ATCC 700392 / 26695) (Campylobacter pylori)			
P56136	reviewed	Y258_HELPY	HP_0258	348	Helicobacter pylori (strain ATCC 700392 / 26695) (Campylobacter pylori)		SUBCELLULAR LOCATION: Cell inner membrane {ECO:0000250}; Multi-pass membrane protein {ECO:0000250}.	
P56141	reviewed	TRPA_HELPY	trpA HP_1277	262	Helicobacter pylori (strain ATCC 700392 / 26695) (Campylobacter pylori)			
P56142	reviewed	TRPB_HELPY	trpB HP_1278	393	Helicobacter pylori (strain ATCC 700392 / 26695) (Campylobacter pylori)			
P56143	reviewed	RP54_HELPY	rpoN HP_0714	414	Helicobacter pylori (strain ATCC 700392 / 26695) (Campylobacter pylori)			
P56154	reviewed	PGK_HELPY	pgk HP_1345	402	Helicobacter pylori (strain ATCC 700392 / 26695) (Campylobacter pylori)		SUBCELLULAR LOCATION: Cytoplasm {ECO:0000305}.	
P56157	reviewed	DPO3A_HELPY	dnaE HP_1460	1211	Helicobacter pylori (strain ATCC 700392 / 26695) (Campylobacter pylori)		SUBCELLULAR LOCATION: Cytoplasm {ECO:0000250}.	
P56190	reviewed	CSTA_HELPY	cstA HP_1168	687	Helicobacter pylori (strain ATCC 700392 / 26695) (Campylobacter pylori)		SUBCELLULAR LOCATION: Cell inner membrane {ECO:0000305}; Multi-pass membrane protein {ECO:0000255}.	
P56204	reviewed	RSMI_HELPY	rsmI HP_0552	287	Helicobacter pylori (strain ATCC 700392 / 26695) (Campylobacter pylori)		SUBCELLULAR LOCATION: Cytoplasm {ECO:0000255|HAMAP-Rule:MF_01877}.	
P56214	reviewed	RECR_HELPY	recR HP_0925	193	Helicobacter pylori (strain ATCC 700392 / 26695) (Campylobacter pylori)			
P56397	reviewed	UNG_HELPY	ung HP_1347	233	Helicobacter pylori (strain ATCC 700392 / 26695) (Campylobacter pylori)		SUBCELLULAR LOCATION: Cytoplasm {ECO:0000250}.	
P56398	reviewed	RRF_HELPY	frr HP_1256	185	Helicobacter pylori (strain ATCC 700392 / 26695) (Campylobacter pylori)		SUBCELLULAR LOCATION: Cytoplasm {ECO:0000255|HAMAP-Rule:MF_00040}.	
P56416	reviewed	FLHB_HELPY	flhB HP_0770	358	Helicobacter pylori (strain ATCC 700392 / 26695) (Campylobacter pylori)		SUBCELLULAR LOCATION: Cell inner membrane {ECO:0000305}; Multi-pass membrane protein {ECO:0000305}.	
P56419	reviewed	DEF_HELPY	def HP_0793	174	Helicobacter pylori (strain ATCC 700392 / 26695) (Campylobacter pylori)			
P56421	reviewed	MOG_HELPY	mog mogA HP_0799	176	Helicobacter pylori (strain ATCC 700392 / 26695) (Campylobacter pylori)			
P56453	reviewed	SYGA_HELPY	glyQ HP_0960	303	Helicobacter pylori (strain ATCC 700392 / 26695) (Campylobacter pylori)		SUBCELLULAR LOCATION: Cytoplasm {ECO:0000250}.	
P56454	reviewed	SYGB_HELPY	glyS HP_0972	701	Helicobacter pylori (strain ATCC 700392 / 26695) (Campylobacter pylori)		SUBCELLULAR LOCATION: Cytoplasm {ECO:0000250}.	
P56455	reviewed	SYH_HELPY	hisS HP_1190	442	Helicobacter pylori (strain ATCC 700392 / 26695) (Campylobacter pylori)		SUBCELLULAR LOCATION: Cytoplasm {ECO:0000250}.	
P56457	reviewed	SYL_HELPY	leuS HP_1547	806	Helicobacter pylori (strain ATCC 700392 / 26695) (Campylobacter pylori)		SUBCELLULAR LOCATION: Cytoplasm {ECO:0000255|HAMAP-Rule:MF_00049}.	
P56461	reviewed	FMT_HELPY	fmt HP_1141	303	Helicobacter pylori (strain ATCC 700392 / 26695) (Campylobacter pylori)			
P56464	reviewed	ACP_HELPY	acpP HP_0559	78	Helicobacter pylori (strain ATCC 700392 / 26695) (Campylobacter pylori)		SUBCELLULAR LOCATION: Cytoplasm {ECO:0000255|HAMAP-Rule:MF_01217}.	
P64101	reviewed	EXDL2_HELPY	HP_1446	133	Helicobacter pylori (strain ATCC 700392 / 26695) (Campylobacter pylori)		SUBCELLULAR LOCATION: Cell inner membrane {ECO:0000305}; Single-pass type II membrane protein {ECO:0000305}.	
P64275	reviewed	GREA_HELPY	greA HP_0866	164	Helicobacter pylori (strain ATCC 700392 / 26695) (Campylobacter pylori)			
P64382	reviewed	YHIT_HELPY	HP_0404	104	Helicobacter pylori (strain ATCC 700392 / 26695) (Campylobacter pylori)			X-ray crystallography (1)
P65108	reviewed	IF1_HELPY	infA HP_1298	72	Helicobacter pylori (strain ATCC 700392 / 26695) (Campylobacter pylori)		SUBCELLULAR LOCATION: Cytoplasm {ECO:0000255|HAMAP-Rule:MF_00075}.	
P65410	reviewed	MOTA_HELPY	motA HP_0815	257	Helicobacter pylori (strain ATCC 700392 / 26695) (Campylobacter pylori)		SUBCELLULAR LOCATION: Cell inner membrane {ECO:0000250}; Multi-pass membrane protein {ECO:0000305}.	
P66052	reviewed	RL11_HELPY	rplK HP_1202	141	Helicobacter pylori (strain ATCC 700392 / 26695) (Campylobacter pylori)			
P66119	reviewed	RL23_HELPY	rplW HP_1317	93	Helicobacter pylori (strain ATCC 700392 / 26695) (Campylobacter pylori)			
P66142	reviewed	RL28_HELPY	rpmB HP_0491	62	Helicobacter pylori (strain ATCC 700392 / 26695) (Campylobacter pylori)			
P66185	reviewed	RL31_HELPY	rpmE HP_0551	67	Helicobacter pylori (strain ATCC 700392 / 26695) (Campylobacter pylori)			
P66217	reviewed	RL33_HELPY	rpmG HP_1204	52	Helicobacter pylori (strain ATCC 700392 / 26695) (Campylobacter pylori)			
P66246	reviewed	RL34_HELPY	rpmH HP_1447	44	Helicobacter pylori (strain ATCC 700392 / 26695) (Campylobacter pylori)			
P66269	reviewed	RL35_HELPY	rpmI HP_0125	64	Helicobacter pylori (strain ATCC 700392 / 26695) (Campylobacter pylori)			
P66328	reviewed	RS10_HELPY	rpsJ HP_1320	104	Helicobacter pylori (strain ATCC 700392 / 26695) (Campylobacter pylori)			
P66449	reviewed	RS17_HELPY	rpsQ HP_1310	86	Helicobacter pylori (strain ATCC 700392 / 26695) (Campylobacter pylori)			
P66459	reviewed	RS18_HELPY	rpsR HP_1244	85	Helicobacter pylori (strain ATCC 700392 / 26695) (Campylobacter pylori)	P56013		
P66572	reviewed	RS5_HELPY	rpsE HP_1302	147	Helicobacter pylori (strain ATCC 700392 / 26695) (Campylobacter pylori)			
P66609	reviewed	RS7_HELPY	rpsG HP_1196	155	Helicobacter pylori (strain ATCC 700392 / 26695) (Campylobacter pylori)			
P66621	reviewed	RS8_HELPY	rpsH HP_1305	131	Helicobacter pylori (strain ATCC 700392 / 26695) (Campylobacter pylori)			
P66637	reviewed	RS9_HELPY	rpsI HP_0083	129	Helicobacter pylori (strain ATCC 700392 / 26695) (Campylobacter pylori)			
P66928	reviewed	THIO_HELPY	trxA HP_0824	106	Helicobacter pylori (strain ATCC 700392 / 26695) (Campylobacter pylori)			X-ray crystallography (1)
P67708	reviewed	FLIE_HELPY	fliE HP_1557	109	Helicobacter pylori (strain ATCC 700392 / 26695) (Campylobacter pylori)		SUBCELLULAR LOCATION: Bacterial flagellum basal body {ECO:0000250}.	
P71405	reviewed	CYSE_HELPY	cysE HP_1210	171	Helicobacter pylori (strain ATCC 700392 / 26695) (Campylobacter pylori)		SUBCELLULAR LOCATION: Cytoplasm {ECO:0000250}.	
P94851	reviewed	AN36_HELPY	HP_1488	329	Helicobacter pylori (strain ATCC 700392 / 26695) (Campylobacter pylori)		SUBCELLULAR LOCATION: Membrane {ECO:0000305}; Single-pass membrane protein {ECO:0000305}.	
P97227	reviewed	CAGS_HELPY	cagS cag13 HP_0534	196	Helicobacter pylori (strain ATCC 700392 / 26695) (Campylobacter pylori)			X-ray crystallography (1)
Q09064	reviewed	UREE_HELPY	ureE HP_0070	170	Helicobacter pylori (strain ATCC 700392 / 26695) (Campylobacter pylori)	Q09066	SUBCELLULAR LOCATION: Cytoplasm.	X-ray crystallography (7)
Q09067	reviewed	UREH_HELPY	ureH HP_0067	265	Helicobacter pylori (strain ATCC 700392 / 26695) (Campylobacter pylori)	Q09065	SUBCELLULAR LOCATION: Cytoplasm {ECO:0000255|HAMAP-Rule:MF_01384}.	Electron microscopy (1); X-ray crystallography (2)
Q48248	reviewed	CDH_HELPY	cdh HP_0871	244	Helicobacter pylori (strain ATCC 700392 / 26695) (Campylobacter pylori)		SUBCELLULAR LOCATION: Cell inner membrane {ECO:0000250}; Single-pass membrane protein {ECO:0000250}.	
Q48262	reviewed	NIXA_HELPY	nixA HP_1077	331	Helicobacter pylori (strain ATCC 700392 / 26695) (Campylobacter pylori)		SUBCELLULAR LOCATION: Cell inner membrane {ECO:0000305}; Multi-pass membrane protein {ECO:0000305}.	
G5EB01	unreviewed	G5EB01_HELPY	HP_0642	217	Helicobacter pylori (strain ATCC 700392 / 26695) (Campylobacter pylori)			
G5EB02	unreviewed	G5EB02_HELPY	HP_0525	330	Helicobacter pylori (strain ATCC 700392 / 26695) (Campylobacter pylori)			
O24856	unreviewed	O24856_HELPY	HP_0007	23	Helicobacter pylori (strain ATCC 700392 / 26695) (Campylobacter pylori)			
O24857	unreviewed	O24857_HELPY	HP_0008	27	Helicobacter pylori (strain ATCC 700392 / 26695) (Campylobacter pylori)			
O24858	unreviewed	O24858_HELPY	HP_0013	350	Helicobacter pylori (strain ATCC 700392 / 26695) (Campylobacter pylori)			
O24859	unreviewed	O24859_HELPY	HP_0014	275	Helicobacter pylori (strain ATCC 700392 / 26695) (Campylobacter pylori)			
O24860	unreviewed	O24860_HELPY	HP_0015	93	Helicobacter pylori (strain ATCC 700392 / 26695) (Campylobacter pylori)			
O24861	unreviewed	O24861_HELPY	HP_0016	87	Helicobacter pylori (strain ATCC 700392 / 26695) (Campylobacter pylori)			
O24862	unreviewed	O24862_HELPY	HP_0017	787	Helicobacter pylori (strain ATCC 700392 / 26695) (Campylobacter pylori)	O24883		
O24863	unreviewed	O24863_HELPY	HP_0018	469	Helicobacter pylori (strain ATCC 700392 / 26695) (Campylobacter pylori)			
O24865	unreviewed	O24865_HELPY	HP_0020	405	Helicobacter pylori (strain ATCC 700392 / 26695) (Campylobacter pylori)			
O24868	unreviewed	O24868_HELPY	HP_0023	39	Helicobacter pylori (strain ATCC 700392 / 26695) (Campylobacter pylori)			
O24869	unreviewed	O24869_HELPY	HP_0024	30	Helicobacter pylori (strain ATCC 700392 / 26695) (Campylobacter pylori)			
O24870	unreviewed	O24870_HELPY	HP_0025	711	Helicobacter pylori (strain ATCC 700392 / 26695) (Campylobacter pylori)			
O24871	unreviewed	O24871_HELPY	HP_0028	177	Helicobacter pylori (strain ATCC 700392 / 26695) (Campylobacter pylori)			
O24873	unreviewed	O24873_HELPY	HP_0030	593	Helicobacter pylori (strain ATCC 700392 / 26695) (Campylobacter pylori)			
O24877	unreviewed	O24877_HELPY	HP_0036	334	Helicobacter pylori (strain ATCC 700392 / 26695) (Campylobacter pylori)			
O24878	unreviewed	O24878_HELPY	HP_0037	351	Helicobacter pylori (strain ATCC 700392 / 26695) (Campylobacter pylori)			
O24879	unreviewed	O24879_HELPY	HP_0038	245	Helicobacter pylori (strain ATCC 700392 / 26695) (Campylobacter pylori)			
O24880	unreviewed	O24880_HELPY	HP_0039	90	Helicobacter pylori (strain ATCC 700392 / 26695) (Campylobacter pylori)			
O24881	unreviewed	O24881_HELPY	HP_0040	247	Helicobacter pylori (strain ATCC 700392 / 26695) (Campylobacter pylori)			
O24882	unreviewed	O24882_HELPY	HP_0041	123	Helicobacter pylori (strain ATCC 700392 / 26695) (Campylobacter pylori)			
O24883	unreviewed	O24883_HELPY	HP_0042	233	Helicobacter pylori (strain ATCC 700392 / 26695) (Campylobacter pylori)	O24862		X-ray crystallography (1)
O24887	unreviewed	O24887_HELPY	HP_0046	45	Helicobacter pylori (strain ATCC 700392 / 26695) (Campylobacter pylori)			
O24888	unreviewed	O24888_HELPY	HP_0047	332	Helicobacter pylori (strain ATCC 700392 / 26695) (Campylobacter pylori)			
O24890	unreviewed	O24890_HELPY	HP_0049	330	Helicobacter pylori (strain ATCC 700392 / 26695) (Campylobacter pylori)			X-ray crystallography (1)
O24893	unreviewed	O24893_HELPY	HP_0052	330	Helicobacter pylori (strain ATCC 700392 / 26695) (Campylobacter pylori)			
O24894	unreviewed	O24894_HELPY	HP_0053	419	Helicobacter pylori (strain ATCC 700392 / 26695) (Campylobacter pylori)			
O24898	unreviewed	O24898_HELPY	HP_0057	69	Helicobacter pylori (strain ATCC 700392 / 26695) (Campylobacter pylori)			
O24899	unreviewed	O24899_HELPY	HP_0059	284	Helicobacter pylori (strain ATCC 700392 / 26695) (Campylobacter pylori)			
O24900	unreviewed	O24900_HELPY	HP_0060	813	Helicobacter pylori (strain ATCC 700392 / 26695) (Campylobacter pylori)			
O24901	unreviewed	O24901_HELPY	HP_0061	189	Helicobacter pylori (strain ATCC 700392 / 26695) (Campylobacter pylori)			
O24902	unreviewed	O24902_HELPY	HP_0062	86	Helicobacter pylori (strain ATCC 700392 / 26695) (Campylobacter pylori)			X-ray crystallography (2)
O24903	unreviewed	O24903_HELPY	HP_0063	496	Helicobacter pylori (strain ATCC 700392 / 26695) (Campylobacter pylori)			
O24904	unreviewed	O24904_HELPY	HP_0064	139	Helicobacter pylori (strain ATCC 700392 / 26695) (Campylobacter pylori)			
O24905	unreviewed	O24905_HELPY	HP_0065	117	Helicobacter pylori (strain ATCC 700392 / 26695) (Campylobacter pylori)			
O24906	unreviewed	O24906_HELPY	HP_0066	831	Helicobacter pylori (strain ATCC 700392 / 26695) (Campylobacter pylori)			
O24907	unreviewed	O24907_HELPY	HP_0078	85	Helicobacter pylori (strain ATCC 700392 / 26695) (Campylobacter pylori)			
O24908	unreviewed	O24908_HELPY	HP_0079	595	Helicobacter pylori (strain ATCC 700392 / 26695) (Campylobacter pylori)			
O24909	unreviewed	O24909_HELPY	HP_0080	593	Helicobacter pylori (strain ATCC 700392 / 26695) (Campylobacter pylori)			
O24910	unreviewed	O24910_HELPY	HP_0081	40	Helicobacter pylori (strain ATCC 700392 / 26695) (Campylobacter pylori)			
O24911	unreviewed	O24911_HELPY	HP_0082	673	Helicobacter pylori (strain ATCC 700392 / 26695) (Campylobacter pylori)			X-ray crystallography (1)
O24914	unreviewed	O24914_HELPY	HP_0087	457	Helicobacter pylori (strain ATCC 700392 / 26695) (Campylobacter pylori)			
O24919	unreviewed	O24919_HELPY	HP_0093	146	Helicobacter pylori (strain ATCC 700392 / 26695) (Campylobacter pylori)			
O24920	unreviewed	O24920_HELPY	HP_0094	155	Helicobacter pylori (strain ATCC 700392 / 26695) (Campylobacter pylori)			
O24921	unreviewed	O24921_HELPY	HP_0095	176	Helicobacter pylori (strain ATCC 700392 / 26695) (Campylobacter pylori)			
O24922	unreviewed	O24922_HELPY	HP_0096	314	Helicobacter pylori (strain ATCC 700392 / 26695) (Campylobacter pylori)			
O24923	unreviewed	O24923_HELPY	HP_0097	237	Helicobacter pylori (strain ATCC 700392 / 26695) (Campylobacter pylori)			
O24925	unreviewed	O24925_HELPY	HP_0099	675	Helicobacter pylori (strain ATCC 700392 / 26695) (Campylobacter pylori)			
O24927	unreviewed	O24927_HELPY	HP_0101	253	Helicobacter pylori (strain ATCC 700392 / 26695) (Campylobacter pylori)			
O24928	unreviewed	O24928_HELPY	HP_0102	259	Helicobacter pylori (strain ATCC 700392 / 26695) (Campylobacter pylori)			
O24929	unreviewed	O24929_HELPY	HP_0103	565	Helicobacter pylori (strain ATCC 700392 / 26695) (Campylobacter pylori)		SUBCELLULAR LOCATION: Membrane {ECO:0000256|ARBA:ARBA00004141}; Multi-pass membrane protein {ECO:0000256|ARBA:ARBA00004141}.	
O24930	unreviewed	O24930_HELPY	HP_0104	581	Helicobacter pylori (strain ATCC 700392 / 26695) (Campylobacter pylori)			
O24932	unreviewed	O24932_HELPY	HP_0108	186	Helicobacter pylori (strain ATCC 700392 / 26695) (Campylobacter pylori)			
O24934	unreviewed	O24934_HELPY	HP_0112	231	Helicobacter pylori (strain ATCC 700392 / 26695) (Campylobacter pylori)			
O24935	unreviewed	O24935_HELPY	HP_0113	98	Helicobacter pylori (strain ATCC 700392 / 26695) (Campylobacter pylori)			
O24936	unreviewed	O24936_HELPY	HP_0114	628	Helicobacter pylori (strain ATCC 700392 / 26695) (Campylobacter pylori)			
O24937	unreviewed	O24937_HELPY	HP_0118	395	Helicobacter pylori (strain ATCC 700392 / 26695) (Campylobacter pylori)			
O24938	unreviewed	O24938_HELPY	HP_0119	461	Helicobacter pylori (strain ATCC 700392 / 26695) (Campylobacter pylori)			
O24939	unreviewed	O24939_HELPY	HP_0120	398	Helicobacter pylori (strain ATCC 700392 / 26695) (Campylobacter pylori)			
O24941	unreviewed	O24941_HELPY	HP_0127	286	Helicobacter pylori (strain ATCC 700392 / 26695) (Campylobacter pylori)			
O24942	unreviewed	O24942_HELPY	HP_0128	41	Helicobacter pylori (strain ATCC 700392 / 26695) (Campylobacter pylori)			
O24943	unreviewed	O24943_HELPY	HP_0129	141	Helicobacter pylori (strain ATCC 700392 / 26695) (Campylobacter pylori)			
O24944	unreviewed	O24944_HELPY	HP_0130	286	Helicobacter pylori (strain ATCC 700392 / 26695) (Campylobacter pylori)			
O24945	unreviewed	O24945_HELPY	HP_0131	33	Helicobacter pylori (strain ATCC 700392 / 26695) (Campylobacter pylori)			
O24946	unreviewed	O24946_HELPY	HP_0133	413	Helicobacter pylori (strain ATCC 700392 / 26695) (Campylobacter pylori)		SUBCELLULAR LOCATION: Cell inner membrane {ECO:0000256|ARBA:ARBA00004429}; Multi-pass membrane protein {ECO:0000256|ARBA:ARBA00004429}. Membrane {ECO:0000256|ARBA:ARBA00004141}; Multi-pass membrane protein {ECO:0000256|ARBA:ARBA00004141}.	
O24949	unreviewed	O24949_HELPY	HP_0137	211	Helicobacter pylori (strain ATCC 700392 / 26695) (Campylobacter pylori)			
O24950	unreviewed	O24950_HELPY	HP_0138	481	Helicobacter pylori (strain ATCC 700392 / 26695) (Campylobacter pylori)			
O24951	unreviewed	O24951_HELPY	HP_0139	242	Helicobacter pylori (strain ATCC 700392 / 26695) (Campylobacter pylori)			
O24956	unreviewed	O24956_HELPY	HP_0145	232	Helicobacter pylori (strain ATCC 700392 / 26695) (Campylobacter pylori)			
O24957	unreviewed	O24957_HELPY	HP_0146	73	Helicobacter pylori (strain ATCC 700392 / 26695) (Campylobacter pylori)			
O24959	unreviewed	O24959_HELPY	HP_0148	68	Helicobacter pylori (strain ATCC 700392 / 26695) (Campylobacter pylori)			
O24960	unreviewed	O24960_HELPY	HP_0149	194	Helicobacter pylori (strain ATCC 700392 / 26695) (Campylobacter pylori)			
O24961	unreviewed	O24961_HELPY	HP_0150	196	Helicobacter pylori (strain ATCC 700392 / 26695) (Campylobacter pylori)			
O24962	unreviewed	O24962_HELPY	HP_0151	270	Helicobacter pylori (strain ATCC 700392 / 26695) (Campylobacter pylori)			
O24964	unreviewed	O24964_HELPY	HP_0155	91	Helicobacter pylori (strain ATCC 700392 / 26695) (Campylobacter pylori)			
O24965	unreviewed	O24965_HELPY	HP_0156	200	Helicobacter pylori (strain ATCC 700392 / 26695) (Campylobacter pylori)			
O24966	unreviewed	O24966_HELPY	HP_0158	318	Helicobacter pylori (strain ATCC 700392 / 26695) (Campylobacter pylori)			
O24967	unreviewed	O24967_HELPY	HP_0159	372	Helicobacter pylori (strain ATCC 700392 / 26695) (Campylobacter pylori)			
O24969	unreviewed	O24969_HELPY	HP_0161	36	Helicobacter pylori (strain ATCC 700392 / 26695) (Campylobacter pylori)			
O24970	reviewed	Y162_HELPY	HP_0162	240	Helicobacter pylori (strain ATCC 700392 / 26695) (Campylobacter pylori)		SUBCELLULAR LOCATION: Cytoplasm {ECO:0000255|HAMAP-Rule:MF_00693}.	X-ray crystallography (1)
O24974	unreviewed	O24974_HELPY	HP_0167	157	Helicobacter pylori (strain ATCC 700392 / 26695) (Campylobacter pylori)			
O24975	unreviewed	O24975_HELPY	HP_0168	87	Helicobacter pylori (strain ATCC 700392 / 26695) (Campylobacter pylori)			
O24979	unreviewed	O24979_HELPY	HP_0174	258	Helicobacter pylori (strain ATCC 700392 / 26695) (Campylobacter pylori)			
O24981	unreviewed	O24981_HELPY	HP_0179	213	Helicobacter pylori (strain ATCC 700392 / 26695) (Campylobacter pylori)			
O24983	unreviewed	O24983_HELPY	HP_0181	224	Helicobacter pylori (strain ATCC 700392 / 26695) (Campylobacter pylori)		SUBCELLULAR LOCATION: Membrane {ECO:0000256|ARBA:ARBA00004141}; Multi-pass membrane protein {ECO:0000256|ARBA:ARBA00004141}.	
O24984	unreviewed	O24984_HELPY	HP_0184	180	Helicobacter pylori (strain ATCC 700392 / 26695) (Campylobacter pylori)			X-ray crystallography (1)
O24985	unreviewed	O24985_HELPY	HP_0185	267	Helicobacter pylori (strain ATCC 700392 / 26695) (Campylobacter pylori)			
O24986	unreviewed	O24986_HELPY	HP_0186	404	Helicobacter pylori (strain ATCC 700392 / 26695) (Campylobacter pylori)			
O24987	unreviewed	O24987_HELPY	HP_0187	95	Helicobacter pylori (strain ATCC 700392 / 26695) (Campylobacter pylori)			
O24989	reviewed	Y189_HELPY	HP_0189	177	Helicobacter pylori (strain ATCC 700392 / 26695) (Campylobacter pylori)		SUBCELLULAR LOCATION: Cell membrane {ECO:0000305}; Multi-pass membrane protein {ECO:0000305}.	
O24992	unreviewed	O24992_HELPY	HP_0199	118	Helicobacter pylori (strain ATCC 700392 / 26695) (Campylobacter pylori)			
O24995	unreviewed	O24995_HELPY	HP_0203	91	Helicobacter pylori (strain ATCC 700392 / 26695) (Campylobacter pylori)			
O24996	unreviewed	O24996_HELPY	HP_0204	127	Helicobacter pylori (strain ATCC 700392 / 26695) (Campylobacter pylori)			
O24997	unreviewed	O24997_HELPY	HP_0205	793	Helicobacter pylori (strain ATCC 700392 / 26695) (Campylobacter pylori)			
O24998	unreviewed	O24998_HELPY	HP_0206	108	Helicobacter pylori (strain ATCC 700392 / 26695) (Campylobacter pylori)			
O25000	unreviewed	O25000_HELPY	HP_0209	450	Helicobacter pylori (strain ATCC 700392 / 26695) (Campylobacter pylori)			
O25003	unreviewed	O25003_HELPY	HP_0214	552	Helicobacter pylori (strain ATCC 700392 / 26695) (Campylobacter pylori)		SUBCELLULAR LOCATION: Membrane {ECO:0000256|ARBA:ARBA00004141}; Multi-pass membrane protein {ECO:0000256|ARBA:ARBA00004141}.	
O25005	unreviewed	O25005_HELPY	HP_0217	380	Helicobacter pylori (strain ATCC 700392 / 26695) (Campylobacter pylori)			
O25006	unreviewed	O25006_HELPY	HP_0218	183	Helicobacter pylori (strain ATCC 700392 / 26695) (Campylobacter pylori)			X-ray crystallography (1)
O25007	unreviewed	O25007_HELPY	HP_0219	159	Helicobacter pylori (strain ATCC 700392 / 26695) (Campylobacter pylori)			
O25010	unreviewed	O25010_HELPY	HP_0222	73	Helicobacter pylori (strain ATCC 700392 / 26695) (Campylobacter pylori)			NMR spectroscopy (1)
O25012	unreviewed	O25012_HELPY	HP_0225	22	Helicobacter pylori (strain ATCC 700392 / 26695) (Campylobacter pylori)			
O25013	unreviewed	O25013_HELPY	HP_0226	277	Helicobacter pylori (strain ATCC 700392 / 26695) (Campylobacter pylori)		SUBCELLULAR LOCATION: Cell membrane {ECO:0000256|RuleBase:RU363041}; Multi-pass membrane protein {ECO:0000256|RuleBase:RU363041}. Membrane {ECO:0000256|ARBA:ARBA00004141}; Multi-pass membrane protein {ECO:0000256|ARBA:ARBA00004141}.	
O25014	unreviewed	O25014_HELPY	HP_0228	390	Helicobacter pylori (strain ATCC 700392 / 26695) (Campylobacter pylori)		SUBCELLULAR LOCATION: Membrane {ECO:0000256|ARBA:ARBA00004141}; Multi-pass membrane protein {ECO:0000256|ARBA:ARBA00004141}.	
O25015	unreviewed	O25015_HELPY	HP_0229	483	Helicobacter pylori (strain ATCC 700392 / 26695) (Campylobacter pylori)			
O25017	unreviewed	O25017_HELPY	HP_0231	265	Helicobacter pylori (strain ATCC 700392 / 26695) (Campylobacter pylori)			X-ray crystallography (1)
O25019	unreviewed	O25019_HELPY	HP_0233	390	Helicobacter pylori (strain ATCC 700392 / 26695) (Campylobacter pylori)			
O25020	unreviewed	O25020_HELPY	HP_0234	176	Helicobacter pylori (strain ATCC 700392 / 26695) (Campylobacter pylori)			
O25022	unreviewed	O25022_HELPY	HP_0236	123	Helicobacter pylori (strain ATCC 700392 / 26695) (Campylobacter pylori)			
O25023	unreviewed	O25023_HELPY	HP_0240	307	Helicobacter pylori (strain ATCC 700392 / 26695) (Campylobacter pylori)			X-ray crystallography (1)
O25024	unreviewed	O25024_HELPY	HP_0241	131	Helicobacter pylori (strain ATCC 700392 / 26695) (Campylobacter pylori)			
O25025	unreviewed	O25025_HELPY	HP_0242	94	Helicobacter pylori (strain ATCC 700392 / 26695) (Campylobacter pylori)			X-ray crystallography (4)
O25030	unreviewed	O25030_HELPY	HP_0248	362	Helicobacter pylori (strain ATCC 700392 / 26695) (Campylobacter pylori)			
O25031	unreviewed	O25031_HELPY	HP_0249	179	Helicobacter pylori (strain ATCC 700392 / 26695) (Campylobacter pylori)			
O25032	unreviewed	O25032_HELPY	HP_0250	516	Helicobacter pylori (strain ATCC 700392 / 26695) (Campylobacter pylori)			
O25033	unreviewed	O25033_HELPY	HP_0251	338	Helicobacter pylori (strain ATCC 700392 / 26695) (Campylobacter pylori)		SUBCELLULAR LOCATION: Cell membrane {ECO:0000256|RuleBase:RU363032}; Multi-pass membrane protein {ECO:0000256|RuleBase:RU363032}.	
O25034	unreviewed	O25034_HELPY	HP_0252	487	Helicobacter pylori (strain ATCC 700392 / 26695) (Campylobacter pylori)			
O25035	unreviewed	O25035_HELPY	HP_0253	38	Helicobacter pylori (strain ATCC 700392 / 26695) (Campylobacter pylori)			
O25036	unreviewed	O25036_HELPY	HP_0254	431	Helicobacter pylori (strain ATCC 700392 / 26695) (Campylobacter pylori)			
O25038	unreviewed	O25038_HELPY	HP_0257	219	Helicobacter pylori (strain ATCC 700392 / 26695) (Campylobacter pylori)			
O25040	unreviewed	O25040_HELPY	HP_0260	384	Helicobacter pylori (strain ATCC 700392 / 26695) (Campylobacter pylori)			
O25041	unreviewed	O25041_HELPY	HP_0261	132	Helicobacter pylori (strain ATCC 700392 / 26695) (Campylobacter pylori)	O25270		
O25044	unreviewed	O25044_HELPY	HP_0265	240	Helicobacter pylori (strain ATCC 700392 / 26695) (Campylobacter pylori)			
O25047	unreviewed	O25047_HELPY	HP_0268	80	Helicobacter pylori (strain ATCC 700392 / 26695) (Campylobacter pylori)			NMR spectroscopy (1)
O25048	unreviewed	O25048_HELPY	HP_0270	162	Helicobacter pylori (strain ATCC 700392 / 26695) (Campylobacter pylori)			
O25049	unreviewed	O25049_HELPY	HP_0271	327	Helicobacter pylori (strain ATCC 700392 / 26695) (Campylobacter pylori)			
O25050	unreviewed	O25050_HELPY	HP_0272	177	Helicobacter pylori (strain ATCC 700392 / 26695) (Campylobacter pylori)			
O25051	unreviewed	O25051_HELPY	HP_0273	179	Helicobacter pylori (strain ATCC 700392 / 26695) (Campylobacter pylori)			
O25052	unreviewed	O25052_HELPY	HP_0275	430	Helicobacter pylori (strain ATCC 700392 / 26695) (Campylobacter pylori)			
O25053	unreviewed	O25053_HELPY	HP_0276	185	Helicobacter pylori (strain ATCC 700392 / 26695) (Campylobacter pylori)			
O25054	unreviewed	O25054_HELPY	HP_0277	84	Helicobacter pylori (strain ATCC 700392 / 26695) (Campylobacter pylori)			
O25055	unreviewed	O25055_HELPY	HP_0278	484	Helicobacter pylori (strain ATCC 700392 / 26695) (Campylobacter pylori)			
O25057	unreviewed	O25057_HELPY	HP_0280	328	Helicobacter pylori (strain ATCC 700392 / 26695) (Campylobacter pylori)			
O25058	unreviewed	O25058_HELPY	HP_0282	480	Helicobacter pylori (strain ATCC 700392 / 26695) (Campylobacter pylori)			
O25059	unreviewed	O25059_HELPY	HP_0284	523	Helicobacter pylori (strain ATCC 700392 / 26695) (Campylobacter pylori)		SUBCELLULAR LOCATION: Membrane {ECO:0000256|ARBA:ARBA00004141}; Multi-pass membrane protein {ECO:0000256|ARBA:ARBA00004141}.	
O25061	unreviewed	O25061_HELPY	HP_0287	172	Helicobacter pylori (strain ATCC 700392 / 26695) (Campylobacter pylori)			
O25062	unreviewed	O25062_HELPY	HP_0288	157	Helicobacter pylori (strain ATCC 700392 / 26695) (Campylobacter pylori)			
O25063	unreviewed	O25063_HELPY	HP_0289	2893	Helicobacter pylori (strain ATCC 700392 / 26695) (Campylobacter pylori)	O25063; O26067		
O25064	unreviewed	O25064_HELPY	HP_0291	96	Helicobacter pylori (strain ATCC 700392 / 26695) (Campylobacter pylori)			X-ray crystallography (1)
O25065	unreviewed	O25065_HELPY	HP_0292	290	Helicobacter pylori (strain ATCC 700392 / 26695) (Campylobacter pylori)			
O25066	unreviewed	O25066_HELPY	HP_0293	559	Helicobacter pylori (strain ATCC 700392 / 26695) (Campylobacter pylori)			
O25068	unreviewed	O25068_HELPY	HP_0295	828	Helicobacter pylori (strain ATCC 700392 / 26695) (Campylobacter pylori)			
O25069	unreviewed	O25069_HELPY	HP_0298	549	Helicobacter pylori (strain ATCC 700392 / 26695) (Campylobacter pylori)			
O25070	unreviewed	O25070_HELPY	HP_0299	334	Helicobacter pylori (strain ATCC 700392 / 26695) (Campylobacter pylori)		SUBCELLULAR LOCATION: Cell membrane {ECO:0000256|RuleBase:RU363032}; Multi-pass membrane protein {ECO:0000256|RuleBase:RU363032}. Membrane {ECO:0000256|ARBA:ARBA00004141}; Multi-pass membrane protein {ECO:0000256|ARBA:ARBA00004141}.	
O25071	unreviewed	O25071_HELPY	HP_0300	285	Helicobacter pylori (strain ATCC 700392 / 26695) (Campylobacter pylori)		SUBCELLULAR LOCATION: Cell membrane {ECO:0000256|RuleBase:RU363032}; Multi-pass membrane protein {ECO:0000256|RuleBase:RU363032}. Membrane {ECO:0000256|ARBA:ARBA00004141}; Multi-pass membrane protein {ECO:0000256|ARBA:ARBA00004141}.	
O25072	unreviewed	O25072_HELPY	HP_0301	287	Helicobacter pylori (strain ATCC 700392 / 26695) (Campylobacter pylori)			
O25073	unreviewed	O25073_HELPY	HP_0302	268	Helicobacter pylori (strain ATCC 700392 / 26695) (Campylobacter pylori)			
O25075	unreviewed	O25075_HELPY	HP_0304	329	Helicobacter pylori (strain ATCC 700392 / 26695) (Campylobacter pylori)			
O25076	unreviewed	O25076_HELPY	HP_0305	184	Helicobacter pylori (strain ATCC 700392 / 26695) (Campylobacter pylori)			
O25077	unreviewed	O25077_HELPY	HP_0307	90	Helicobacter pylori (strain ATCC 700392 / 26695) (Campylobacter pylori)			
O25078	unreviewed	O25078_HELPY	HP_0308	134	Helicobacter pylori (strain ATCC 700392 / 26695) (Campylobacter pylori)			
O25079	unreviewed	O25079_HELPY	HP_0309	292	Helicobacter pylori (strain ATCC 700392 / 26695) (Campylobacter pylori)			
O25081	unreviewed	O25081_HELPY	HP_0311	122	Helicobacter pylori (strain ATCC 700392 / 26695) (Campylobacter pylori)			
O25082	unreviewed	O25082_HELPY	HP_0312	321	Helicobacter pylori (strain ATCC 700392 / 26695) (Campylobacter pylori)			
O25083	unreviewed	O25083_HELPY	HP_0313	381	Helicobacter pylori (strain ATCC 700392 / 26695) (Campylobacter pylori)		SUBCELLULAR LOCATION: Membrane {ECO:0000256|ARBA:ARBA00004141}; Multi-pass membrane protein {ECO:0000256|ARBA:ARBA00004141}.	
O25084	unreviewed	O25084_HELPY	HP_0314	39	Helicobacter pylori (strain ATCC 700392 / 26695) (Campylobacter pylori)			
O25085	unreviewed	O25085_HELPY	HP_0316	130	Helicobacter pylori (strain ATCC 700392 / 26695) (Campylobacter pylori)			
O25086	unreviewed	O25086_HELPY	HP_0317	745	Helicobacter pylori (strain ATCC 700392 / 26695) (Campylobacter pylori)			
O25090	unreviewed	O25090_HELPY	HP_0323	180	Helicobacter pylori (strain ATCC 700392 / 26695) (Campylobacter pylori)			
O25091	unreviewed	O25091_HELPY	HP_0324	254	Helicobacter pylori (strain ATCC 700392 / 26695) (Campylobacter pylori)			
O25100	unreviewed	O25100_HELPY	HP_0333	270	Helicobacter pylori (strain ATCC 700392 / 26695) (Campylobacter pylori)			X-ray crystallography (4)
O25102	unreviewed	O25102_HELPY	HP_0335	62	Helicobacter pylori (strain ATCC 700392 / 26695) (Campylobacter pylori)			
O25104	unreviewed	O25104_HELPY	HP_0337	101	Helicobacter pylori (strain ATCC 700392 / 26695) (Campylobacter pylori)			
O25105	unreviewed	O25105_HELPY	HP_0338	188	Helicobacter pylori (strain ATCC 700392 / 26695) (Campylobacter pylori)			
O25107	unreviewed	O25107_HELPY	HP_0340	88	Helicobacter pylori (strain ATCC 700392 / 26695) (Campylobacter pylori)			
O25108	unreviewed	O25108_HELPY	HP_0341	31	Helicobacter pylori (strain ATCC 700392 / 26695) (Campylobacter pylori)			
O25109	unreviewed	O25109_HELPY	HP_0342	130	Helicobacter pylori (strain ATCC 700392 / 26695) (Campylobacter pylori)			
O25110	unreviewed	O25110_HELPY	HP_0343	140	Helicobacter pylori (strain ATCC 700392 / 26695) (Campylobacter pylori)			
O25111	unreviewed	O25111_HELPY	HP_0344	154	Helicobacter pylori (strain ATCC 700392 / 26695) (Campylobacter pylori)			
O25112	unreviewed	O25112_HELPY	HP_0345	111	Helicobacter pylori (strain ATCC 700392 / 26695) (Campylobacter pylori)			
O25113	unreviewed	O25113_HELPY	HP_0346	260	Helicobacter pylori (strain ATCC 700392 / 26695) (Campylobacter pylori)			
O25115	unreviewed	O25115_HELPY	HP_0348	516	Helicobacter pylori (strain ATCC 700392 / 26695) (Campylobacter pylori)			
O25117	unreviewed	O25117_HELPY	HP_0350	222	Helicobacter pylori (strain ATCC 700392 / 26695) (Campylobacter pylori)			
O25123	unreviewed	O25123_HELPY	HP_0356	252	Helicobacter pylori (strain ATCC 700392 / 26695) (Campylobacter pylori)			
O25124	unreviewed	O25124_HELPY	HP_0357	250	Helicobacter pylori (strain ATCC 700392 / 26695) (Campylobacter pylori)			
O25125	unreviewed	O25125_HELPY	HP_0358	511	Helicobacter pylori (strain ATCC 700392 / 26695) (Campylobacter pylori)			
O25126	unreviewed	O25126_HELPY	HP_0359	21	Helicobacter pylori (strain ATCC 700392 / 26695) (Campylobacter pylori)			
O25128	unreviewed	O25128_HELPY	HP_0362	345	Helicobacter pylori (strain ATCC 700392 / 26695) (Campylobacter pylori)		SUBCELLULAR LOCATION: Membrane {ECO:0000256|ARBA:ARBA00004141}; Multi-pass membrane protein {ECO:0000256|ARBA:ARBA00004141}.	
O25129	unreviewed	O25129_HELPY	HP_0365	30	Helicobacter pylori (strain ATCC 700392 / 26695) (Campylobacter pylori)			
O25131	unreviewed	O25131_HELPY	HP_0367	202	Helicobacter pylori (strain ATCC 700392 / 26695) (Campylobacter pylori)			
O25132	unreviewed	O25132_HELPY	HP_0368	133	Helicobacter pylori (strain ATCC 700392 / 26695) (Campylobacter pylori)			
O25133	unreviewed	O25133_HELPY	HP_0369	236	Helicobacter pylori (strain ATCC 700392 / 26695) (Campylobacter pylori)			
O25137	unreviewed	O25137_HELPY	HP_0373	700	Helicobacter pylori (strain ATCC 700392 / 26695) (Campylobacter pylori)			
O25139	unreviewed	O25139_HELPY	HP_0375	143	Helicobacter pylori (strain ATCC 700392 / 26695) (Campylobacter pylori)			
O25140	unreviewed	O25140_HELPY	HP_0377	221	Helicobacter pylori (strain ATCC 700392 / 26695) (Campylobacter pylori)			X-ray crystallography (2)
O25141	unreviewed	O25141_HELPY	HP_0378	936	Helicobacter pylori (strain ATCC 700392 / 26695) (Campylobacter pylori)		SUBCELLULAR LOCATION: Membrane {ECO:0000256|ARBA:ARBA00004141}; Multi-pass membrane protein {ECO:0000256|ARBA:ARBA00004141}.	
O25143	unreviewed	O25143_HELPY	HP_0381	276	Helicobacter pylori (strain ATCC 700392 / 26695) (Campylobacter pylori)			
O25145	unreviewed	O25145_HELPY	HP_0383	174	Helicobacter pylori (strain ATCC 700392 / 26695) (Campylobacter pylori)			
O25146	unreviewed	O25146_HELPY	HP_0384	250	Helicobacter pylori (strain ATCC 700392 / 26695) (Campylobacter pylori)			
O25147	unreviewed	O25147_HELPY	HP_0385	76	Helicobacter pylori (strain ATCC 700392 / 26695) (Campylobacter pylori)			
O25155	unreviewed	O25155_HELPY	HP_0394	252	Helicobacter pylori (strain ATCC 700392 / 26695) (Campylobacter pylori)			
O25156	reviewed	PLPHP_HELPY	HP_0395	222	Helicobacter pylori (strain ATCC 700392 / 26695) (Campylobacter pylori)			
O25157	reviewed	Y396_HELPY	HP_0396	616	Helicobacter pylori (strain ATCC 700392 / 26695) (Campylobacter pylori)			
O25159	unreviewed	O25159_HELPY	HP_0398	182	Helicobacter pylori (strain ATCC 700392 / 26695) (Campylobacter pylori)			
O25161	unreviewed	O25161_HELPY	HP_0405	440	Helicobacter pylori (strain ATCC 700392 / 26695) (Campylobacter pylori)			
O25162	unreviewed	O25162_HELPY	HP_0406	196	Helicobacter pylori (strain ATCC 700392 / 26695) (Campylobacter pylori)			
O25163	unreviewed	O25163_HELPY	HP_0407	796	Helicobacter pylori (strain ATCC 700392 / 26695) (Campylobacter pylori)			
O25164	unreviewed	O25164_HELPY	HP_0408	162	Helicobacter pylori (strain ATCC 700392 / 26695) (Campylobacter pylori)			
O25167	unreviewed	O25167_HELPY	HP_0411	105	Helicobacter pylori (strain ATCC 700392 / 26695) (Campylobacter pylori)			
O25168	unreviewed	O25168_HELPY	HP_0412	32	Helicobacter pylori (strain ATCC 700392 / 26695) (Campylobacter pylori)			
O25169	unreviewed	O25169_HELPY	HP_0413	268	Helicobacter pylori (strain ATCC 700392 / 26695) (Campylobacter pylori)			
O25170	reviewed	Y415_HELPY	HP_0415	623	Helicobacter pylori (strain ATCC 700392 / 26695) (Campylobacter pylori)		SUBCELLULAR LOCATION: Cell membrane {ECO:0000305}; Multi-pass membrane protein {ECO:0000305}.	
O25171	unreviewed	O25171_HELPY	HP_0416	389	Helicobacter pylori (strain ATCC 700392 / 26695) (Campylobacter pylori)			
O25172	unreviewed	O25172_HELPY	HP_0418	335	Helicobacter pylori (strain ATCC 700392 / 26695) (Campylobacter pylori)	O25242		
O25174	unreviewed	O25174_HELPY	HP_0420	142	Helicobacter pylori (strain ATCC 700392 / 26695) (Campylobacter pylori)			
O25175	unreviewed	O25175_HELPY	HP_0421	389	Helicobacter pylori (strain ATCC 700392 / 26695) (Campylobacter pylori)			X-ray crystallography (1)
O25177	unreviewed	O25177_HELPY	HP_0425	417	Helicobacter pylori (strain ATCC 700392 / 26695) (Campylobacter pylori)			
O25178	unreviewed	O25178_HELPY	HP_0428	185	Helicobacter pylori (strain ATCC 700392 / 26695) (Campylobacter pylori)			
O25179	unreviewed	O25179_HELPY	HP_0429	12	Helicobacter pylori (strain ATCC 700392 / 26695) (Campylobacter pylori)			
O25180	unreviewed	O25180_HELPY	HP_0430	55	Helicobacter pylori (strain ATCC 700392 / 26695) (Campylobacter pylori)			
O25181	unreviewed	O25181_HELPY	HP_0431	228	Helicobacter pylori (strain ATCC 700392 / 26695) (Campylobacter pylori)			
O25182	unreviewed	O25182_HELPY	HP_0432	296	Helicobacter pylori (strain ATCC 700392 / 26695) (Campylobacter pylori)			
O25183	unreviewed	O25183_HELPY	HP_0433	147	Helicobacter pylori (strain ATCC 700392 / 26695) (Campylobacter pylori)			
O25184	unreviewed	O25184_HELPY	HP_0434	389	Helicobacter pylori (strain ATCC 700392 / 26695) (Campylobacter pylori)			
O25185	unreviewed	O25185_HELPY	HP_0435	191	Helicobacter pylori (strain ATCC 700392 / 26695) (Campylobacter pylori)			
O25186	unreviewed	O25186_HELPY	HP_0436	121	Helicobacter pylori (strain ATCC 700392 / 26695) (Campylobacter pylori)			
O25187	unreviewed	O25187_HELPY	HP_0439	366	Helicobacter pylori (strain ATCC 700392 / 26695) (Campylobacter pylori)			
O25189	unreviewed	O25189_HELPY	HP_0441	807	Helicobacter pylori (strain ATCC 700392 / 26695) (Campylobacter pylori)			
O25190	unreviewed	O25190_HELPY	HP_0442	88	Helicobacter pylori (strain ATCC 700392 / 26695) (Campylobacter pylori)			
O25191	unreviewed	O25191_HELPY	HP_0443	100	Helicobacter pylori (strain ATCC 700392 / 26695) (Campylobacter pylori)			
O25192	unreviewed	O25192_HELPY	HP_0444	507	Helicobacter pylori (strain ATCC 700392 / 26695) (Campylobacter pylori)			
O25193	unreviewed	O25193_HELPY	HP_0445	61	Helicobacter pylori (strain ATCC 700392 / 26695) (Campylobacter pylori)			
O25194	unreviewed	O25194_HELPY	HP_0446	259	Helicobacter pylori (strain ATCC 700392 / 26695) (Campylobacter pylori)			
O25195	unreviewed	O25195_HELPY	HP_0447	360	Helicobacter pylori (strain ATCC 700392 / 26695) (Campylobacter pylori)			
O25196	unreviewed	O25196_HELPY	HP_0448	128	Helicobacter pylori (strain ATCC 700392 / 26695) (Campylobacter pylori)			
O25197	unreviewed	O25197_HELPY	HP_0449	472	Helicobacter pylori (strain ATCC 700392 / 26695) (Campylobacter pylori)			
O25198	unreviewed	O25198_HELPY	HP_0450	44	Helicobacter pylori (strain ATCC 700392 / 26695) (Campylobacter pylori)			
O25199	unreviewed	O25199_HELPY	HP_0452	518	Helicobacter pylori (strain ATCC 700392 / 26695) (Campylobacter pylori)			
O25200	unreviewed	O25200_HELPY	HP_0453	1021	Helicobacter pylori (strain ATCC 700392 / 26695) (Campylobacter pylori)			
O25201	unreviewed	O25201_HELPY	HP_0454	232	Helicobacter pylori (strain ATCC 700392 / 26695) (Campylobacter pylori)			
O25202	unreviewed	O25202_HELPY	HP_0455	103	Helicobacter pylori (strain ATCC 700392 / 26695) (Campylobacter pylori)			
O25203	unreviewed	O25203_HELPY	HP_0456	150	Helicobacter pylori (strain ATCC 700392 / 26695) (Campylobacter pylori)			
O25204	unreviewed	O25204_HELPY	HP_0457	87	Helicobacter pylori (strain ATCC 700392 / 26695) (Campylobacter pylori)			
O25205	unreviewed	O25205_HELPY	HP_0458	78	Helicobacter pylori (strain ATCC 700392 / 26695) (Campylobacter pylori)			
O25206	unreviewed	O25206_HELPY	HP_0459	858	Helicobacter pylori (strain ATCC 700392 / 26695) (Campylobacter pylori)			
O25207	unreviewed	O25207_HELPY	HP_0460	162	Helicobacter pylori (strain ATCC 700392 / 26695) (Campylobacter pylori)			
O25208	unreviewed	O25208_HELPY	HP_0461	30	Helicobacter pylori (strain ATCC 700392 / 26695) (Campylobacter pylori)			
O25209	unreviewed	O25209_HELPY	HP_0462	365	Helicobacter pylori (strain ATCC 700392 / 26695) (Campylobacter pylori)			
O25212	unreviewed	O25212_HELPY	HP_0465	631	Helicobacter pylori (strain ATCC 700392 / 26695) (Campylobacter pylori)			
O25213	unreviewed	O25213_HELPY	HP_0466	255	Helicobacter pylori (strain ATCC 700392 / 26695) (Campylobacter pylori)			
O25214	unreviewed	O25214_HELPY	HP_0468	495	Helicobacter pylori (strain ATCC 700392 / 26695) (Campylobacter pylori)	O25852		
O25215	unreviewed	O25215_HELPY	HP_0469	162	Helicobacter pylori (strain ATCC 700392 / 26695) (Campylobacter pylori)			
O25216	unreviewed	O25216_HELPY	HP_0470	578	Helicobacter pylori (strain ATCC 700392 / 26695) (Campylobacter pylori)			
O25217	unreviewed	O25217_HELPY	HP_0471	416	Helicobacter pylori (strain ATCC 700392 / 26695) (Campylobacter pylori)		SUBCELLULAR LOCATION: Membrane {ECO:0000256|ARBA:ARBA00004141}; Multi-pass membrane protein {ECO:0000256|ARBA:ARBA00004141}.	
O25218	unreviewed	O25218_HELPY	HP_0472	186	Helicobacter pylori (strain ATCC 700392 / 26695) (Campylobacter pylori)			
O25221	unreviewed	O25221_HELPY	HP_0475	265	Helicobacter pylori (strain ATCC 700392 / 26695) (Campylobacter pylori)			
O25222	unreviewed	O25222_HELPY	HP_0477	367	Helicobacter pylori (strain ATCC 700392 / 26695) (Campylobacter pylori)			
O25224	unreviewed	O25224_HELPY	HP_0479	282	Helicobacter pylori (strain ATCC 700392 / 26695) (Campylobacter pylori)			
O25227	unreviewed	O25227_HELPY	HP_0482	170	Helicobacter pylori (strain ATCC 700392 / 26695) (Campylobacter pylori)			
O25228	unreviewed	O25228_HELPY	HP_0484	250	Helicobacter pylori (strain ATCC 700392 / 26695) (Campylobacter pylori)			
O25230	unreviewed	O25230_HELPY	HP_0486	528	Helicobacter pylori (strain ATCC 700392 / 26695) (Campylobacter pylori)			
O25231	unreviewed	O25231_HELPY	HP_0487	480	Helicobacter pylori (strain ATCC 700392 / 26695) (Campylobacter pylori)			
O25232	unreviewed	O25232_HELPY	HP_0489	295	Helicobacter pylori (strain ATCC 700392 / 26695) (Campylobacter pylori)			
O25233	unreviewed	O25233_HELPY	HP_0490	378	Helicobacter pylori (strain ATCC 700392 / 26695) (Campylobacter pylori)			
O25237	reviewed	Y495_HELPY	HP_0495	86	Helicobacter pylori (strain ATCC 700392 / 26695) (Campylobacter pylori)			NMR spectroscopy (2)
O25239	unreviewed	O25239_HELPY	HP_0497	442	Helicobacter pylori (strain ATCC 700392 / 26695) (Campylobacter pylori)		SUBCELLULAR LOCATION: Membrane {ECO:0000256|ARBA:ARBA00004141}; Multi-pass membrane protein {ECO:0000256|ARBA:ARBA00004141}.	
O25240	unreviewed	O25240_HELPY	HP_0498	442	Helicobacter pylori (strain ATCC 700392 / 26695) (Campylobacter pylori)		SUBCELLULAR LOCATION: Membrane {ECO:0000256|ARBA:ARBA00004141}; Multi-pass membrane protein {ECO:0000256|ARBA:ARBA00004141}.	
O25243	unreviewed	O25243_HELPY	HP_0502	54	Helicobacter pylori (strain ATCC 700392 / 26695) (Campylobacter pylori)			
O25244	unreviewed	O25244_HELPY	HP_0503	246	Helicobacter pylori (strain ATCC 700392 / 26695) (Campylobacter pylori)			
O25245	unreviewed	O25245_HELPY	HP_0504	49	Helicobacter pylori (strain ATCC 700392 / 26695) (Campylobacter pylori)			
O25246	unreviewed	O25246_HELPY	HP_0505	154	Helicobacter pylori (strain ATCC 700392 / 26695) (Campylobacter pylori)			
O25247	unreviewed	O25247_HELPY	HP_0506	403	Helicobacter pylori (strain ATCC 700392 / 26695) (Campylobacter pylori)		SUBCELLULAR LOCATION: Membrane {ECO:0000256|ARBA:ARBA00004167}; Single-pass membrane protein {ECO:0000256|ARBA:ARBA00004167}.	X-ray crystallography (2)
O25250	unreviewed	O25250_HELPY	HP_0509	459	Helicobacter pylori (strain ATCC 700392 / 26695) (Campylobacter pylori)			
O25251	unreviewed	O25251_HELPY	HP_0511	38	Helicobacter pylori (strain ATCC 700392 / 26695) (Campylobacter pylori)			
O25252	unreviewed	O25252_HELPY	HP_0513	658	Helicobacter pylori (strain ATCC 700392 / 26695) (Campylobacter pylori)			
O25255	unreviewed	O25255_HELPY	HP_0518	330	Helicobacter pylori (strain ATCC 700392 / 26695) (Campylobacter pylori)			X-ray crystallography (2)
O25256	unreviewed	O25256_HELPY	HP_0519	276	Helicobacter pylori (strain ATCC 700392 / 26695) (Campylobacter pylori)			
O25257	unreviewed	O25257_HELPY	HP_0520	115	Helicobacter pylori (strain ATCC 700392 / 26695) (Campylobacter pylori)			
O25258	unreviewed	O25258_HELPY	HP_0522	481	Helicobacter pylori (strain ATCC 700392 / 26695) (Campylobacter pylori)	P97245		
O25259	unreviewed	O25259_HELPY	HP_0523	169	Helicobacter pylori (strain ATCC 700392 / 26695) (Campylobacter pylori)			
O25260	unreviewed	O25260_HELPY	HP_0524	748	Helicobacter pylori (strain ATCC 700392 / 26695) (Campylobacter pylori)		SUBCELLULAR LOCATION: Membrane {ECO:0000256|ARBA:ARBA00004141}; Multi-pass membrane protein {ECO:0000256|ARBA:ARBA00004141}.	X-ray crystallography (2)
O25261	unreviewed	O25261_HELPY	HP_0526	199	Helicobacter pylori (strain ATCC 700392 / 26695) (Campylobacter pylori)	O34461		X-ray crystallography (1)
O25262	unreviewed	O25262_HELPY	HP_0527	1927	Helicobacter pylori (strain ATCC 700392 / 26695) (Campylobacter pylori)			Electron microscopy (5)
O25263	unreviewed	O25263_HELPY	HP_0528	522	Helicobacter pylori (strain ATCC 700392 / 26695) (Campylobacter pylori)			Electron microscopy (2); X-ray crystallography (1)
O25264	unreviewed	O25264_HELPY	HP_0529	535	Helicobacter pylori (strain ATCC 700392 / 26695) (Campylobacter pylori)			
O25265	unreviewed	O25265_HELPY	HP_0530	252	Helicobacter pylori (strain ATCC 700392 / 26695) (Campylobacter pylori)			X-ray crystallography (1)
O25266	unreviewed	O25266_HELPY	HP_0531	218	Helicobacter pylori (strain ATCC 700392 / 26695) (Campylobacter pylori)			
O25267	unreviewed	O25267_HELPY	HP_0533	29	Helicobacter pylori (strain ATCC 700392 / 26695) (Campylobacter pylori)			
O25268	unreviewed	O25268_HELPY	HP_0535	126	Helicobacter pylori (strain ATCC 700392 / 26695) (Campylobacter pylori)			
O25269	unreviewed	O25269_HELPY	HP_0536	114	Helicobacter pylori (strain ATCC 700392 / 26695) (Campylobacter pylori)			
O25270	unreviewed	O25270_HELPY	HP_0537	376	Helicobacter pylori (strain ATCC 700392 / 26695) (Campylobacter pylori)	O25041		
O25271	unreviewed	O25271_HELPY	HP_0538	306	Helicobacter pylori (strain ATCC 700392 / 26695) (Campylobacter pylori)			
O25272	unreviewed	O25272_HELPY	HP_0539	237	Helicobacter pylori (strain ATCC 700392 / 26695) (Campylobacter pylori)			X-ray crystallography (4)
O25273	unreviewed	O25273_HELPY	HP_0540	381	Helicobacter pylori (strain ATCC 700392 / 26695) (Campylobacter pylori)			X-ray crystallography (2)
O25274	unreviewed	O25274_HELPY	HP_0541	370	Helicobacter pylori (strain ATCC 700392 / 26695) (Campylobacter pylori)			
O25275	unreviewed	O25275_HELPY	HP_0542	142	Helicobacter pylori (strain ATCC 700392 / 26695) (Campylobacter pylori)			
O25276	unreviewed	O25276_HELPY	HP_0543	268	Helicobacter pylori (strain ATCC 700392 / 26695) (Campylobacter pylori)			
O25277	unreviewed	O25277_HELPY	HP_0545	207	Helicobacter pylori (strain ATCC 700392 / 26695) (Campylobacter pylori)			
O25278	unreviewed	O25278_HELPY	HP_0546	115	Helicobacter pylori (strain ATCC 700392 / 26695) (Campylobacter pylori)			
O25279	unreviewed	O25279_HELPY	HP_0553	227	Helicobacter pylori (strain ATCC 700392 / 26695) (Campylobacter pylori)			
O25280	unreviewed	O25280_HELPY	HP_0554	321	Helicobacter pylori (strain ATCC 700392 / 26695) (Campylobacter pylori)			
O25281	unreviewed	O25281_HELPY	HP_0555	273	Helicobacter pylori (strain ATCC 700392 / 26695) (Campylobacter pylori)			
O25282	unreviewed	O25282_HELPY	HP_0556	145	Helicobacter pylori (strain ATCC 700392 / 26695) (Campylobacter pylori)			
O25287	unreviewed	O25287_HELPY	HP_0563	416	Helicobacter pylori (strain ATCC 700392 / 26695) (Campylobacter pylori)			
O25288	unreviewed	O25288_HELPY	HP_0564	56	Helicobacter pylori (strain ATCC 700392 / 26695) (Campylobacter pylori)			
O25289	unreviewed	O25289_HELPY	HP_0565	215	Helicobacter pylori (strain ATCC 700392 / 26695) (Campylobacter pylori)			
O25291	reviewed	Y567_HELPY	HP_0567	348	Helicobacter pylori (strain ATCC 700392 / 26695) (Campylobacter pylori)		SUBCELLULAR LOCATION: Cell membrane {ECO:0000305}; Multi-pass membrane protein {ECO:0000305}.	
O25292	unreviewed	O25292_HELPY	HP_0568	255	Helicobacter pylori (strain ATCC 700392 / 26695) (Campylobacter pylori)			
O25295	unreviewed	O25295_HELPY	HP_0571	192	Helicobacter pylori (strain ATCC 700392 / 26695) (Campylobacter pylori)		SUBCELLULAR LOCATION: Cell membrane {ECO:0000256|RuleBase:RU367016}; Multi-pass membrane protein {ECO:0000256|RuleBase:RU367016}. Membrane {ECO:0000256|ARBA:ARBA00004141}; Multi-pass membrane protein {ECO:0000256|ARBA:ARBA00004141}.	
O25297	unreviewed	O25297_HELPY	HP_0573	110	Helicobacter pylori (strain ATCC 700392 / 26695) (Campylobacter pylori)			
O25298	unreviewed	O25298_HELPY	HP_0574	151	Helicobacter pylori (strain ATCC 700392 / 26695) (Campylobacter pylori)			
O25299	unreviewed	O25299_HELPY	HP_0575	232	Helicobacter pylori (strain ATCC 700392 / 26695) (Campylobacter pylori)		SUBCELLULAR LOCATION: Cell membrane {ECO:0000256|ARBA:ARBA00004651}; Multi-pass membrane protein {ECO:0000256|ARBA:ARBA00004651}. Membrane {ECO:0000256|ARBA:ARBA00004141}; Multi-pass membrane protein {ECO:0000256|ARBA:ARBA00004141}.	
O25301	unreviewed	O25301_HELPY	HP_0578	678	Helicobacter pylori (strain ATCC 700392 / 26695) (Campylobacter pylori)		SUBCELLULAR LOCATION: Membrane {ECO:0000256|ARBA:ARBA00004141}; Multi-pass membrane protein {ECO:0000256|ARBA:ARBA00004141}.	
O25302	unreviewed	O25302_HELPY	HP_0579	184	Helicobacter pylori (strain ATCC 700392 / 26695) (Campylobacter pylori)			
O25303	unreviewed	O25303_HELPY	HP_0580	372	Helicobacter pylori (strain ATCC 700392 / 26695) (Campylobacter pylori)			
O25308	unreviewed	O25308_HELPY	HP_0586	977	Helicobacter pylori (strain ATCC 700392 / 26695) (Campylobacter pylori)			
O25310	unreviewed	O25310_HELPY	HP_0588	113	Helicobacter pylori (strain ATCC 700392 / 26695) (Campylobacter pylori)			
O25311	unreviewed	O25311_HELPY	HP_0589	375	Helicobacter pylori (strain ATCC 700392 / 26695) (Campylobacter pylori)			
O25312	unreviewed	O25312_HELPY	HP_0590	273	Helicobacter pylori (strain ATCC 700392 / 26695) (Campylobacter pylori)			
O25313	unreviewed	O25313_HELPY	HP_0591	186	Helicobacter pylori (strain ATCC 700392 / 26695) (Campylobacter pylori)			
O25314	unreviewed	O25314_HELPY	HP_0592	1001	Helicobacter pylori (strain ATCC 700392 / 26695) (Campylobacter pylori)			
O25315	unreviewed	O25315_HELPY	HP_0593	598	Helicobacter pylori (strain ATCC 700392 / 26695) (Campylobacter pylori)			X-ray crystallography (1)
O25316	unreviewed	O25316_HELPY	HP_0594	54	Helicobacter pylori (strain ATCC 700392 / 26695) (Campylobacter pylori)			
O25317	unreviewed	O25317_HELPY	HP_0595	490	Helicobacter pylori (strain ATCC 700392 / 26695) (Campylobacter pylori)		SUBCELLULAR LOCATION: Membrane {ECO:0000256|ARBA:ARBA00004141}; Multi-pass membrane protein {ECO:0000256|ARBA:ARBA00004141}.	
O25318	unreviewed	O25318_HELPY	HP_0596	192	Helicobacter pylori (strain ATCC 700392 / 26695) (Campylobacter pylori)			X-ray crystallography (5)
O25321	unreviewed	O25321_HELPY	HP_0599	433	Helicobacter pylori (strain ATCC 700392 / 26695) (Campylobacter pylori)			
O25322	unreviewed	O25322_HELPY	HP_0600	593	Helicobacter pylori (strain ATCC 700392 / 26695) (Campylobacter pylori)		SUBCELLULAR LOCATION: Membrane {ECO:0000256|ARBA:ARBA00004141}; Multi-pass membrane protein {ECO:0000256|ARBA:ARBA00004141}.	
O25323	unreviewed	O25323_HELPY	HP_0602	218	Helicobacter pylori (strain ATCC 700392 / 26695) (Campylobacter pylori)			X-ray crystallography (3)
O25324	unreviewed	O25324_HELPY	HP_0603	189	Helicobacter pylori (strain ATCC 700392 / 26695) (Campylobacter pylori)			
O25327	unreviewed	O25327_HELPY	HP_0606	234	Helicobacter pylori (strain ATCC 700392 / 26695) (Campylobacter pylori)			
O25328	unreviewed	O25328_HELPY	HP_0607	1028	Helicobacter pylori (strain ATCC 700392 / 26695) (Campylobacter pylori)			
O25329	unreviewed	O25329_HELPY	HP_0608	160	Helicobacter pylori (strain ATCC 700392 / 26695) (Campylobacter pylori)			
O25330	unreviewed	O25330_HELPY	HP_0609	1238	Helicobacter pylori (strain ATCC 700392 / 26695) (Campylobacter pylori)	O25135		
O25331	unreviewed	O25331_HELPY	HP_0610	1943	Helicobacter pylori (strain ATCC 700392 / 26695) (Campylobacter pylori)			
O25332	unreviewed	O25332_HELPY	HP_0611	166	Helicobacter pylori (strain ATCC 700392 / 26695) (Campylobacter pylori)			
O25333	unreviewed	O25333_HELPY	HP_0612	79	Helicobacter pylori (strain ATCC 700392 / 26695) (Campylobacter pylori)			
O25334	unreviewed	O25334_HELPY	HP_0613	233	Helicobacter pylori (strain ATCC 700392 / 26695) (Campylobacter pylori)			
O25335	unreviewed	O25335_HELPY	HP_0614	111	Helicobacter pylori (strain ATCC 700392 / 26695) (Campylobacter pylori)			
O25339	unreviewed	O25339_HELPY	HP_0622	120	Helicobacter pylori (strain ATCC 700392 / 26695) (Campylobacter pylori)			
O25341	unreviewed	O25341_HELPY	HP_0624	375	Helicobacter pylori (strain ATCC 700392 / 26695) (Campylobacter pylori)			X-ray crystallography (1)
O25344	unreviewed	O25344_HELPY	HP_0627	110	Helicobacter pylori (strain ATCC 700392 / 26695) (Campylobacter pylori)			
O25346	unreviewed	O25346_HELPY	HP_0629	681	Helicobacter pylori (strain ATCC 700392 / 26695) (Campylobacter pylori)			
O25347	unreviewed	O25347_HELPY	HP_0630	194	Helicobacter pylori (strain ATCC 700392 / 26695) (Campylobacter pylori)			
O25349	unreviewed	O25349_HELPY	HP_0632	578	Helicobacter pylori (strain ATCC 700392 / 26695) (Campylobacter pylori)			
O25350	unreviewed	O25350_HELPY	HP_0633	224	Helicobacter pylori (strain ATCC 700392 / 26695) (Campylobacter pylori)		SUBCELLULAR LOCATION: Membrane {ECO:0000256|ARBA:ARBA00004141}; Multi-pass membrane protein {ECO:0000256|ARBA:ARBA00004141}.	
O25351	unreviewed	O25351_HELPY	HP_0634	178	Helicobacter pylori (strain ATCC 700392 / 26695) (Campylobacter pylori)			
O25352	unreviewed	O25352_HELPY	HP_0635	512	Helicobacter pylori (strain ATCC 700392 / 26695) (Campylobacter pylori)			
O25353	unreviewed	O25353_HELPY	HP_0636	92	Helicobacter pylori (strain ATCC 700392 / 26695) (Campylobacter pylori)			
O25354	unreviewed	O25354_HELPY	HP_0637	150	Helicobacter pylori (strain ATCC 700392 / 26695) (Campylobacter pylori)			
O25355	unreviewed	O25355_HELPY	HP_0638	305	Helicobacter pylori (strain ATCC 700392 / 26695) (Campylobacter pylori)			
O25357	unreviewed	O25357_HELPY	HP_0640	402	Helicobacter pylori (strain ATCC 700392 / 26695) (Campylobacter pylori)			
O25358	unreviewed	O25358_HELPY	HP_0641	75	Helicobacter pylori (strain ATCC 700392 / 26695) (Campylobacter pylori)			
O25361	unreviewed	O25361_HELPY	HP_0644	97	Helicobacter pylori (strain ATCC 700392 / 26695) (Campylobacter pylori)			
O25362	unreviewed	O25362_HELPY	HP_0645	560	Helicobacter pylori (strain ATCC 700392 / 26695) (Campylobacter pylori)			
O25364	unreviewed	O25364_HELPY	HP_0647	135	Helicobacter pylori (strain ATCC 700392 / 26695) (Campylobacter pylori)			
O25365	unreviewed	O25365_HELPY	HP_0650	196	Helicobacter pylori (strain ATCC 700392 / 26695) (Campylobacter pylori)	O25841		
O25373	unreviewed	O25373_HELPY	HP_0659	414	Helicobacter pylori (strain ATCC 700392 / 26695) (Campylobacter pylori)			
O25374	unreviewed	O25374_HELPY	HP_0660	338	Helicobacter pylori (strain ATCC 700392 / 26695) (Campylobacter pylori)			
O25378	unreviewed	O25378_HELPY	HP_0667	85	Helicobacter pylori (strain ATCC 700392 / 26695) (Campylobacter pylori)			
O25379	unreviewed	O25379_HELPY	HP_0668	607	Helicobacter pylori (strain ATCC 700392 / 26695) (Campylobacter pylori)			
O25380	unreviewed	O25380_HELPY	HP_0669	933	Helicobacter pylori (strain ATCC 700392 / 26695) (Campylobacter pylori)			
O25381	unreviewed	O25381_HELPY	HP_0670	449	Helicobacter pylori (strain ATCC 700392 / 26695) (Campylobacter pylori)			
O25382	unreviewed	O25382_HELPY	HP_0671	270	Helicobacter pylori (strain ATCC 700392 / 26695) (Campylobacter pylori)			
O25384	unreviewed	O25384_HELPY	HP_0673	426	Helicobacter pylori (strain ATCC 700392 / 26695) (Campylobacter pylori)			
O25385	unreviewed	O25385_HELPY	HP_0674	228	Helicobacter pylori (strain ATCC 700392 / 26695) (Campylobacter pylori)			
O25388	unreviewed	O25388_HELPY	HP_0677	255	Helicobacter pylori (strain ATCC 700392 / 26695) (Campylobacter pylori)		SUBCELLULAR LOCATION: Cell membrane {ECO:0000256|RuleBase:RU363041}; Multi-pass membrane protein {ECO:0000256|RuleBase:RU363041}. Membrane {ECO:0000256|ARBA:ARBA00004141}; Multi-pass membrane protein {ECO:0000256|ARBA:ARBA00004141}.	
O25389	unreviewed	O25389_HELPY	HP_0678	36	Helicobacter pylori (strain ATCC 700392 / 26695) (Campylobacter pylori)			
O25390	unreviewed	O25390_HELPY	HP_0679	289	Helicobacter pylori (strain ATCC 700392 / 26695) (Campylobacter pylori)			
O25391	unreviewed	O25391_HELPY	HP_0681	168	Helicobacter pylori (strain ATCC 700392 / 26695) (Campylobacter pylori)			
O25392	unreviewed	O25392_HELPY	HP_0682	126	Helicobacter pylori (strain ATCC 700392 / 26695) (Campylobacter pylori)			
O25395	unreviewed	O25395_HELPY	HP_0686	767	Helicobacter pylori (strain ATCC 700392 / 26695) (Campylobacter pylori)		SUBCELLULAR LOCATION: Cell outer membrane {ECO:0000256|ARBA:ARBA00004571, ECO:0000256|PROSITE-ProRule:PRU01360}; Multi-pass membrane protein {ECO:0000256|ARBA:ARBA00004571, ECO:0000256|PROSITE-ProRule:PRU01360}. Membrane {ECO:0000256|ARBA:ARBA00004141}; Multi-pass membrane protein {ECO:0000256|ARBA:ARBA00004141}.	
O25397	unreviewed	O25397_HELPY	HP_0688	166	Helicobacter pylori (strain ATCC 700392 / 26695) (Campylobacter pylori)			
O25398	unreviewed	O25398_HELPY	HP_0689	96	Helicobacter pylori (strain ATCC 700392 / 26695) (Campylobacter pylori)			
O25399	unreviewed	O25399_HELPY	HP_0690	391	Helicobacter pylori (strain ATCC 700392 / 26695) (Campylobacter pylori)			
O25400	unreviewed	O25400_HELPY	HP_0693	454	Helicobacter pylori (strain ATCC 700392 / 26695) (Campylobacter pylori)			
O25401	unreviewed	O25401_HELPY	HP_0694	257	Helicobacter pylori (strain ATCC 700392 / 26695) (Campylobacter pylori)			
O25402	unreviewed	O25402_HELPY	HP_0695	713	Helicobacter pylori (strain ATCC 700392 / 26695) (Campylobacter pylori)			
O25403	unreviewed	O25403_HELPY	HP_0696	765	Helicobacter pylori (strain ATCC 700392 / 26695) (Campylobacter pylori)			
O25404	unreviewed	O25404_HELPY	HP_0697	168	Helicobacter pylori (strain ATCC 700392 / 26695) (Campylobacter pylori)	O25544		
O25405	unreviewed	O25405_HELPY	HP_0698	29	Helicobacter pylori (strain ATCC 700392 / 26695) (Campylobacter pylori)			
O25406	unreviewed	O25406_HELPY	HP_0699	342	Helicobacter pylori (strain ATCC 700392 / 26695) (Campylobacter pylori)			
O25407	unreviewed	O25407_HELPY	HP_0702	158	Helicobacter pylori (strain ATCC 700392 / 26695) (Campylobacter pylori)			
O25409	unreviewed	O25409_HELPY	HP_0704	36	Helicobacter pylori (strain ATCC 700392 / 26695) (Campylobacter pylori)			
O25410	unreviewed	O25410_HELPY	HP_0706	273	Helicobacter pylori (strain ATCC 700392 / 26695) (Campylobacter pylori)			
O25412	unreviewed	O25412_HELPY	HP_0708	114	Helicobacter pylori (strain ATCC 700392 / 26695) (Campylobacter pylori)			
O25413	unreviewed	O25413_HELPY	HP_0709	300	Helicobacter pylori (strain ATCC 700392 / 26695) (Campylobacter pylori)			
O25414	unreviewed	O25414_HELPY	HP_0710	660	Helicobacter pylori (strain ATCC 700392 / 26695) (Campylobacter pylori)			
O25415	unreviewed	O25415_HELPY	HP_0711	406	Helicobacter pylori (strain ATCC 700392 / 26695) (Campylobacter pylori)			
O25416	unreviewed	O25416_HELPY	HP_0712	124	Helicobacter pylori (strain ATCC 700392 / 26695) (Campylobacter pylori)			
O25417	unreviewed	O25417_HELPY	HP_0715	240	Helicobacter pylori (strain ATCC 700392 / 26695) (Campylobacter pylori)			
O25420	unreviewed	O25420_HELPY	HP_0718	210	Helicobacter pylori (strain ATCC 700392 / 26695) (Campylobacter pylori)		SUBCELLULAR LOCATION: Membrane {ECO:0000256|ARBA:ARBA00004141}; Multi-pass membrane protein {ECO:0000256|ARBA:ARBA00004141}.	
O25421	unreviewed	O25421_HELPY	HP_0719	109	Helicobacter pylori (strain ATCC 700392 / 26695) (Campylobacter pylori)			
O25423	unreviewed	O25423_HELPY	HP_0721	152	Helicobacter pylori (strain ATCC 700392 / 26695) (Campylobacter pylori)			X-ray crystallography (1)
O25426	unreviewed	O25426_HELPY	HP_0726	305	Helicobacter pylori (strain ATCC 700392 / 26695) (Campylobacter pylori)			
O25429	unreviewed	O25429_HELPY	HP_0729	355	Helicobacter pylori (strain ATCC 700392 / 26695) (Campylobacter pylori)			
O25430	unreviewed	O25430_HELPY	HP_0730	101	Helicobacter pylori (strain ATCC 700392 / 26695) (Campylobacter pylori)			
O25431	unreviewed	O25431_HELPY	HP_0731	573	Helicobacter pylori (strain ATCC 700392 / 26695) (Campylobacter pylori)			
O25432	unreviewed	O25432_HELPY	HP_0732	118	Helicobacter pylori (strain ATCC 700392 / 26695) (Campylobacter pylori)			
O25433	unreviewed	O25433_HELPY	HP_0733	521	Helicobacter pylori (strain ATCC 700392 / 26695) (Campylobacter pylori)			
O25435	unreviewed	O25435_HELPY	HP_0735	153	Helicobacter pylori (strain ATCC 700392 / 26695) (Campylobacter pylori)			
O25437	unreviewed	O25437_HELPY	HP_0737	158	Helicobacter pylori (strain ATCC 700392 / 26695) (Campylobacter pylori)			
O25438	unreviewed	O25438_HELPY	HP_0739	241	Helicobacter pylori (strain ATCC 700392 / 26695) (Campylobacter pylori)			
O25439	unreviewed	O25439_HELPY	HP_0740	493	Helicobacter pylori (strain ATCC 700392 / 26695) (Campylobacter pylori)			
O25440	unreviewed	O25440_HELPY	HP_0741	161	Helicobacter pylori (strain ATCC 700392 / 26695) (Campylobacter pylori)			
O25442	unreviewed	O25442_HELPY	HP_0746	419	Helicobacter pylori (strain ATCC 700392 / 26695) (Campylobacter pylori)			
O25444	unreviewed	O25444_HELPY	HP_0748	223	Helicobacter pylori (strain ATCC 700392 / 26695) (Campylobacter pylori)			
O25445	unreviewed	O25445_HELPY	HP_0749	268	Helicobacter pylori (strain ATCC 700392 / 26695) (Campylobacter pylori)			
O25446	unreviewed	O25446_HELPY	HP_0750	400	Helicobacter pylori (strain ATCC 700392 / 26695) (Campylobacter pylori)			
O25447	unreviewed	O25447_HELPY	HP_0751	119	Helicobacter pylori (strain ATCC 700392 / 26695) (Campylobacter pylori)			
O25449	unreviewed	O25449_HELPY	HP_0754	79	Helicobacter pylori (strain ATCC 700392 / 26695) (Campylobacter pylori)			
O25450	unreviewed	O25450_HELPY	HP_0755	210	Helicobacter pylori (strain ATCC 700392 / 26695) (Campylobacter pylori)			
O25451	unreviewed	O25451_HELPY	HP_0756	48	Helicobacter pylori (strain ATCC 700392 / 26695) (Campylobacter pylori)			
O25452	unreviewed	O25452_HELPY	HP_0757	292	Helicobacter pylori (strain ATCC 700392 / 26695) (Campylobacter pylori)			
O25453	unreviewed	O25453_HELPY	HP_0758	437	Helicobacter pylori (strain ATCC 700392 / 26695) (Campylobacter pylori)		SUBCELLULAR LOCATION: Membrane {ECO:0000256|ARBA:ARBA00004141}; Multi-pass membrane protein {ECO:0000256|ARBA:ARBA00004141}.	
O25454	unreviewed	O25454_HELPY	HP_0759	417	Helicobacter pylori (strain ATCC 700392 / 26695) (Campylobacter pylori)		SUBCELLULAR LOCATION: Membrane {ECO:0000256|ARBA:ARBA00004141}; Multi-pass membrane protein {ECO:0000256|ARBA:ARBA00004141}.	
O25456	unreviewed	O25456_HELPY	HP_0761	200	Helicobacter pylori (strain ATCC 700392 / 26695) (Campylobacter pylori)			
O25457	unreviewed	O25457_HELPY	HP_0762	185	Helicobacter pylori (strain ATCC 700392 / 26695) (Campylobacter pylori)			
O25459	unreviewed	O25459_HELPY	HP_0764	428	Helicobacter pylori (strain ATCC 700392 / 26695) (Campylobacter pylori)			
O25460	unreviewed	O25460_HELPY	HP_0765	102	Helicobacter pylori (strain ATCC 700392 / 26695) (Campylobacter pylori)			
O25461	unreviewed	O25461_HELPY	HP_0766	274	Helicobacter pylori (strain ATCC 700392 / 26695) (Campylobacter pylori)			
O25462	unreviewed	O25462_HELPY	HP_0767	24	Helicobacter pylori (strain ATCC 700392 / 26695) (Campylobacter pylori)			
O25463	unreviewed	O25463_HELPY	HP_0771	245	Helicobacter pylori (strain ATCC 700392 / 26695) (Campylobacter pylori)			
O25464	unreviewed	O25464_HELPY	HP_0772	440	Helicobacter pylori (strain ATCC 700392 / 26695) (Campylobacter pylori)			
O25465	unreviewed	O25465_HELPY	HP_0773	363	Helicobacter pylori (strain ATCC 700392 / 26695) (Campylobacter pylori)			
O25466	unreviewed	O25466_HELPY	HP_0775	775	Helicobacter pylori (strain ATCC 700392 / 26695) (Campylobacter pylori)			
O25469	unreviewed	O25469_HELPY	HP_0780	90	Helicobacter pylori (strain ATCC 700392 / 26695) (Campylobacter pylori)			
O25470	unreviewed	O25470_HELPY	HP_0781	429	Helicobacter pylori (strain ATCC 700392 / 26695) (Campylobacter pylori)			
O25471	unreviewed	O25471_HELPY	HP_0782	455	Helicobacter pylori (strain ATCC 700392 / 26695) (Campylobacter pylori)			
O25472	unreviewed	O25472_HELPY	HP_0783	165	Helicobacter pylori (strain ATCC 700392 / 26695) (Campylobacter pylori)			
O25473	unreviewed	O25473_HELPY	HP_0784	44	Helicobacter pylori (strain ATCC 700392 / 26695) (Campylobacter pylori)			
O25476	unreviewed	O25476_HELPY	HP_0787	410	Helicobacter pylori (strain ATCC 700392 / 26695) (Campylobacter pylori)		SUBCELLULAR LOCATION: Membrane {ECO:0000256|ARBA:ARBA00004141}; Multi-pass membrane protein {ECO:0000256|ARBA:ARBA00004141}.	
O25477	unreviewed	O25477_HELPY	HP_0788	499	Helicobacter pylori (strain ATCC 700392 / 26695) (Campylobacter pylori)			
O25478	unreviewed	O25478_HELPY	HP_0789	48	Helicobacter pylori (strain ATCC 700392 / 26695) (Campylobacter pylori)			
O25479	unreviewed	O25479_HELPY	HP_0790	431	Helicobacter pylori (strain ATCC 700392 / 26695) (Campylobacter pylori)			
O25480	unreviewed	O25480_HELPY	HP_0792	506	Helicobacter pylori (strain ATCC 700392 / 26695) (Campylobacter pylori)			
O25481	unreviewed	O25481_HELPY	HP_0796	278	Helicobacter pylori (strain ATCC 700392 / 26695) (Campylobacter pylori)			
O25482	unreviewed	O25482_HELPY	HP_0801	74	Helicobacter pylori (strain ATCC 700392 / 26695) (Campylobacter pylori)	P56422		X-ray crystallography (1)
O25483	unreviewed	O25483_HELPY	HP_0803	279	Helicobacter pylori (strain ATCC 700392 / 26695) (Campylobacter pylori)			
O25485	unreviewed	O25485_HELPY	HP_0805	284	Helicobacter pylori (strain ATCC 700392 / 26695) (Campylobacter pylori)			
O25486	unreviewed	O25486_HELPY	HP_0806	206	Helicobacter pylori (strain ATCC 700392 / 26695) (Campylobacter pylori)			
O25487	unreviewed	O25487_HELPY	HP_0807	787	Helicobacter pylori (strain ATCC 700392 / 26695) (Campylobacter pylori)		SUBCELLULAR LOCATION: Cell outer membrane {ECO:0000256|ARBA:ARBA00004571, ECO:0000256|PROSITE-ProRule:PRU01360}; Multi-pass membrane protein {ECO:0000256|ARBA:ARBA00004571, ECO:0000256|PROSITE-ProRule:PRU01360}. Membrane {ECO:0000256|ARBA:ARBA00004141}; Multi-pass membrane protein {ECO:0000256|ARBA:ARBA00004141}.	
O25490	unreviewed	O25490_HELPY	HP_0810	200	Helicobacter pylori (strain ATCC 700392 / 26695) (Campylobacter pylori)			
O25491	unreviewed	O25491_HELPY	HP_0811	108	Helicobacter pylori (strain ATCC 700392 / 26695) (Campylobacter pylori)			
O25492	unreviewed	O25492_HELPY	HP_0812	336	Helicobacter pylori (strain ATCC 700392 / 26695) (Campylobacter pylori)		SUBCELLULAR LOCATION: Mitochondrion {ECO:0000256|ARBA:ARBA00004173}.	
O25493	unreviewed	O25493_HELPY	HP_0813	205	Helicobacter pylori (strain ATCC 700392 / 26695) (Campylobacter pylori)			
O25494	unreviewed	O25494_HELPY	HP_0814	255	Helicobacter pylori (strain ATCC 700392 / 26695) (Campylobacter pylori)			
O25495	unreviewed	O25495_HELPY	HP_0817	148	Helicobacter pylori (strain ATCC 700392 / 26695) (Campylobacter pylori)			
O25497	unreviewed	O25497_HELPY	HP_0819	216	Helicobacter pylori (strain ATCC 700392 / 26695) (Campylobacter pylori)			
O25498	unreviewed	O25498_HELPY	HP_0820	153	Helicobacter pylori (strain ATCC 700392 / 26695) (Campylobacter pylori)			
O25499	reviewed	Y823_HELPY	HP_0823	114	Helicobacter pylori (strain ATCC 700392 / 26695) (Campylobacter pylori)			
O25500	unreviewed	O25500_HELPY	HP_0826	273	Helicobacter pylori (strain ATCC 700392 / 26695) (Campylobacter pylori)			
O25501	unreviewed	O25501_HELPY	HP_0827	82	Helicobacter pylori (strain ATCC 700392 / 26695) (Campylobacter pylori)			NMR spectroscopy (1)
O25504	unreviewed	O25504_HELPY	HP_0833	292	Helicobacter pylori (strain ATCC 700392 / 26695) (Campylobacter pylori)			
O25507	unreviewed	O25507_HELPY	HP_0836	119	Helicobacter pylori (strain ATCC 700392 / 26695) (Campylobacter pylori)			
O25508	unreviewed	O25508_HELPY	HP_0837	102	Helicobacter pylori (strain ATCC 700392 / 26695) (Campylobacter pylori)			
O25509	unreviewed	O25509_HELPY	HP_0838	205	Helicobacter pylori (strain ATCC 700392 / 26695) (Campylobacter pylori)			
O25510	unreviewed	O25510_HELPY	HP_0839	587	Helicobacter pylori (strain ATCC 700392 / 26695) (Campylobacter pylori)		SUBCELLULAR LOCATION: Membrane {ECO:0000256|ARBA:ARBA00004141}; Multi-pass membrane protein {ECO:0000256|ARBA:ARBA00004141}.	
O25513	unreviewed	O25513_HELPY	HP_0842	245	Helicobacter pylori (strain ATCC 700392 / 26695) (Campylobacter pylori)			
O25518	unreviewed	O25518_HELPY	HP_0847	33	Helicobacter pylori (strain ATCC 700392 / 26695) (Campylobacter pylori)			
O25519	unreviewed	O25519_HELPY	HP_0848	298	Helicobacter pylori (strain ATCC 700392 / 26695) (Campylobacter pylori)	O25521		
O25520	unreviewed	O25520_HELPY	HP_0849	96	Helicobacter pylori (strain ATCC 700392 / 26695) (Campylobacter pylori)			
O25522	unreviewed	O25522_HELPY	HP_0851	227	Helicobacter pylori (strain ATCC 700392 / 26695) (Campylobacter pylori)			
O25523	unreviewed	O25523_HELPY	HP_0852	313	Helicobacter pylori (strain ATCC 700392 / 26695) (Campylobacter pylori)			
O25524	unreviewed	O25524_HELPY	HP_0853	533	Helicobacter pylori (strain ATCC 700392 / 26695) (Campylobacter pylori)			
O25527	unreviewed	O25527_HELPY	HP_0856	364	Helicobacter pylori (strain ATCC 700392 / 26695) (Campylobacter pylori)			
O25530	unreviewed	O25530_HELPY	HP_0859	330	Helicobacter pylori (strain ATCC 700392 / 26695) (Campylobacter pylori)			
O25532	unreviewed	O25532_HELPY	HP_0861	246	Helicobacter pylori (strain ATCC 700392 / 26695) (Campylobacter pylori)			
O25535	unreviewed	O25535_HELPY	HP_0864	218	Helicobacter pylori (strain ATCC 700392 / 26695) (Campylobacter pylori)			
O25538	unreviewed	O25538_HELPY	HP_0868	153	Helicobacter pylori (strain ATCC 700392 / 26695) (Campylobacter pylori)			
O25540	unreviewed	O25540_HELPY	HP_0872	109	Helicobacter pylori (strain ATCC 700392 / 26695) (Campylobacter pylori)			
O25541	unreviewed	O25541_HELPY	HP_0873	71	Helicobacter pylori (strain ATCC 700392 / 26695) (Campylobacter pylori)			
O25542	unreviewed	O25542_HELPY	HP_0874	291	Helicobacter pylori (strain ATCC 700392 / 26695) (Campylobacter pylori)	P77872		
O25543	unreviewed	O25543_HELPY	HP_0876	791	Helicobacter pylori (strain ATCC 700392 / 26695) (Campylobacter pylori)		SUBCELLULAR LOCATION: Cell outer membrane {ECO:0000256|ARBA:ARBA00004571, ECO:0000256|PROSITE-ProRule:PRU01360}; Multi-pass membrane protein {ECO:0000256|ARBA:ARBA00004571, ECO:0000256|PROSITE-ProRule:PRU01360}. Membrane {ECO:0000256|ARBA:ARBA00004141}; Multi-pass membrane protein {ECO:0000256|ARBA:ARBA00004141}.	
O25545	unreviewed	O25545_HELPY	HP_0878	57	Helicobacter pylori (strain ATCC 700392 / 26695) (Campylobacter pylori)			
O25546	unreviewed	O25546_HELPY	HP_0879	202	Helicobacter pylori (strain ATCC 700392 / 26695) (Campylobacter pylori)	O34461; O26081		
O25547	unreviewed	O25547_HELPY	HP_0880	140	Helicobacter pylori (strain ATCC 700392 / 26695) (Campylobacter pylori)			
O25548	unreviewed	O25548_HELPY	HP_0881	31	Helicobacter pylori (strain ATCC 700392 / 26695) (Campylobacter pylori)			
O25550	unreviewed	O25550_HELPY	HP_0884	614	Helicobacter pylori (strain ATCC 700392 / 26695) (Campylobacter pylori)			
O25552	unreviewed	O25552_HELPY	HP_0892	90	Helicobacter pylori (strain ATCC 700392 / 26695) (Campylobacter pylori)			NMR spectroscopy (1); X-ray crystallography (1)
O25553	unreviewed	O25553_HELPY	HP_0893	95	Helicobacter pylori (strain ATCC 700392 / 26695) (Campylobacter pylori)			
O25554	unreviewed	O25554_HELPY	HP_0894	88	Helicobacter pylori (strain ATCC 700392 / 26695) (Campylobacter pylori)			NMR spectroscopy (1); X-ray crystallography (3)
O25555	unreviewed	O25555_HELPY	HP_0895	125	Helicobacter pylori (strain ATCC 700392 / 26695) (Campylobacter pylori)			
O25556	unreviewed	O25556_HELPY	HP_0896	708	Helicobacter pylori (strain ATCC 700392 / 26695) (Campylobacter pylori)			
O25557	unreviewed	O25557_HELPY	HP_0897	208	Helicobacter pylori (strain ATCC 700392 / 26695) (Campylobacter pylori)			
O25558	unreviewed	O25558_HELPY	HP_0898	370	Helicobacter pylori (strain ATCC 700392 / 26695) (Campylobacter pylori)			
O25559	unreviewed	O25559_HELPY	HP_0899	77	Helicobacter pylori (strain ATCC 700392 / 26695) (Campylobacter pylori)			
O25561	unreviewed	O25561_HELPY	HP_0901	41	Helicobacter pylori (strain ATCC 700392 / 26695) (Campylobacter pylori)			
O25562	unreviewed	O25562_HELPY	HP_0902	99	Helicobacter pylori (strain ATCC 700392 / 26695) (Campylobacter pylori)			X-ray crystallography (2)
O25563	unreviewed	O25563_HELPY	HP_0905	223	Helicobacter pylori (strain ATCC 700392 / 26695) (Campylobacter pylori)			
O25564	unreviewed	O25564_HELPY	HP_0906	527	Helicobacter pylori (strain ATCC 700392 / 26695) (Campylobacter pylori)			
O25566	unreviewed	O25566_HELPY	HP_0908	605	Helicobacter pylori (strain ATCC 700392 / 26695) (Campylobacter pylori)		SUBCELLULAR LOCATION: Bacterial flagellum basal body {ECO:0000256|RuleBase:RU362116}.	
O25567	unreviewed	O25567_HELPY	HP_0909	201	Helicobacter pylori (strain ATCC 700392 / 26695) (Campylobacter pylori)			
O25570	unreviewed	O25570_HELPY	HP_0912	515	Helicobacter pylori (strain ATCC 700392 / 26695) (Campylobacter pylori)			
O25571	unreviewed	O25571_HELPY	HP_0913	529	Helicobacter pylori (strain ATCC 700392 / 26695) (Campylobacter pylori)			
O25572	unreviewed	O25572_HELPY	HP_0914	514	Helicobacter pylori (strain ATCC 700392 / 26695) (Campylobacter pylori)			
O25573	unreviewed	O25573_HELPY	HP_0915	562	Helicobacter pylori (strain ATCC 700392 / 26695) (Campylobacter pylori)		SUBCELLULAR LOCATION: Cell outer membrane {ECO:0000256|ARBA:ARBA00004571}; Multi-pass membrane protein {ECO:0000256|ARBA:ARBA00004571}. Membrane {ECO:0000256|ARBA:ARBA00004141}; Multi-pass membrane protein {ECO:0000256|ARBA:ARBA00004141}.	
O25574	unreviewed	O25574_HELPY	HP_0916	249	Helicobacter pylori (strain ATCC 700392 / 26695) (Campylobacter pylori)		SUBCELLULAR LOCATION: Cell outer membrane {ECO:0000256|ARBA:ARBA00004571, ECO:0000256|PROSITE-ProRule:PRU01360}; Multi-pass membrane protein {ECO:0000256|ARBA:ARBA00004571, ECO:0000256|PROSITE-ProRule:PRU01360}. Membrane {ECO:0000256|ARBA:ARBA00004141}; Multi-pass membrane protein {ECO:0000256|ARBA:ARBA00004141}.	
O25575	unreviewed	O25575_HELPY	HP_0917	23	Helicobacter pylori (strain ATCC 700392 / 26695) (Campylobacter pylori)			
O25576	unreviewed	O25576_HELPY	HP_0918	143	Helicobacter pylori (strain ATCC 700392 / 26695) (Campylobacter pylori)			
O25578	reviewed	Y920_HELPY	HP_0920	230	Helicobacter pylori (strain ATCC 700392 / 26695) (Campylobacter pylori)		SUBCELLULAR LOCATION: Cell membrane {ECO:0000305}; Multi-pass membrane protein {ECO:0000305}.	
O25579	unreviewed	O25579_HELPY	HP_0922	2529	Helicobacter pylori (strain ATCC 700392 / 26695) (Campylobacter pylori)			
O25580	unreviewed	O25580_HELPY	HP_0923	369	Helicobacter pylori (strain ATCC 700392 / 26695) (Campylobacter pylori)			
O25583	unreviewed	O25583_HELPY	HP_0929	303	Helicobacter pylori (strain ATCC 700392 / 26695) (Campylobacter pylori)			X-ray crystallography (2)
O25585	unreviewed	O25585_HELPY	HP_0931	146	Helicobacter pylori (strain ATCC 700392 / 26695) (Campylobacter pylori)			
O25586	unreviewed	O25586_HELPY	HP_0932	100	Helicobacter pylori (strain ATCC 700392 / 26695) (Campylobacter pylori)			
O25589	unreviewed	O25589_HELPY	HP_0935	161	Helicobacter pylori (strain ATCC 700392 / 26695) (Campylobacter pylori)			X-ray crystallography (2)
O25590	unreviewed	O25590_HELPY	HP_0936	389	Helicobacter pylori (strain ATCC 700392 / 26695) (Campylobacter pylori)		SUBCELLULAR LOCATION: Membrane {ECO:0000256|ARBA:ARBA00004141}; Multi-pass membrane protein {ECO:0000256|ARBA:ARBA00004141}.	
O25591	unreviewed	O25591_HELPY	HP_0937	264	Helicobacter pylori (strain ATCC 700392 / 26695) (Campylobacter pylori)			
O25592	unreviewed	O25592_HELPY	HP_0938	115	Helicobacter pylori (strain ATCC 700392 / 26695) (Campylobacter pylori)			
O25593	unreviewed	O25593_HELPY	HP_0939	237	Helicobacter pylori (strain ATCC 700392 / 26695) (Campylobacter pylori)		SUBCELLULAR LOCATION: Cell membrane {ECO:0000256|RuleBase:RU363032}; Multi-pass membrane protein {ECO:0000256|RuleBase:RU363032}. Membrane {ECO:0000256|ARBA:ARBA00004141}; Multi-pass membrane protein {ECO:0000256|ARBA:ARBA00004141}.	
O25594	unreviewed	O25594_HELPY	HP_0940	256	Helicobacter pylori (strain ATCC 700392 / 26695) (Campylobacter pylori)			
O25596	unreviewed	O25596_HELPY	HP_0942	450	Helicobacter pylori (strain ATCC 700392 / 26695) (Campylobacter pylori)		SUBCELLULAR LOCATION: Cell membrane {ECO:0000256|RuleBase:RU363064}; Multi-pass membrane protein {ECO:0000256|RuleBase:RU363064}. Membrane {ECO:0000256|ARBA:ARBA00004141}; Multi-pass membrane protein {ECO:0000256|ARBA:ARBA00004141}.	
O25598	reviewed	Y944_HELPY	HP_0944	125	Helicobacter pylori (strain ATCC 700392 / 26695) (Campylobacter pylori)			
O25599	reviewed	Y945_HELPY	HP_0945	98	Helicobacter pylori (strain ATCC 700392 / 26695) (Campylobacter pylori)			
O25600	unreviewed	O25600_HELPY	HP_0946	496	Helicobacter pylori (strain ATCC 700392 / 26695) (Campylobacter pylori)		SUBCELLULAR LOCATION: Membrane {ECO:0000256|ARBA:ARBA00004141}; Multi-pass membrane protein {ECO:0000256|ARBA:ARBA00004141}.	
O25601	unreviewed	O25601_HELPY	HP_0947	120	Helicobacter pylori (strain ATCC 700392 / 26695) (Campylobacter pylori)			
O25602	unreviewed	O25602_HELPY	HP_0948	337	Helicobacter pylori (strain ATCC 700392 / 26695) (Campylobacter pylori)			
O25605	unreviewed	O25605_HELPY	HP_0951	205	Helicobacter pylori (strain ATCC 700392 / 26695) (Campylobacter pylori)			
O25606	unreviewed	O25606_HELPY	HP_0952	218	Helicobacter pylori (strain ATCC 700392 / 26695) (Campylobacter pylori)	O25152		
O25607	unreviewed	O25607_HELPY	HP_0953	188	Helicobacter pylori (strain ATCC 700392 / 26695) (Campylobacter pylori)			
O25612	unreviewed	O25612_HELPY	HP_0958	254	Helicobacter pylori (strain ATCC 700392 / 26695) (Campylobacter pylori)	O25998		
O25616	unreviewed	O25616_HELPY	HP_0963	447	Helicobacter pylori (strain ATCC 700392 / 26695) (Campylobacter pylori)			
O25617	unreviewed	O25617_HELPY	HP_0964	363	Helicobacter pylori (strain ATCC 700392 / 26695) (Campylobacter pylori)			
O25618	unreviewed	O25618_HELPY	HP_0965	443	Helicobacter pylori (strain ATCC 700392 / 26695) (Campylobacter pylori)			
O25619	unreviewed	O25619_HELPY	HP_0966	549	Helicobacter pylori (strain ATCC 700392 / 26695) (Campylobacter pylori)			
O25621	unreviewed	O25621_HELPY	HP_0968	21	Helicobacter pylori (strain ATCC 700392 / 26695) (Campylobacter pylori)			
O25622	unreviewed	O25622_HELPY	HP_0969	1020	Helicobacter pylori (strain ATCC 700392 / 26695) (Campylobacter pylori)			
O25623	unreviewed	O25623_HELPY	HP_0970	359	Helicobacter pylori (strain ATCC 700392 / 26695) (Campylobacter pylori)			
O25624	unreviewed	O25624_HELPY	HP_0971	413	Helicobacter pylori (strain ATCC 700392 / 26695) (Campylobacter pylori)			
O25625	unreviewed	O25625_HELPY	HP_0973	353	Helicobacter pylori (strain ATCC 700392 / 26695) (Campylobacter pylori)			
O25628	unreviewed	O25628_HELPY	HP_0977	487	Helicobacter pylori (strain ATCC 700392 / 26695) (Campylobacter pylori)			
O25630	unreviewed	O25630_HELPY	HP_0980	100	Helicobacter pylori (strain ATCC 700392 / 26695) (Campylobacter pylori)		SUBCELLULAR LOCATION: Membrane {ECO:0000256|ARBA:ARBA00004141}; Multi-pass membrane protein {ECO:0000256|ARBA:ARBA00004141}.	
O25631	unreviewed	O25631_HELPY	HP_0981	121	Helicobacter pylori (strain ATCC 700392 / 26695) (Campylobacter pylori)			
O25632	unreviewed	O25632_HELPY	HP_0982	231	Helicobacter pylori (strain ATCC 700392 / 26695) (Campylobacter pylori)			
O25633	unreviewed	O25633_HELPY	HP_0983	274	Helicobacter pylori (strain ATCC 700392 / 26695) (Campylobacter pylori)		SUBCELLULAR LOCATION: Membrane {ECO:0000256|ARBA:ARBA00004141}; Multi-pass membrane protein {ECO:0000256|ARBA:ARBA00004141}.	
O25634	unreviewed	O25634_HELPY	HP_0984	35	Helicobacter pylori (strain ATCC 700392 / 26695) (Campylobacter pylori)			
O25635	unreviewed	O25635_HELPY	HP_0985	107	Helicobacter pylori (strain ATCC 700392 / 26695) (Campylobacter pylori)			
O25636	unreviewed	O25636_HELPY	HP_0986	237	Helicobacter pylori (strain ATCC 700392 / 26695) (Campylobacter pylori)			
O25637	unreviewed	O25637_HELPY	HP_0987	77	Helicobacter pylori (strain ATCC 700392 / 26695) (Campylobacter pylori)			
O25638	unreviewed	O25638_HELPY	HP_0990	222	Helicobacter pylori (strain ATCC 700392 / 26695) (Campylobacter pylori)			
O25639	unreviewed	O25639_HELPY	HP_0991	209	Helicobacter pylori (strain ATCC 700392 / 26695) (Campylobacter pylori)			
O25640	unreviewed	O25640_HELPY	HP_0992	79	Helicobacter pylori (strain ATCC 700392 / 26695) (Campylobacter pylori)			
O25641	unreviewed	O25641_HELPY	HP_0993	83	Helicobacter pylori (strain ATCC 700392 / 26695) (Campylobacter pylori)			
O25642	unreviewed	O25642_HELPY	HP_0994	267	Helicobacter pylori (strain ATCC 700392 / 26695) (Campylobacter pylori)			
O25643	unreviewed	O25643_HELPY	HP_0995	355	Helicobacter pylori (strain ATCC 700392 / 26695) (Campylobacter pylori)			
O25644	unreviewed	O25644_HELPY	HP_0996	600	Helicobacter pylori (strain ATCC 700392 / 26695) (Campylobacter pylori)			
O25645	unreviewed	O25645_HELPY	HP_0999	61	Helicobacter pylori (strain ATCC 700392 / 26695) (Campylobacter pylori)			
O25646	unreviewed	O25646_HELPY	HP_1000	218	Helicobacter pylori (strain ATCC 700392 / 26695) (Campylobacter pylori)			
O25647	unreviewed	O25647_HELPY	HP_1001	94	Helicobacter pylori (strain ATCC 700392 / 26695) (Campylobacter pylori)			
O25648	unreviewed	O25648_HELPY	HP_1002	394	Helicobacter pylori (strain ATCC 700392 / 26695) (Campylobacter pylori)			
O25649	unreviewed	O25649_HELPY	HP_1003	370	Helicobacter pylori (strain ATCC 700392 / 26695) (Campylobacter pylori)			
O25650	unreviewed	O25650_HELPY	HP_1004	273	Helicobacter pylori (strain ATCC 700392 / 26695) (Campylobacter pylori)			
O25651	unreviewed	O25651_HELPY	HP_1005	104	Helicobacter pylori (strain ATCC 700392 / 26695) (Campylobacter pylori)			
O25652	unreviewed	O25652_HELPY	HP_1006	177	Helicobacter pylori (strain ATCC 700392 / 26695) (Campylobacter pylori)		SUBCELLULAR LOCATION: Membrane {ECO:0000256|ARBA:ARBA00004141}; Multi-pass membrane protein {ECO:0000256|ARBA:ARBA00004141}.	
O25653	unreviewed	O25653_HELPY	HP_1009	186	Helicobacter pylori (strain ATCC 700392 / 26695) (Campylobacter pylori)			
O25658	unreviewed	O25658_HELPY	HP_1014	262	Helicobacter pylori (strain ATCC 700392 / 26695) (Campylobacter pylori)			
O25659	unreviewed	O25659_HELPY	HP_1015	168	Helicobacter pylori (strain ATCC 700392 / 26695) (Campylobacter pylori)			
O25661	unreviewed	O25661_HELPY	HP_1017	519	Helicobacter pylori (strain ATCC 700392 / 26695) (Campylobacter pylori)		SUBCELLULAR LOCATION: Membrane {ECO:0000256|ARBA:ARBA00004141}; Multi-pass membrane protein {ECO:0000256|ARBA:ARBA00004141}.	
O25662	unreviewed	O25662_HELPY	HP_1018	48	Helicobacter pylori (strain ATCC 700392 / 26695) (Campylobacter pylori)			
O25663	unreviewed	O25663_HELPY	HP_1019	443	Helicobacter pylori (strain ATCC 700392 / 26695) (Campylobacter pylori)			X-ray crystallography (2)
O25665	unreviewed	O25665_HELPY	HP_1021	298	Helicobacter pylori (strain ATCC 700392 / 26695) (Campylobacter pylori)			
O25666	unreviewed	O25666_HELPY	HP_1022	278	Helicobacter pylori (strain ATCC 700392 / 26695) (Campylobacter pylori)			
O25667	unreviewed	O25667_HELPY	HP_1023	416	Helicobacter pylori (strain ATCC 700392 / 26695) (Campylobacter pylori)			
O25668	unreviewed	O25668_HELPY	HP_1024	288	Helicobacter pylori (strain ATCC 700392 / 26695) (Campylobacter pylori)	O25669		
O25672	unreviewed	O25672_HELPY	HP_1028	165	Helicobacter pylori (strain ATCC 700392 / 26695) (Campylobacter pylori)			
O25673	unreviewed	O25673_HELPY	HP_1029	178	Helicobacter pylori (strain ATCC 700392 / 26695) (Campylobacter pylori)			X-ray crystallography (1)
O25674	unreviewed	O25674_HELPY	HP_1030	287	Helicobacter pylori (strain ATCC 700392 / 26695) (Campylobacter pylori)		SUBCELLULAR LOCATION: Membrane {ECO:0000256|ARBA:ARBA00004287}; Peripheral membrane protein {ECO:0000256|ARBA:ARBA00004287}; Cytoplasmic side {ECO:0000256|ARBA:ARBA00004287}.	X-ray crystallography (1)
O25677	unreviewed	O25677_HELPY	HP_1033	131	Helicobacter pylori (strain ATCC 700392 / 26695) (Campylobacter pylori)			
O25682	unreviewed	O25682_HELPY	HP_1039	429	Helicobacter pylori (strain ATCC 700392 / 26695) (Campylobacter pylori)		SUBCELLULAR LOCATION: Membrane {ECO:0000256|ARBA:ARBA00004141}; Multi-pass membrane protein {ECO:0000256|ARBA:ARBA00004141}.	
O25684	unreviewed	O25684_HELPY	HP_1043	223	Helicobacter pylori (strain ATCC 700392 / 26695) (Campylobacter pylori)			X-ray crystallography (1)
O25689	unreviewed	O25689_HELPY	HP_1049	89	Helicobacter pylori (strain ATCC 700392 / 26695) (Campylobacter pylori)			
O25691	unreviewed	O25691_HELPY	HP_1051	140	Helicobacter pylori (strain ATCC 700392 / 26695) (Campylobacter pylori)			
O25694	unreviewed	O25694_HELPY	HP_1054	422	Helicobacter pylori (strain ATCC 700392 / 26695) (Campylobacter pylori)			
O25695	unreviewed	O25695_HELPY	HP_1055	314	Helicobacter pylori (strain ATCC 700392 / 26695) (Campylobacter pylori)			
O25696	unreviewed	O25696_HELPY	HP_1056	284	Helicobacter pylori (strain ATCC 700392 / 26695) (Campylobacter pylori)			
O25697	unreviewed	O25697_HELPY	HP_1057	240	Helicobacter pylori (strain ATCC 700392 / 26695) (Campylobacter pylori)			
O25704	unreviewed	O25704_HELPY	HP_1064	93	Helicobacter pylori (strain ATCC 700392 / 26695) (Campylobacter pylori)			
O25705	unreviewed	O25705_HELPY	HP_1065	135	Helicobacter pylori (strain ATCC 700392 / 26695) (Campylobacter pylori)			
O25706	unreviewed	O25706_HELPY	HP_1066	200	Helicobacter pylori (strain ATCC 700392 / 26695) (Campylobacter pylori)			
O25707	unreviewed	O25707_HELPY	HP_1074	262	Helicobacter pylori (strain ATCC 700392 / 26695) (Campylobacter pylori)			
O25708	unreviewed	O25708_HELPY	HP_1075	438	Helicobacter pylori (strain ATCC 700392 / 26695) (Campylobacter pylori)			X-ray crystallography (5)
O25709	unreviewed	O25709_HELPY	HP_1076	171	Helicobacter pylori (strain ATCC 700392 / 26695) (Campylobacter pylori)	O25448		X-ray crystallography (3)
O25710	unreviewed	O25710_HELPY	HP_1078	228	Helicobacter pylori (strain ATCC 700392 / 26695) (Campylobacter pylori)			
O25712	unreviewed	O25712_HELPY	HP_1080	189	Helicobacter pylori (strain ATCC 700392 / 26695) (Campylobacter pylori)			
O25713	unreviewed	O25713_HELPY	HP_1081	207	Helicobacter pylori (strain ATCC 700392 / 26695) (Campylobacter pylori)			
O25714	unreviewed	O25714_HELPY	HP_1082	551	Helicobacter pylori (strain ATCC 700392 / 26695) (Campylobacter pylori)		SUBCELLULAR LOCATION: Membrane {ECO:0000256|ARBA:ARBA00004141}; Multi-pass membrane protein {ECO:0000256|ARBA:ARBA00004141}.	
O25715	unreviewed	O25715_HELPY	HP_1083	479	Helicobacter pylori (strain ATCC 700392 / 26695) (Campylobacter pylori)			
O25717	unreviewed	O25717_HELPY	HP_1085	171	Helicobacter pylori (strain ATCC 700392 / 26695) (Campylobacter pylori)			
O25718	unreviewed	O25718_HELPY	HP_1086	235	Helicobacter pylori (strain ATCC 700392 / 26695) (Campylobacter pylori)			
O25721	unreviewed	O25721_HELPY	HP_1089	778	Helicobacter pylori (strain ATCC 700392 / 26695) (Campylobacter pylori)			
O25723	unreviewed	O25723_HELPY	HP_1091	426	Helicobacter pylori (strain ATCC 700392 / 26695) (Campylobacter pylori)		SUBCELLULAR LOCATION: Membrane {ECO:0000256|ARBA:ARBA00004141}; Multi-pass membrane protein {ECO:0000256|ARBA:ARBA00004141}.	
O25724	unreviewed	O25724_HELPY	HP_1092	269	Helicobacter pylori (strain ATCC 700392 / 26695) (Campylobacter pylori)		SUBCELLULAR LOCATION: Bacterial flagellum basal body {ECO:0000256|RuleBase:RU362116}.	
O25725	unreviewed	O25725_HELPY	HP_1093	28	Helicobacter pylori (strain ATCC 700392 / 26695) (Campylobacter pylori)			
O25726	unreviewed	O25726_HELPY	HP_1094	118	Helicobacter pylori (strain ATCC 700392 / 26695) (Campylobacter pylori)			
O25727	unreviewed	O25727_HELPY	HP_1097	31	Helicobacter pylori (strain ATCC 700392 / 26695) (Campylobacter pylori)			
O25729	unreviewed	O25729_HELPY	HP_1099	208	Helicobacter pylori (strain ATCC 700392 / 26695) (Campylobacter pylori)			
O25732	unreviewed	O25732_HELPY	HP_1104	348	Helicobacter pylori (strain ATCC 700392 / 26695) (Campylobacter pylori)			
O25733	unreviewed	O25733_HELPY	HP_1105	431	Helicobacter pylori (strain ATCC 700392 / 26695) (Campylobacter pylori)			
O25734	unreviewed	O25734_HELPY	HP_1106	435	Helicobacter pylori (strain ATCC 700392 / 26695) (Campylobacter pylori)			
O25735	unreviewed	O25735_HELPY	HP_1107	230	Helicobacter pylori (strain ATCC 700392 / 26695) (Campylobacter pylori)			
O25736	unreviewed	O25736_HELPY	HP_1108	186	Helicobacter pylori (strain ATCC 700392 / 26695) (Campylobacter pylori)			
O25737	unreviewed	O25737_HELPY	HP_1109	130	Helicobacter pylori (strain ATCC 700392 / 26695) (Campylobacter pylori)			
O25738	unreviewed	O25738_HELPY	HP_1110	407	Helicobacter pylori (strain ATCC 700392 / 26695) (Campylobacter pylori)			
O25739	unreviewed	O25739_HELPY	HP_1111	314	Helicobacter pylori (strain ATCC 700392 / 26695) (Campylobacter pylori)			
O25740	unreviewed	O25740_HELPY	HP_1113	277	Helicobacter pylori (strain ATCC 700392 / 26695) (Campylobacter pylori)			
O25741	unreviewed	O25741_HELPY	HP_1115	228	Helicobacter pylori (strain ATCC 700392 / 26695) (Campylobacter pylori)			
O25745	unreviewed	O25745_HELPY	HP_1120	144	Helicobacter pylori (strain ATCC 700392 / 26695) (Campylobacter pylori)			
O25747	unreviewed	O25747_HELPY	HP_1122	76	Helicobacter pylori (strain ATCC 700392 / 26695) (Campylobacter pylori)	O06758; O25676		
O25749	unreviewed	O25749_HELPY	HP_1124	331	Helicobacter pylori (strain ATCC 700392 / 26695) (Campylobacter pylori)			
O25750	unreviewed	O25750_HELPY	HP_1125	179	Helicobacter pylori (strain ATCC 700392 / 26695) (Campylobacter pylori)			
O25752	unreviewed	O25752_HELPY	HP_1127	193	Helicobacter pylori (strain ATCC 700392 / 26695) (Campylobacter pylori)			
O25753	unreviewed	O25753_HELPY	HP_1128	84	Helicobacter pylori (strain ATCC 700392 / 26695) (Campylobacter pylori)			
O25755	reviewed	EXBL1_HELPY	HP_1130	189	Helicobacter pylori (strain ATCC 700392 / 26695) (Campylobacter pylori)		SUBCELLULAR LOCATION: Cell inner membrane {ECO:0000305}; Multi-pass membrane protein {ECO:0000305}.	
O25756	unreviewed	O25756_HELPY	HP_1135	180	Helicobacter pylori (strain ATCC 700392 / 26695) (Campylobacter pylori)			
O25759	unreviewed	O25759_HELPY	HP_1139	264	Helicobacter pylori (strain ATCC 700392 / 26695) (Campylobacter pylori)			X-ray crystallography (6)
O25760	unreviewed	O25760_HELPY	HP_1140	212	Helicobacter pylori (strain ATCC 700392 / 26695) (Campylobacter pylori)			
O25761	unreviewed	O25761_HELPY	HP_1142	759	Helicobacter pylori (strain ATCC 700392 / 26695) (Campylobacter pylori)			
O25762	unreviewed	O25762_HELPY	HP_1143	433	Helicobacter pylori (strain ATCC 700392 / 26695) (Campylobacter pylori)			
O25763	unreviewed	O25763_HELPY	HP_1144	85	Helicobacter pylori (strain ATCC 700392 / 26695) (Campylobacter pylori)			
O25764	unreviewed	O25764_HELPY	HP_1145	103	Helicobacter pylori (strain ATCC 700392 / 26695) (Campylobacter pylori)			
O25765	unreviewed	O25765_HELPY	HP_1146	169	Helicobacter pylori (strain ATCC 700392 / 26695) (Campylobacter pylori)			
O25768	unreviewed	O25768_HELPY	HP_1150	115	Helicobacter pylori (strain ATCC 700392 / 26695) (Campylobacter pylori)	O25990		
O25771	unreviewed	O25771_HELPY	HP_1156	696	Helicobacter pylori (strain ATCC 700392 / 26695) (Campylobacter pylori)			
O25772	unreviewed	O25772_HELPY	HP_1157	1230	Helicobacter pylori (strain ATCC 700392 / 26695) (Campylobacter pylori)	P0A0V6		
O25777	unreviewed	O25777_HELPY	HP_1162	204	Helicobacter pylori (strain ATCC 700392 / 26695) (Campylobacter pylori)			
O25778	unreviewed	O25778_HELPY	HP_1163	63	Helicobacter pylori (strain ATCC 700392 / 26695) (Campylobacter pylori)			
O25779	unreviewed	O25779_HELPY	HP_1164	324	Helicobacter pylori (strain ATCC 700392 / 26695) (Campylobacter pylori)			
O25780	unreviewed	O25780_HELPY	HP_1165	386	Helicobacter pylori (strain ATCC 700392 / 26695) (Campylobacter pylori)			
O25782	unreviewed	O25782_HELPY	HP_1167	471	Helicobacter pylori (strain ATCC 700392 / 26695) (Campylobacter pylori)			
O25783	unreviewed	O25783_HELPY	HP_1169	217	Helicobacter pylori (strain ATCC 700392 / 26695) (Campylobacter pylori)		SUBCELLULAR LOCATION: Cell membrane {ECO:0000256|RuleBase:RU363032}; Multi-pass membrane protein {ECO:0000256|RuleBase:RU363032}. Membrane {ECO:0000256|ARBA:ARBA00004141}; Multi-pass membrane protein {ECO:0000256|ARBA:ARBA00004141}.	
O25784	unreviewed	O25784_HELPY	HP_1170	223	Helicobacter pylori (strain ATCC 700392 / 26695) (Campylobacter pylori)		SUBCELLULAR LOCATION: Cell membrane {ECO:0000256|RuleBase:RU363032}; Multi-pass membrane protein {ECO:0000256|RuleBase:RU363032}. Membrane {ECO:0000256|ARBA:ARBA00004141}; Multi-pass membrane protein {ECO:0000256|ARBA:ARBA00004141}.	
O25785	unreviewed	O25785_HELPY	HP_1171	248	Helicobacter pylori (strain ATCC 700392 / 26695) (Campylobacter pylori)			
O25786	unreviewed	O25786_HELPY	HP_1172	277	Helicobacter pylori (strain ATCC 700392 / 26695) (Campylobacter pylori)			
O25787	unreviewed	O25787_HELPY	HP_1173	183	Helicobacter pylori (strain ATCC 700392 / 26695) (Campylobacter pylori)			
O25789	unreviewed	O25789_HELPY	HP_1175	435	Helicobacter pylori (strain ATCC 700392 / 26695) (Campylobacter pylori)		SUBCELLULAR LOCATION: Membrane {ECO:0000256|ARBA:ARBA00004141}; Multi-pass membrane protein {ECO:0000256|ARBA:ARBA00004141}.	
O25790	unreviewed	O25790_HELPY	HP_1176	34	Helicobacter pylori (strain ATCC 700392 / 26695) (Campylobacter pylori)			
O25791	unreviewed	O25791_HELPY	HP_1177	641	Helicobacter pylori (strain ATCC 700392 / 26695) (Campylobacter pylori)			
O25793	unreviewed	O25793_HELPY	HP_1181	443	Helicobacter pylori (strain ATCC 700392 / 26695) (Campylobacter pylori)		SUBCELLULAR LOCATION: Membrane {ECO:0000256|ARBA:ARBA00004141}; Multi-pass membrane protein {ECO:0000256|ARBA:ARBA00004141}.	
O25794	unreviewed	O25794_HELPY	HP_1182	253	Helicobacter pylori (strain ATCC 700392 / 26695) (Campylobacter pylori)			
O25795	unreviewed	O25795_HELPY	HP_1183	383	Helicobacter pylori (strain ATCC 700392 / 26695) (Campylobacter pylori)		SUBCELLULAR LOCATION: Membrane {ECO:0000256|ARBA:ARBA00004141}; Multi-pass membrane protein {ECO:0000256|ARBA:ARBA00004141}.	
O25798	unreviewed	O25798_HELPY	HP_1186	202	Helicobacter pylori (strain ATCC 700392 / 26695) (Campylobacter pylori)			
O25799	unreviewed	O25799_HELPY	HP_1187	385	Helicobacter pylori (strain ATCC 700392 / 26695) (Campylobacter pylori)			
O25800	unreviewed	O25800_HELPY	HP_1188	269	Helicobacter pylori (strain ATCC 700392 / 26695) (Campylobacter pylori)			
O25803	unreviewed	O25803_HELPY	HP_1192	93	Helicobacter pylori (strain ATCC 700392 / 26695) (Campylobacter pylori)			
O25804	unreviewed	O25804_HELPY	HP_1193	329	Helicobacter pylori (strain ATCC 700392 / 26695) (Campylobacter pylori)			
O25805	unreviewed	O25805_HELPY	HP_1194	28	Helicobacter pylori (strain ATCC 700392 / 26695) (Campylobacter pylori)			
O25807	unreviewed	O25807_HELPY	HP_1206	578	Helicobacter pylori (strain ATCC 700392 / 26695) (Campylobacter pylori)		SUBCELLULAR LOCATION: Membrane {ECO:0000256|ARBA:ARBA00004141}; Multi-pass membrane protein {ECO:0000256|ARBA:ARBA00004141}.	
O25808	unreviewed	O25808_HELPY	HP_1207	222	Helicobacter pylori (strain ATCC 700392 / 26695) (Campylobacter pylori)			
O25810	unreviewed	O25810_HELPY	HP_1209	172	Helicobacter pylori (strain ATCC 700392 / 26695) (Campylobacter pylori)			
O25811	unreviewed	O25811_HELPY	HP_1211	81	Helicobacter pylori (strain ATCC 700392 / 26695) (Campylobacter pylori)			
O25813	unreviewed	O25813_HELPY	HP_1214	240	Helicobacter pylori (strain ATCC 700392 / 26695) (Campylobacter pylori)			
O25814	unreviewed	O25814_HELPY	HP_1215	80	Helicobacter pylori (strain ATCC 700392 / 26695) (Campylobacter pylori)			
O25815	unreviewed	O25815_HELPY	HP_1216	660	Helicobacter pylori (strain ATCC 700392 / 26695) (Campylobacter pylori)			
O25816	unreviewed	O25816_HELPY	HP_1217	159	Helicobacter pylori (strain ATCC 700392 / 26695) (Campylobacter pylori)		SUBCELLULAR LOCATION: Membrane {ECO:0000256|ARBA:ARBA00004141}; Multi-pass membrane protein {ECO:0000256|ARBA:ARBA00004141}.	
O25818	unreviewed	O25818_HELPY	HP_1219	63	Helicobacter pylori (strain ATCC 700392 / 26695) (Campylobacter pylori)			
O25819	unreviewed	O25819_HELPY	HP_1220	228	Helicobacter pylori (strain ATCC 700392 / 26695) (Campylobacter pylori)			
O25821	unreviewed	O25821_HELPY	HP_1223	110	Helicobacter pylori (strain ATCC 700392 / 26695) (Campylobacter pylori)			NMR spectroscopy (1)
O25829	unreviewed	O25829_HELPY	HP_1231	218	Helicobacter pylori (strain ATCC 700392 / 26695) (Campylobacter pylori)	O25842		
O25831	unreviewed	O25831_HELPY	HP_1233	153	Helicobacter pylori (strain ATCC 700392 / 26695) (Campylobacter pylori)			
O25833	unreviewed	O25833_HELPY	HP_1235	415	Helicobacter pylori (strain ATCC 700392 / 26695) (Campylobacter pylori)			
O25834	unreviewed	O25834_HELPY	HP_1236	183	Helicobacter pylori (strain ATCC 700392 / 26695) (Campylobacter pylori)			
O25837	unreviewed	O25837_HELPY	HP_1239	29	Helicobacter pylori (strain ATCC 700392 / 26695) (Campylobacter pylori)			
O25839	unreviewed	O25839_HELPY	HP_1242	76	Helicobacter pylori (strain ATCC 700392 / 26695) (Campylobacter pylori)			NMR spectroscopy (1)
O25840	unreviewed	O25840_HELPY	HP_1243	733	Helicobacter pylori (strain ATCC 700392 / 26695) (Campylobacter pylori)			
O25843	unreviewed	O25843_HELPY	HP_1250	192	Helicobacter pylori (strain ATCC 700392 / 26695) (Campylobacter pylori)			
O25844	unreviewed	O25844_HELPY	HP_1251	348	Helicobacter pylori (strain ATCC 700392 / 26695) (Campylobacter pylori)		SUBCELLULAR LOCATION: Cell membrane {ECO:0000256|RuleBase:RU363032}; Multi-pass membrane protein {ECO:0000256|RuleBase:RU363032}. Membrane {ECO:0000256|ARBA:ARBA00004141}; Multi-pass membrane protein {ECO:0000256|ARBA:ARBA00004141}.	
O25845	unreviewed	O25845_HELPY	HP_1252	594	Helicobacter pylori (strain ATCC 700392 / 26695) (Campylobacter pylori)			
O25846	unreviewed	O25846_HELPY	HP_1254	240	Helicobacter pylori (strain ATCC 700392 / 26695) (Campylobacter pylori)			
O25848	unreviewed	O25848_HELPY	HP_1258	154	Helicobacter pylori (strain ATCC 700392 / 26695) (Campylobacter pylori)		SUBCELLULAR LOCATION: Membrane {ECO:0000256|ARBA:ARBA00004141}; Multi-pass membrane protein {ECO:0000256|ARBA:ARBA00004141}.	
O25854	unreviewed	O25854_HELPY	HP_1264	76	Helicobacter pylori (strain ATCC 700392 / 26695) (Campylobacter pylori)			NMR spectroscopy (1)
O25855	unreviewed	O25855_HELPY	HP_1265	328	Helicobacter pylori (strain ATCC 700392 / 26695) (Campylobacter pylori)			
O25856	unreviewed	O25856_HELPY	HP_1266	844	Helicobacter pylori (strain ATCC 700392 / 26695) (Campylobacter pylori)			
O25861	unreviewed	O25861_HELPY	HP_1271	612	Helicobacter pylori (strain ATCC 700392 / 26695) (Campylobacter pylori)		SUBCELLULAR LOCATION: Membrane {ECO:0000256|ARBA:ARBA00004141, ECO:0000256|RuleBase:RU000320}; Multi-pass membrane protein {ECO:0000256|ARBA:ARBA00004141, ECO:0000256|RuleBase:RU000320}.	
O25862	unreviewed	O25862_HELPY	HP_1272	512	Helicobacter pylori (strain ATCC 700392 / 26695) (Campylobacter pylori)		SUBCELLULAR LOCATION: Membrane {ECO:0000256|ARBA:ARBA00004141, ECO:0000256|RuleBase:RU000320}; Multi-pass membrane protein {ECO:0000256|ARBA:ARBA00004141, ECO:0000256|RuleBase:RU000320}.	
O25864	unreviewed	O25864_HELPY	HP_1274	801	Helicobacter pylori (strain ATCC 700392 / 26695) (Campylobacter pylori)			
O25865	unreviewed	O25865_HELPY	HP_1275	459	Helicobacter pylori (strain ATCC 700392 / 26695) (Campylobacter pylori)			
O25866	unreviewed	O25866_HELPY	HP_1276	94	Helicobacter pylori (strain ATCC 700392 / 26695) (Campylobacter pylori)			
O25870	unreviewed	O25870_HELPY	HP_1283	485	Helicobacter pylori (strain ATCC 700392 / 26695) (Campylobacter pylori)			
O25871	unreviewed	O25871_HELPY	HP_1284	346	Helicobacter pylori (strain ATCC 700392 / 26695) (Campylobacter pylori)			
O25872	unreviewed	O25872_HELPY	HP_1285	230	Helicobacter pylori (strain ATCC 700392 / 26695) (Campylobacter pylori)			
O25873	unreviewed	O25873_HELPY	HP_1286	182	Helicobacter pylori (strain ATCC 700392 / 26695) (Campylobacter pylori)			
O25875	unreviewed	O25875_HELPY	HP_1288	132	Helicobacter pylori (strain ATCC 700392 / 26695) (Campylobacter pylori)			
O25876	unreviewed	O25876_HELPY	HP_1289	161	Helicobacter pylori (strain ATCC 700392 / 26695) (Campylobacter pylori)			
O25877	unreviewed	O25877_HELPY	HP_1290	220	Helicobacter pylori (strain ATCC 700392 / 26695) (Campylobacter pylori)		SUBCELLULAR LOCATION: Membrane {ECO:0000256|ARBA:ARBA00004141}; Multi-pass membrane protein {ECO:0000256|ARBA:ARBA00004141}.	
O25878	unreviewed	O25878_HELPY	HP_1291	204	Helicobacter pylori (strain ATCC 700392 / 26695) (Campylobacter pylori)			
O25880	unreviewed	O25880_HELPY	HP_1321	377	Helicobacter pylori (strain ATCC 700392 / 26695) (Campylobacter pylori)			
O25881	unreviewed	O25881_HELPY	HP_1322	201	Helicobacter pylori (strain ATCC 700392 / 26695) (Campylobacter pylori)			
O25882	unreviewed	O25882_HELPY	HP_1324	83	Helicobacter pylori (strain ATCC 700392 / 26695) (Campylobacter pylori)			
O25884	unreviewed	O25884_HELPY	HP_1326	125	Helicobacter pylori (strain ATCC 700392 / 26695) (Campylobacter pylori)			
O25886	unreviewed	O25886_HELPY	HP_1328	338	Helicobacter pylori (strain ATCC 700392 / 26695) (Campylobacter pylori)			
O25887	unreviewed	O25887_HELPY	HP_1329	1035	Helicobacter pylori (strain ATCC 700392 / 26695) (Campylobacter pylori)			
O25888	reviewed	Y1330_HELPY	HP_1330	115	Helicobacter pylori (strain ATCC 700392 / 26695) (Campylobacter pylori)		SUBCELLULAR LOCATION: Cell membrane {ECO:0000305}; Multi-pass membrane protein {ECO:0000305}.	
O25889	reviewed	Y1331_HELPY	HP_1331	228	Helicobacter pylori (strain ATCC 700392 / 26695) (Campylobacter pylori)		SUBCELLULAR LOCATION: Cell membrane {ECO:0000305}; Multi-pass membrane protein {ECO:0000305}.	
O25891	unreviewed	O25891_HELPY	HP_1333	382	Helicobacter pylori (strain ATCC 700392 / 26695) (Campylobacter pylori)			
O25892	unreviewed	O25892_HELPY	HP_1334	224	Helicobacter pylori (strain ATCC 700392 / 26695) (Campylobacter pylori)			
O25894	unreviewed	O25894_HELPY	HP_1336	253	Helicobacter pylori (strain ATCC 700392 / 26695) (Campylobacter pylori)			
O25900	unreviewed	O25900_HELPY	HP_1343	242	Helicobacter pylori (strain ATCC 700392 / 26695) (Campylobacter pylori)			
O25904	unreviewed	O25904_HELPY	HP_1349	387	Helicobacter pylori (strain ATCC 700392 / 26695) (Campylobacter pylori)			
O25905	unreviewed	O25905_HELPY	HP_1350	459	Helicobacter pylori (strain ATCC 700392 / 26695) (Campylobacter pylori)			
O25906	unreviewed	O25906_HELPY	HP_1351	290	Helicobacter pylori (strain ATCC 700392 / 26695) (Campylobacter pylori)			
O25908	unreviewed	O25908_HELPY	HP_1354	835	Helicobacter pylori (strain ATCC 700392 / 26695) (Campylobacter pylori)			
O25912	unreviewed	O25912_HELPY	HP_1358	168	Helicobacter pylori (strain ATCC 700392 / 26695) (Campylobacter pylori)			
O25913	unreviewed	O25913_HELPY	HP_1359	183	Helicobacter pylori (strain ATCC 700392 / 26695) (Campylobacter pylori)			
O25914	unreviewed	O25914_HELPY	HP_1360	294	Helicobacter pylori (strain ATCC 700392 / 26695) (Campylobacter pylori)			
O25915	unreviewed	O25915_HELPY	HP_1361	417	Helicobacter pylori (strain ATCC 700392 / 26695) (Campylobacter pylori)		SUBCELLULAR LOCATION: Membrane {ECO:0000256|ARBA:ARBA00004141}; Multi-pass membrane protein {ECO:0000256|ARBA:ARBA00004141}.	
O25919	unreviewed	O25919_HELPY	HP_1366	423	Helicobacter pylori (strain ATCC 700392 / 26695) (Campylobacter pylori)			
O25922	unreviewed	O25922_HELPY	HP_1370	288	Helicobacter pylori (strain ATCC 700392 / 26695) (Campylobacter pylori)			
O25923	unreviewed	O25923_HELPY	HP_1371	968	Helicobacter pylori (strain ATCC 700392 / 26695) (Campylobacter pylori)			
O25924	unreviewed	O25924_HELPY	HP_1372	248	Helicobacter pylori (strain ATCC 700392 / 26695) (Campylobacter pylori)			X-ray crystallography (1)
O25931	unreviewed	O25931_HELPY	HP_1380	265	Helicobacter pylori (strain ATCC 700392 / 26695) (Campylobacter pylori)			
O25932	unreviewed	O25932_HELPY	HP_1381	77	Helicobacter pylori (strain ATCC 700392 / 26695) (Campylobacter pylori)			
O25933	unreviewed	O25933_HELPY	HP_1382	130	Helicobacter pylori (strain ATCC 700392 / 26695) (Campylobacter pylori)			
O25934	unreviewed	O25934_HELPY	HP_1383	160	Helicobacter pylori (strain ATCC 700392 / 26695) (Campylobacter pylori)			
O25935	unreviewed	O25935_HELPY	HP_1384	68	Helicobacter pylori (strain ATCC 700392 / 26695) (Campylobacter pylori)			
O25937	unreviewed	O25937_HELPY	HP_1387	350	Helicobacter pylori (strain ATCC 700392 / 26695) (Campylobacter pylori)			
O25938	unreviewed	O25938_HELPY	HP_1388	149	Helicobacter pylori (strain ATCC 700392 / 26695) (Campylobacter pylori)			
O25939	unreviewed	O25939_HELPY	HP_1389	60	Helicobacter pylori (strain ATCC 700392 / 26695) (Campylobacter pylori)			
O25940	unreviewed	O25940_HELPY	HP_1390	166	Helicobacter pylori (strain ATCC 700392 / 26695) (Campylobacter pylori)			
O25941	unreviewed	O25941_HELPY	HP_1391	98	Helicobacter pylori (strain ATCC 700392 / 26695) (Campylobacter pylori)			
O25942	unreviewed	O25942_HELPY	HP_1392	435	Helicobacter pylori (strain ATCC 700392 / 26695) (Campylobacter pylori)			
O25945	unreviewed	O25945_HELPY	HP_1395	242	Helicobacter pylori (strain ATCC 700392 / 26695) (Campylobacter pylori)			
O25946	unreviewed	O25946_HELPY	HP_1396	288	Helicobacter pylori (strain ATCC 700392 / 26695) (Campylobacter pylori)			
O25947	unreviewed	O25947_HELPY	HP_1397	271	Helicobacter pylori (strain ATCC 700392 / 26695) (Campylobacter pylori)			
O25948	unreviewed	O25948_HELPY	HP_1398	380	Helicobacter pylori (strain ATCC 700392 / 26695) (Campylobacter pylori)			
O25950	unreviewed	O25950_HELPY	HP_1400	842	Helicobacter pylori (strain ATCC 700392 / 26695) (Campylobacter pylori)		SUBCELLULAR LOCATION: Cell outer membrane {ECO:0000256|ARBA:ARBA00004571, ECO:0000256|PROSITE-ProRule:PRU01360}; Multi-pass membrane protein {ECO:0000256|ARBA:ARBA00004571, ECO:0000256|PROSITE-ProRule:PRU01360}. Membrane {ECO:0000256|ARBA:ARBA00004141}; Multi-pass membrane protein {ECO:0000256|ARBA:ARBA00004141}.	
O25951	unreviewed	O25951_HELPY	HP_1401	235	Helicobacter pylori (strain ATCC 700392 / 26695) (Campylobacter pylori)			
O25954	unreviewed	O25954_HELPY	HP_1404	96	Helicobacter pylori (strain ATCC 700392 / 26695) (Campylobacter pylori)			
O25955	unreviewed	O25955_HELPY	HP_1405	34	Helicobacter pylori (strain ATCC 700392 / 26695) (Campylobacter pylori)			
O25957	unreviewed	O25957_HELPY	HP_1407	292	Helicobacter pylori (strain ATCC 700392 / 26695) (Campylobacter pylori)		SUBCELLULAR LOCATION: Membrane {ECO:0000256|ARBA:ARBA00004141}; Multi-pass membrane protein {ECO:0000256|ARBA:ARBA00004141}.	
O25958	unreviewed	O25958_HELPY	HP_1410	394	Helicobacter pylori (strain ATCC 700392 / 26695) (Campylobacter pylori)			
O25962	unreviewed	O25962_HELPY	HP_1416	367	Helicobacter pylori (strain ATCC 700392 / 26695) (Campylobacter pylori)			
O25965	unreviewed	O25965_HELPY	HP_1421	304	Helicobacter pylori (strain ATCC 700392 / 26695) (Campylobacter pylori)			
O25966	reviewed	Y1423_HELPY	HP_1423	84	Helicobacter pylori (strain ATCC 700392 / 26695) (Campylobacter pylori)			NMR spectroscopy (1)
O25967	unreviewed	O25967_HELPY	HP_1424	206	Helicobacter pylori (strain ATCC 700392 / 26695) (Campylobacter pylori)			
O25968	unreviewed	O25968_HELPY	HP_1425	75	Helicobacter pylori (strain ATCC 700392 / 26695) (Campylobacter pylori)			
O25969	unreviewed	O25969_HELPY	HP_1426	180	Helicobacter pylori (strain ATCC 700392 / 26695) (Campylobacter pylori)			
O25973	unreviewed	O25973_HELPY	HP_1432	72	Helicobacter pylori (strain ATCC 700392 / 26695) (Campylobacter pylori)			
O25974	unreviewed	O25974_HELPY	HP_1433	856	Helicobacter pylori (strain ATCC 700392 / 26695) (Campylobacter pylori)			
O25976	unreviewed	O25976_HELPY	HP_1435	292	Helicobacter pylori (strain ATCC 700392 / 26695) (Campylobacter pylori)			
O25977	unreviewed	O25977_HELPY	HP_1436	82	Helicobacter pylori (strain ATCC 700392 / 26695) (Campylobacter pylori)			
O25978	unreviewed	O25978_HELPY	HP_1437	239	Helicobacter pylori (strain ATCC 700392 / 26695) (Campylobacter pylori)			
O25979	unreviewed	O25979_HELPY	HP_1438	338	Helicobacter pylori (strain ATCC 700392 / 26695) (Campylobacter pylori)			
O25980	unreviewed	O25980_HELPY	HP_1439	81	Helicobacter pylori (strain ATCC 700392 / 26695) (Campylobacter pylori)			
O25981	unreviewed	O25981_HELPY	HP_1440	259	Helicobacter pylori (strain ATCC 700392 / 26695) (Campylobacter pylori)			
O25988	reviewed	YIDD_HELPY	HP_1449	117	Helicobacter pylori (strain ATCC 700392 / 26695) (Campylobacter pylori)		SUBCELLULAR LOCATION: Cell inner membrane {ECO:0000255|HAMAP-Rule:MF_00386}; Peripheral membrane protein {ECO:0000255|HAMAP-Rule:MF_00386}; Cytoplasmic side {ECO:0000255|HAMAP-Rule:MF_00386}.	
O25992	unreviewed	O25992_HELPY	HP_1453	746	Helicobacter pylori (strain ATCC 700392 / 26695) (Campylobacter pylori)			
O25993	unreviewed	O25993_HELPY	HP_1454	303	Helicobacter pylori (strain ATCC 700392 / 26695) (Campylobacter pylori)			
O25994	unreviewed	O25994_HELPY	HP_1455	130	Helicobacter pylori (strain ATCC 700392 / 26695) (Campylobacter pylori)			
O25995	unreviewed	O25995_HELPY	HP_1457	210	Helicobacter pylori (strain ATCC 700392 / 26695) (Campylobacter pylori)			
O25996	unreviewed	O25996_HELPY	HP_1458	104	Helicobacter pylori (strain ATCC 700392 / 26695) (Campylobacter pylori)			
O25998	unreviewed	O25998_HELPY	HP_1462	172	Helicobacter pylori (strain ATCC 700392 / 26695) (Campylobacter pylori)	O25612		
O25999	unreviewed	O25999_HELPY	HP_1463	225	Helicobacter pylori (strain ATCC 700392 / 26695) (Campylobacter pylori)			
O26000	unreviewed	O26000_HELPY	HP_1464	271	Helicobacter pylori (strain ATCC 700392 / 26695) (Campylobacter pylori)			
O26001	unreviewed	O26001_HELPY	HP_1465	261	Helicobacter pylori (strain ATCC 700392 / 26695) (Campylobacter pylori)			
O26002	unreviewed	O26002_HELPY	HP_1466	377	Helicobacter pylori (strain ATCC 700392 / 26695) (Campylobacter pylori)			
O26003	unreviewed	O26003_HELPY	HP_1467	231	Helicobacter pylori (strain ATCC 700392 / 26695) (Campylobacter pylori)			
O26005	unreviewed	O26005_HELPY	HP_1469	248	Helicobacter pylori (strain ATCC 700392 / 26695) (Campylobacter pylori)			
O26006	unreviewed	O26006_HELPY	HP_1471	397	Helicobacter pylori (strain ATCC 700392 / 26695) (Campylobacter pylori)			
O26008	unreviewed	O26008_HELPY	HP_1473	191	Helicobacter pylori (strain ATCC 700392 / 26695) (Campylobacter pylori)			X-ray crystallography (1)
O26015	unreviewed	O26015_HELPY	HP_1481	265	Helicobacter pylori (strain ATCC 700392 / 26695) (Campylobacter pylori)			
O26019	unreviewed	O26019_HELPY	HP_1485	190	Helicobacter pylori (strain ATCC 700392 / 26695) (Campylobacter pylori)			
O26020	unreviewed	O26020_HELPY	HP_1486	376	Helicobacter pylori (strain ATCC 700392 / 26695) (Campylobacter pylori)		SUBCELLULAR LOCATION: Membrane {ECO:0000256|ARBA:ARBA00004141}; Multi-pass membrane protein {ECO:0000256|ARBA:ARBA00004141}.	
O26021	unreviewed	O26021_HELPY	HP_1487	365	Helicobacter pylori (strain ATCC 700392 / 26695) (Campylobacter pylori)		SUBCELLULAR LOCATION: Membrane {ECO:0000256|ARBA:ARBA00004141}; Multi-pass membrane protein {ECO:0000256|ARBA:ARBA00004141}.	
O26022	unreviewed	O26022_HELPY	HP_1489	510	Helicobacter pylori (strain ATCC 700392 / 26695) (Campylobacter pylori)			
O26023	unreviewed	O26023_HELPY	HP_1490	449	Helicobacter pylori (strain ATCC 700392 / 26695) (Campylobacter pylori)		SUBCELLULAR LOCATION: Cell membrane {ECO:0000256|ARBA:ARBA00004651}; Multi-pass membrane protein {ECO:0000256|ARBA:ARBA00004651}. Membrane {ECO:0000256|ARBA:ARBA00004141}; Multi-pass membrane protein {ECO:0000256|ARBA:ARBA00004141}.	
O26025	unreviewed	O26025_HELPY	HP_1492	89	Helicobacter pylori (strain ATCC 700392 / 26695) (Campylobacter pylori)			
O26026	unreviewed	O26026_HELPY	HP_1493	203	Helicobacter pylori (strain ATCC 700392 / 26695) (Campylobacter pylori)			
O26028	unreviewed	O26028_HELPY	HP_1498	355	Helicobacter pylori (strain ATCC 700392 / 26695) (Campylobacter pylori)		SUBCELLULAR LOCATION: Membrane {ECO:0000256|ARBA:ARBA00004141}; Multi-pass membrane protein {ECO:0000256|ARBA:ARBA00004141}.	
O26029	unreviewed	O26029_HELPY	HP_1499	272	Helicobacter pylori (strain ATCC 700392 / 26695) (Campylobacter pylori)			
O26030	unreviewed	O26030_HELPY	HP_1500	23	Helicobacter pylori (strain ATCC 700392 / 26695) (Campylobacter pylori)			
O26031	unreviewed	O26031_HELPY	HP_1501	388	Helicobacter pylori (strain ATCC 700392 / 26695) (Campylobacter pylori)			
O26032	unreviewed	O26032_HELPY	HP_1502	145	Helicobacter pylori (strain ATCC 700392 / 26695) (Campylobacter pylori)			
O26034	unreviewed	O26034_HELPY	HP_1504	238	Helicobacter pylori (strain ATCC 700392 / 26695) (Campylobacter pylori)			
O26037	unreviewed	O26037_HELPY	HP_1507	385	Helicobacter pylori (strain ATCC 700392 / 26695) (Campylobacter pylori)			
O26038	unreviewed	O26038_HELPY	HP_1508	458	Helicobacter pylori (strain ATCC 700392 / 26695) (Campylobacter pylori)			
O26040	unreviewed	O26040_HELPY	HP_1510	117	Helicobacter pylori (strain ATCC 700392 / 26695) (Campylobacter pylori)			
O26041	unreviewed	O26041_HELPY	HP_1511	108	Helicobacter pylori (strain ATCC 700392 / 26695) (Campylobacter pylori)			
O26042	unreviewed	O26042_HELPY	HP_1512	877	Helicobacter pylori (strain ATCC 700392 / 26695) (Campylobacter pylori)		SUBCELLULAR LOCATION: Cell outer membrane {ECO:0000256|ARBA:ARBA00004571, ECO:0000256|PROSITE-ProRule:PRU01360}; Multi-pass membrane protein {ECO:0000256|ARBA:ARBA00004571, ECO:0000256|PROSITE-ProRule:PRU01360}. Membrane {ECO:0000256|ARBA:ARBA00004141}; Multi-pass membrane protein {ECO:0000256|ARBA:ARBA00004141}.	
O26044	unreviewed	O26044_HELPY	HP_1515	30	Helicobacter pylori (strain ATCC 700392 / 26695) (Campylobacter pylori)			
O26045	unreviewed	O26045_HELPY	HP_1516	179	Helicobacter pylori (strain ATCC 700392 / 26695) (Campylobacter pylori)			
O26047	unreviewed	O26047_HELPY	HP_1518	95	Helicobacter pylori (strain ATCC 700392 / 26695) (Campylobacter pylori)			
O26048	unreviewed	O26048_HELPY	HP_1519	250	Helicobacter pylori (strain ATCC 700392 / 26695) (Campylobacter pylori)			
O26049	unreviewed	O26049_HELPY	HP_1520	430	Helicobacter pylori (strain ATCC 700392 / 26695) (Campylobacter pylori)			
O26050	unreviewed	O26050_HELPY	HP_1521	967	Helicobacter pylori (strain ATCC 700392 / 26695) (Campylobacter pylori)			
O26052	unreviewed	O26052_HELPY	HP_1524	115	Helicobacter pylori (strain ATCC 700392 / 26695) (Campylobacter pylori)			
O26053	unreviewed	O26053_HELPY	HP_1525	211	Helicobacter pylori (strain ATCC 700392 / 26695) (Campylobacter pylori)			
O26055	unreviewed	O26055_HELPY	HP_1527	479	Helicobacter pylori (strain ATCC 700392 / 26695) (Campylobacter pylori)			
O26056	unreviewed	O26056_HELPY	HP_1528	25	Helicobacter pylori (strain ATCC 700392 / 26695) (Campylobacter pylori)			
O26058	unreviewed	O26058_HELPY	HP_1530	180	Helicobacter pylori (strain ATCC 700392 / 26695) (Campylobacter pylori)	O34461		
O26062	unreviewed	O26062_HELPY	HP_1536	18	Helicobacter pylori (strain ATCC 700392 / 26695) (Campylobacter pylori)			
O26063	unreviewed	O26063_HELPY	HP_1537	228	Helicobacter pylori (strain ATCC 700392 / 26695) (Campylobacter pylori)			
O26064	unreviewed	O26064_HELPY	HP_1539	412	Helicobacter pylori (strain ATCC 700392 / 26695) (Campylobacter pylori)		SUBCELLULAR LOCATION: Membrane {ECO:0000256|ARBA:ARBA00004141}; Multi-pass membrane protein {ECO:0000256|ARBA:ARBA00004141}.	
O26065	unreviewed	O26065_HELPY	HP_1540	167	Helicobacter pylori (strain ATCC 700392 / 26695) (Campylobacter pylori)			
O26067	unreviewed	O26067_HELPY	HP_1542	136	Helicobacter pylori (strain ATCC 700392 / 26695) (Campylobacter pylori)	O25063		
O26068	unreviewed	O26068_HELPY	HP_1543	312	Helicobacter pylori (strain ATCC 700392 / 26695) (Campylobacter pylori)			X-ray crystallography (2)
O26069	unreviewed	O26069_HELPY	HP_1544	308	Helicobacter pylori (strain ATCC 700392 / 26695) (Campylobacter pylori)			X-ray crystallography (3)
O26071	unreviewed	O26071_HELPY	HP_1546	170	Helicobacter pylori (strain ATCC 700392 / 26695) (Campylobacter pylori)			
O26072	unreviewed	O26072_HELPY	HP_1548	112	Helicobacter pylori (strain ATCC 700392 / 26695) (Campylobacter pylori)			
O26078	unreviewed	O26078_HELPY	HP_1556	615	Helicobacter pylori (strain ATCC 700392 / 26695) (Campylobacter pylori)			
O26080	unreviewed	O26080_HELPY	HP_1558	161	Helicobacter pylori (strain ATCC 700392 / 26695) (Campylobacter pylori)		SUBCELLULAR LOCATION: Bacterial flagellum basal body {ECO:0000256|RuleBase:RU362062}.	
O26082	unreviewed	O26082_HELPY	HP_1561	335	Helicobacter pylori (strain ATCC 700392 / 26695) (Campylobacter pylori)			
O26083	unreviewed	O26083_HELPY	HP_1562	333	Helicobacter pylori (strain ATCC 700392 / 26695) (Campylobacter pylori)			
O26084	unreviewed	O26084_HELPY	HP_1564	271	Helicobacter pylori (strain ATCC 700392 / 26695) (Campylobacter pylori)		SUBCELLULAR LOCATION: Membrane {ECO:0000256|ARBA:ARBA00004635}; Lipid-anchor {ECO:0000256|ARBA:ARBA00004635}.	
O26085	unreviewed	O26085_HELPY	HP_1565	588	Helicobacter pylori (strain ATCC 700392 / 26695) (Campylobacter pylori)		SUBCELLULAR LOCATION: Membrane {ECO:0000256|ARBA:ARBA00004167}; Single-pass membrane protein {ECO:0000256|ARBA:ARBA00004167}.	X-ray crystallography (2)
O26086	unreviewed	O26086_HELPY	HP_1566	147	Helicobacter pylori (strain ATCC 700392 / 26695) (Campylobacter pylori)			
O26088	unreviewed	O26088_HELPY	HP_1568	183	Helicobacter pylori (strain ATCC 700392 / 26695) (Campylobacter pylori)			
O26089	unreviewed	O26089_HELPY	HP_1569	197	Helicobacter pylori (strain ATCC 700392 / 26695) (Campylobacter pylori)			
O26092	unreviewed	O26092_HELPY	HP_1572	372	Helicobacter pylori (strain ATCC 700392 / 26695) (Campylobacter pylori)			
O26093	unreviewed	O26093_HELPY	HP_1573	254	Helicobacter pylori (strain ATCC 700392 / 26695) (Campylobacter pylori)			
O26095	unreviewed	O26095_HELPY	HP_1575	90	Helicobacter pylori (strain ATCC 700392 / 26695) (Campylobacter pylori)			
O26097	unreviewed	O26097_HELPY	HP_1577	215	Helicobacter pylori (strain ATCC 700392 / 26695) (Campylobacter pylori)		SUBCELLULAR LOCATION: Cell membrane {ECO:0000256|RuleBase:RU363032}; Multi-pass membrane protein {ECO:0000256|RuleBase:RU363032}.	
O26098	unreviewed	O26098_HELPY	HP_1578	372	Helicobacter pylori (strain ATCC 700392 / 26695) (Campylobacter pylori)			
O26099	unreviewed	O26099_HELPY	HP_1579	142	Helicobacter pylori (strain ATCC 700392 / 26695) (Campylobacter pylori)			
O26100	unreviewed	O26100_HELPY	HP_1580	220	Helicobacter pylori (strain ATCC 700392 / 26695) (Campylobacter pylori)			
O26104	unreviewed	O26104_HELPY	HP_1585	262	Helicobacter pylori (strain ATCC 700392 / 26695) (Campylobacter pylori)		SUBCELLULAR LOCATION: Bacterial flagellum basal body {ECO:0000256|ARBA:ARBA00004117, ECO:0000256|RuleBase:RU362116}.	
O26105	unreviewed	O26105_HELPY	HP_1586	112	Helicobacter pylori (strain ATCC 700392 / 26695) (Campylobacter pylori)			
O26106	reviewed	Y1587_HELPY	HP_1587	209	Helicobacter pylori (strain ATCC 700392 / 26695) (Campylobacter pylori)			
O26107	reviewed	Y1588_HELPY	HP_1588	253	Helicobacter pylori (strain ATCC 700392 / 26695) (Campylobacter pylori)			
O26108	unreviewed	O26108_HELPY	HP_1590	39	Helicobacter pylori (strain ATCC 700392 / 26695) (Campylobacter pylori)			
O34410	unreviewed	O34410_HELPY	HP_0488 HP_1116	957	Helicobacter pylori (strain ATCC 700392 / 26695) (Campylobacter pylori)			
O34461	unreviewed	O34461_HELPY	HP_0424 HP_1411	619	Helicobacter pylori (strain ATCC 700392 / 26695) (Campylobacter pylori)	O25261; O25546; O26058; O24926		
O34491	unreviewed	O34491_HELPY	HP_0438 HP_0997 HP_1095	427	Helicobacter pylori (strain ATCC 700392 / 26695) (Campylobacter pylori)			
O34523	unreviewed	O34523_HELPY	HP_0227 HP_1342	691	Helicobacter pylori (strain ATCC 700392 / 26695) (Campylobacter pylori)			
O34540	unreviewed	O34540_HELPY	HP_0427 HP_1408	111	Helicobacter pylori (strain ATCC 700392 / 26695) (Campylobacter pylori)			
O34550	unreviewed	O34550_HELPY	HP_0414 HP_1008	138	Helicobacter pylori (strain ATCC 700392 / 26695) (Campylobacter pylori)			
O34754	unreviewed	O34754_HELPY	HP_0437 HP_0988 HP_0998 HP_1096 HP_1535	142	Helicobacter pylori (strain ATCC 700392 / 26695) (Campylobacter pylori)	P55993		
O34810	unreviewed	O34810_HELPY	HP_0426 HP_1409	578	Helicobacter pylori (strain ATCC 700392 / 26695) (Campylobacter pylori)	Q09068		
O34945	unreviewed	O34945_HELPY	HP_0989 HP_1534	427	Helicobacter pylori (strain ATCC 700392 / 26695) (Campylobacter pylori)			
O34995	unreviewed	O34995_HELPY	HP_0423 HP_1412	308	Helicobacter pylori (strain ATCC 700392 / 26695) (Campylobacter pylori)			
O87326	reviewed	TRL_HELPY	trl HP_0945.1	86	Helicobacter pylori (strain ATCC 700392 / 26695) (Campylobacter pylori)			
P56132	reviewed	Y274_HELPY	HP_0274	132	Helicobacter pylori (strain ATCC 700392 / 26695) (Campylobacter pylori)			
P57798	reviewed	FEOA_HELPY	HP_0585.1	76	Helicobacter pylori (strain ATCC 700392 / 26695) (Campylobacter pylori)			
P64649	reviewed	Y031_HELPY	HP_0031	137	Helicobacter pylori (strain ATCC 700392 / 26695) (Campylobacter pylori)			
P64651	reviewed	Y085_HELPY	HP_0085	62	Helicobacter pylori (strain ATCC 700392 / 26695) (Campylobacter pylori)		SUBCELLULAR LOCATION: Membrane {ECO:0000305}; Single-pass membrane protein {ECO:0000305}.	
P64653	reviewed	Y122_HELPY	HP_0122	43	Helicobacter pylori (strain ATCC 700392 / 26695) (Campylobacter pylori)			
P64655	reviewed	Y135_HELPY	HP_0135	44	Helicobacter pylori (strain ATCC 700392 / 26695) (Campylobacter pylori)			
P64657	reviewed	Y245_HELPY	HP_0245	105	Helicobacter pylori (strain ATCC 700392 / 26695) (Campylobacter pylori)			
P64659	reviewed	Y386_HELPY	HP_0386	78	Helicobacter pylori (strain ATCC 700392 / 26695) (Campylobacter pylori)			
P64661	reviewed	Y560_HELPY	HP_0560	26	Helicobacter pylori (strain ATCC 700392 / 26695) (Campylobacter pylori)		SUBCELLULAR LOCATION: Membrane {ECO:0000305}; Single-pass membrane protein {ECO:0000305}.	
P64663	reviewed	Y664_HELPY	HP_0664	171	Helicobacter pylori (strain ATCC 700392 / 26695) (Campylobacter pylori)			
P64665	reviewed	Y1531_HELPY	HP_1531	79	Helicobacter pylori (strain ATCC 700392 / 26695) (Campylobacter pylori)			X-ray crystallography (1)
P96541	unreviewed	P96541_HELPY	HP_0467	115	Helicobacter pylori (strain ATCC 700392 / 26695) (Campylobacter pylori)			
Q9WXL5	reviewed	Y451_HELPY	HP_0451	94	Helicobacter pylori (strain ATCC 700392 / 26695) (Campylobacter pylori)			
